Indicator,Index,Value
y_value_p2,5,15.590856516880258
y_value_p2,10,24.882246014959875
y_value_p2,15,26.370319584344852
y_value_p2,20,10.288753861972182
y_value_p2,25,30.96065814395901
y_value_p2,30,8.158369457339388
y_value_p2,35,19.230963767285484
y_value_p2,40,16.74422883689948
y_value_p2,45,23.355832635677316
y_value_p2,50,15.120144223828248
y_value_p2,60,18.268796259620537
y_value_p2,65,31.68556858624437
y_value_p2,75,26.157375536795254
y_value_p2,80,12.909505882730713
y_value_p2,85,12.280972386182418
y_value_p2,90,22.8390840243392
y_value_p2,100,13.342526492834477
y_value_p2,105,19.31032325771501
y_value_p2,110,20.30031428261551
y_value_p2,115,16.967281935918294
y_value_p2,120,20.904593453791904
y_value_p2,125,17.674707393396005
y_value_p2,130,15.146268404532654
y_value_p2,135,24.839264977742715
y_value_p2,145,13.679931248065722
y_value_p2,155,21.108628406996324
y_value_p2,160,10.074667050636087
y_value_p2,175,25.365474995179483
y_value_p2,180,5.675233194585634
y_value_p2,185,25.777977610774197
y_value_p2,190,15.814543065103884
y_value_p2,195,17.515668094118055
y_value_p2,200,16.640984569523816
y_value_p2,205,25.815384137076435
y_value_p2,215,18.344373627413155
y_value_p2,225,16.27778168402809
y_value_p2,230,16.89209190446492
y_value_p2,235,23.914332793485627
y_value_p2,245,9.521396414379208
y_value_p2,250,17.97393400321121
y_value_p2,255,9.364900862210858
y_value_p2,260,10.46190901951217
y_value_p2,265,19.95945960265348
y_value_p2,275,26.050817537581796
y_value_p2,285,25.61269329640912
y_value_p2,290,21.489317938215937
y_value_p2,295,19.590777452255708
y_value_p2,300,22.93609996039457
y_value_p2,305,18.69964061476501
y_value_p2,310,21.30103204353164
y_value_p2,315,23.50453405185177
y_value_p2,325,18.6824741694148
y_value_p2,330,26.91023378812704
y_value_p2,335,7.607637123239829
y_value_p2,345,19.69055682905433
y_value_p2,350,19.598828145260924
y_value_p2,355,26.75986735778697
y_value_p2,360,17.361343841776836
y_value_p2,365,19.239018424757106
y_value_p2,370,14.955307476212097
y_value_p2,375,25.462369656726658
y_value_p2,380,24.819188670008216
y_value_p2,385,17.669428487826053
y_value_p2,390,21.439425433654407
y_value_p2,395,26.889201500572707
y_value_p2,400,13.059449700959414
y_value_p2,405,30.45992375619053
y_value_p2,410,22.867770287909263
y_value_p2,415,21.15567923112144
y_value_p2,425,18.87970014468033
y_value_p2,430,20.882578119100607
y_value_p2,435,24.07383694971766
y_value_p2,440,23.274955284569785
y_value_p2,445,18.431666461588115
y_value_p2,450,21.127312317682858
y_value_p2,455,31.328802752468658
y_value_p2,460,23.76581532174071
y_value_p2,465,25.660288781644617
y_value_p2,470,12.328618319491865
y_value_p2,475,22.09768011008947
y_value_p2,480,15.549495994810634
y_value_p2,485,18.36740761631236
y_value_p2,495,24.41800864181393
y_value_p2,500,35.07329684918641
y_value_p2,505,11.869283784869374
y_value_p2,510,36.03622257891015
y_value_p2,515,19.64291478877421
y_value_p2,525,23.25463497495917
y_value_p2,530,28.725566550103267
y_value_p2,535,9.873664283019757
y_value_p2,540,25.027833665646693
y_value_p2,545,9.09619201700719
y_value_p2,550,16.680355538503477
y_value_p2,555,15.821649556061171
y_value_p2,560,13.054320415773011
y_value_p2,565,20.0987371941659
y_value_p2,575,20.326753711225088
y_value_p2,580,24.896734785695397
y_value_p2,585,28.055286929767853
y_value_p2,590,16.383167851594955
y_value_p2,595,21.83703628056976
y_value_p2,600,23.862713714017588
y_value_p2,610,14.083803938092762
y_value_p2,615,14.85253999032459
y_value_p2,620,9.275744859744387
y_value_p2,625,23.60322862674795
y_value_p2,640,26.450717070919836
y_value_p2,650,12.306661681391384
y_value_p2,655,19.443539536289663
y_value_p2,665,20.17264389768329
y_value_p2,675,24.001957480016276
y_value_p2,680,11.548334430001368
y_value_p2,685,30.795956140914605
y_value_p2,695,14.160124914924925
y_value_p2,700,20.82078404426668
y_value_p2,705,18.724972083236292
y_value_p2,710,8.821335258313535
y_value_p2,715,12.32694377159842
y_value_p2,725,27.14487151833039
y_value_p2,730,8.289976366433088
y_value_p2,740,24.52953776294496
y_value_p2,745,22.722994709950683
y_value_p2,760,30.22391252457169
y_value_p2,765,10.374746840105823
y_value_p2,770,19.49186372010788
y_value_p2,775,19.00695110418807
y_value_p2,780,15.080170567418373
y_value_p2,790,11.73407505565446
y_value_p2,800,11.281805036619172
y_value_p2,805,18.949881118290055
y_value_p2,810,17.849515699708135
y_value_p2,820,26.73934600839935
y_value_p2,825,20.0676960256794
y_value_p2,830,19.302170437586188
y_value_p2,835,23.151994573599623
y_value_p2,845,16.809819572161217
y_value_p2,850,21.597736720439592
y_value_p2,855,13.228607147721467
y_value_p2,860,24.26545560412646
y_value_p2,865,15.448127153658232
y_value_p2,875,27.899100417787903
y_value_p2,885,10.721466830616478
y_value_p2,890,24.779147954044376
y_value_p2,905,15.36895890826976
y_value_p2,910,19.4827447172327
y_value_p2,915,30.115859969752485
y_value_p2,925,13.972943743187969
y_value_p2,940,22.72746522352322
y_value_p2,945,14.481720067207872
y_value_p2,950,30.204095776466588
y_value_p2,955,14.403180201583975
y_value_p2,960,21.536479548047645
y_value_p2,970,15.093096511503926
y_value_p2,985,18.327322625498685
y_value_p2,990,16.748152473087877
y_value_p2,995,22.33381199868458
y_value_p2,1000,14.810382024447646
y_value_p2,1010,11.754450454927747
y_value_p2,1015,14.966763221537107
y_value_p2,1020,13.493159498389192
y_value_p2,1025,24.67778683847468
y_value_p2,1030,7.359038047013087
y_value_p2,1035,19.154927730134496
y_value_p2,1040,19.48475973558257
y_value_p2,1045,17.55402758067239
y_value_p2,1060,11.004477306136469
y_value_p2,1065,19.19133237604538
y_value_p2,1070,11.908702032978672
y_value_p2,1075,19.552051404084736
y_value_p2,1080,22.30599141117125
y_value_p2,1085,9.04084674522299
y_value_p2,1090,18.20772955324295
y_value_p2,1095,12.974199093442149
y_value_p2,1100,14.472733953491849
y_value_p2,1105,17.871211440098932
y_value_p2,1110,17.175718425870954
y_value_p2,1115,16.2288046181922
y_value_p2,1125,10.174608046549809
y_value_p2,1130,27.907036574320177
y_value_p2,1135,3.043622535799785
y_value_p2,1140,18.377031137066115
y_value_p2,1145,18.957988580416995
y_value_p2,1150,16.414156163262682
y_value_p2,1165,18.221973347629707
y_value_p2,1170,10.13428574465046
y_value_p2,1175,11.268585200665935
y_value_p2,1180,22.5562728147032
y_value_p2,1185,12.615918095343048
y_value_p2,1190,16.400287825559467
y_value_p2,1195,12.955293166806504
y_value_p2,1200,22.875365807277998
y_value_p2,1210,15.550088733292403
y_value_p2,1215,14.61038152283681
y_value_p2,1220,10.606112348983306
y_value_p2,1225,28.50180053722949
y_value_p2,1230,9.389952814330991
y_value_p2,1235,6.394279529192173
y_value_p2,1240,28.08621025877093
y_value_p2,1245,14.7170314188217
y_value_p2,1250,21.749806839751127
y_value_p2,1260,30.511706442041728
y_value_p2,1270,21.58317588625936
y_value_p2,1275,15.126990330702451
y_value_p2,1280,10.301142644611016
y_value_p2,1285,21.63206887878137
y_value_p2,1305,25.402655984273693
y_value_p2,1310,21.85657021935657
y_value_p2,1315,16.526913974012977
y_value_p2,1320,21.665809152330983
y_value_p2,1325,23.24832088901292
y_value_p2,1330,11.096696086864714
y_value_p2,1335,11.98553563472944
y_value_p2,1340,25.33721029799377
y_value_p2,1345,8.205135246918054
y_value_p2,1355,7.912352856397522
y_value_p2,1360,10.090589962516804
y_value_p2,1365,13.952988675967152
y_value_p2,1370,12.427192875241824
y_value_p2,1375,5.874360446537461
y_value_p2,1380,25.54349075792172
y_value_p2,1385,17.393161132110606
y_value_p2,1390,22.27741200616056
y_value_p2,1395,10.985965592961245
y_value_p2,1400,10.160566320022854
y_value_p2,1405,13.40240370085865
y_value_p2,1410,15.836961621652913
y_value_p2,1415,17.13995323870736
y_value_p2,1420,19.994002927069864
y_value_p2,1425,21.2717254702285
y_value_p2,1430,21.69117834345736
y_value_p2,1435,16.801698677001696
y_value_p2,1440,18.81789098644216
y_value_p2,1445,21.340585677287397
y_value_p2,1450,18.28410769405377
y_value_p2,1455,22.389727936982208
y_value_p2,1465,16.85211155652749
y_value_p2,1470,22.93364871970229
y_value_p2,1475,13.071567792751692
y_value_p2,1480,19.064355612301
y_value_p2,1485,18.73472046582495
y_value_p2,1490,8.259306615149194
y_value_p2,1495,24.197493608271817
y_value_p2,1500,5.420013879666869
y_value_p2,1505,27.446619980886624
y_value_p2,1510,5.427310807447792
y_value_p2,1515,19.53664054748294
y_value_p2,1520,5.840343210571763
y_value_p2,1525,14.934964851208054
y_value_p2,1530,9.185887384856745
y_value_p2,1535,23.10378395718527
y_value_p2,1550,17.46982926201141
y_value_p2,1555,12.075255629002076
y_value_p2,1560,15.193015660740205
y_value_p2,1565,17.803330530615888
y_value_p2,1570,3.9634644024475416
y_value_p2,1575,12.48171239117235
y_value_p2,1580,12.822948538414312
y_value_p2,1595,22.927923088992337
y_value_p2,1605,17.840099180667842
y_value_p2,1610,15.195684165900976
y_value_p2,1615,32.6039719819047
y_value_p2,1620,22.853301634537388
y_value_p2,1625,33.718638307053936
y_value_p2,1630,26.058736080299543
y_value_p2,1635,14.949339682177133
y_value_p2,1640,17.659839899834623
y_value_p2,1650,11.982849567771554
y_value_p2,1655,31.878061120316005
y_value_p2,1660,12.623649348831366
y_value_p2,1665,19.66809136115829
y_value_p2,1670,23.75843006062801
y_value_p2,1675,16.719651858025543
y_value_p2,1680,19.38201392139108
y_value_p2,1685,10.086615252195168
y_value_p2,1695,12.223503430901518
y_value_p2,1705,25.13314094291679
y_value_p2,1710,18.222678390566763
y_value_p2,1720,9.299805625455358
y_value_p2,1725,26.78549849739607
y_value_p2,1730,10.61109866014246
y_value_p2,1735,22.14616981439137
y_value_p2,1740,9.080373914746048
y_value_p2,1750,27.518651672956373
y_value_p2,1760,23.843364731333907
y_value_p2,1765,9.06053926937755
y_value_p2,1770,19.434523987478684
y_value_p2,1785,22.57982162957649
y_value_p2,1790,19.95570871315354
y_value_p2,1795,21.155123359072743
y_value_p2,1805,24.18862260856688
y_value_p2,1810,26.7856663974822
y_value_p2,1830,27.69962508305665
y_value_p2,1835,20.692992302632888
y_value_p2,1840,14.890468562782468
y_value_p2,1845,23.688993879501997
y_value_p2,1850,14.36798856014029
y_value_p2,1855,14.700735162816112
y_value_p2,1860,23.849395045660373
y_value_p2,1865,20.609233273896717
y_value_p2,1870,12.217873059928625
y_value_p2,1875,14.64416680482694
y_value_p2,1880,11.816898374420322
y_value_p2,1885,19.12191349498284
y_value_p2,1890,26.15633239229457
y_value_p2,1895,8.255211689344335
y_value_p2,1900,14.848046851391071
y_value_p2,1905,10.770863125275744
y_value_p2,1910,14.55861308508528
y_value_p2,1915,21.39641923346992
y_value_p2,1925,23.797065321444272
y_value_p2,1935,26.395943840828423
y_value_p2,1940,17.92048904955763
y_value_p2,1945,16.162796333711626
y_value_p2,1950,26.518968973972065
y_value_p2,1955,12.997975691950623
y_value_p2,1960,26.37855608171648
y_value_p2,1965,8.190989101106876
y_value_p2,1970,20.489420964393613
y_value_p2,1975,13.0861551263459
y_value_p2,1980,27.264715334835948
y_value_p2,1990,20.227351857541507
y_value_p2,2005,20.32968969604969
y_value_p2,2010,21.34447540600637
y_value_p2,2015,15.655003546641002
y_value_p2,2020,16.97091475759087
y_value_p2,2025,24.419340197771703
y_value_p2,2030,10.866690619681007
y_value_p2,2035,24.794984520490367
y_value_p2,2045,12.658307567500644
y_value_p2,2050,23.5033920818174
y_value_p2,2055,13.712378510009804
y_value_p2,2060,11.415343436793613
y_value_p2,2065,19.90989729748678
y_value_p2,2070,12.955245252098283
y_value_p2,2075,11.869232644817412
y_value_p2,2085,14.702192053025668
y_value_p2,2090,8.847656247614896
y_value_p2,2095,16.065561024525593
y_value_p2,2100,10.410957903337094
y_value_p2,2105,18.455224717206107
y_value_p2,2115,25.65980354545762
y_value_p2,2120,10.785365765682675
y_value_p2,2125,17.239650658156975
y_value_p2,2130,19.02029940306356
y_value_p2,2135,13.72706552801381
y_value_p2,2140,21.571081193045718
y_value_p2,2145,9.557512976413443
y_value_p2,2150,16.334876356379944
y_value_p2,2155,10.345734744759136
y_value_p2,2160,14.312475797853844
y_value_p2,2175,11.855774786957388
y_value_p2,2180,12.366787498383095
y_value_p2,2185,7.784776056961853
y_value_p2,2190,12.001703372710075
y_value_p2,2195,13.249237287131953
y_value_p2,2205,14.40293794231088
y_value_p2,2220,29.59985987266793
y_value_p2,2225,12.881428197615216
y_value_p2,2230,15.593321273112236
y_value_p2,2240,23.24074234967285
y_value_p2,2245,13.108344449988444
y_value_p2,2250,15.649534118396971
y_value_p2,2260,26.09362532536949
y_value_p2,2265,17.193213120046927
y_value_p2,2270,19.006302559912847
y_value_p2,2275,14.545938060259472
y_value_p2,2280,21.93951471941353
y_value_p2,2285,10.112950741723797
y_value_p2,2290,22.976137167306177
y_value_p2,2305,8.07852849190014
y_value_p2,2310,19.851124192100684
y_value_p2,2315,17.209436644280352
y_value_p2,2325,13.56001190148349
y_value_p2,2335,11.82238204867301
y_value_p2,2340,11.067376338063596
y_value_p2,2345,17.637919667565193
y_value_p2,2350,18.10843032320552
y_value_p2,2360,8.739322102570661
y_value_p2,2380,20.537090139983285
y_value_p2,2385,7.324899676699756
y_value_p2,2390,23.300361155667
y_value_p2,2395,13.671686034122407
y_value_p2,2405,17.435099094735484
y_value_p2,2415,22.618579006600704
y_value_p2,2420,10.777873404539028
y_value_p2,2425,8.781034023236638
y_value_p2,2430,24.91487602657664
y_value_p2,2435,5.153960998908609
y_value_p2,2440,19.082792313235004
y_value_p2,2445,15.169146369140806
y_value_p2,2450,19.00059907994231
y_value_p2,2455,8.863777747273547
y_value_p2,2460,19.39282961740983
y_value_p2,2465,9.822098676405927
y_value_p2,2470,11.714368487756712
y_value_p2,2475,16.427577262809248
y_value_p2,2480,13.00872273549468
y_value_p2,2485,21.590748744135585
y_value_p2,2490,8.486938700968066
y_value_p2,2495,27.16487164280424
y_value_p2,2500,14.206466359886043
y_value_p2,2505,19.995208284625303
y_value_p2,2510,14.245070580965114
y_value_p2,2515,15.278691490992705
y_value_p2,2520,18.882584335444243
y_value_p2,2525,19.93610341549801
y_value_p2,2530,23.62130593248723
y_value_p2,2535,12.381600539872595
y_value_p2,2540,8.570754425369106
y_value_p2,2545,25.441555340256567
y_value_p2,2550,17.346312089492425
y_value_p2,2555,24.85480289769827
y_value_p2,2560,5.759224071568486
y_value_p2,2565,19.356131200381228
y_value_p2,2570,11.325559858772149
y_value_p2,2575,24.183599451186964
y_value_p2,2580,15.13495944538392
y_value_p2,2585,18.885098387043
y_value_p2,2590,13.459417534533747
y_value_p2,2595,19.59735280478519
y_value_p2,2600,20.824535928707984
y_value_p2,2605,1.849490619860916
y_value_p2,2610,22.7429647537623
y_value_p2,2615,13.833038833055518
y_value_p2,2620,20.6890897216309
y_value_p2,2625,9.087302650005997
y_value_p2,2630,24.51421588857415
y_value_p2,2635,18.95699669938083
y_value_p2,2640,21.84166585157445
y_value_p2,2645,15.285015432753156
y_value_p2,2650,19.03491699646227
y_value_p2,2655,16.927548779692543
y_value_p2,2660,25.65154019977256
y_value_p2,2665,24.138058170810737
y_value_p2,2670,17.50040490276632
y_value_p2,2675,21.91553273564264
y_value_p2,2680,27.77448571844137
y_value_p2,2685,17.53395215087194
y_value_p2,2690,15.04466833737838
y_value_p2,2695,26.775377706496464
y_value_p2,2700,22.086256419190264
y_value_p2,2705,12.51741818689844
y_value_p2,2710,25.681779841726065
y_value_p2,2715,12.744103395928072
y_value_p2,2720,20.043290138487336
y_value_p2,2725,11.893308431974932
y_value_p2,2730,19.12033467391524
y_value_p2,2735,22.54876529080369
y_value_p2,2740,16.106436920005546
y_value_p2,2745,22.60166329453564
y_value_p2,2750,11.036559543178702
y_value_p2,2755,15.247668028555792
y_value_p2,2760,12.582149999267363
y_value_p2,2765,25.231356840695184
y_value_p2,2770,21.517391409696373
y_value_p2,2775,19.207682792316355
y_value_p2,2780,27.39479009380017
y_value_p2,2785,19.451755302127918
y_value_p2,2790,24.14064880374384
y_value_p2,2795,12.471114219661882
y_value_p2,2800,20.5476642575179
y_value_p2,2805,27.62598779505458
y_value_p2,2810,16.8932254231423
y_value_p2,2815,27.4752690807276
y_value_p2,2820,12.22104683435259
y_value_p2,2825,19.42933361937326
y_value_p2,2830,21.848089016928263
y_value_p2,2835,31.698282830890967
y_value_p2,2840,22.869183132327706
y_value_p2,2845,19.69834592106104
y_value_p2,2850,34.89880285850318
y_value_p2,2855,20.875728630896177
y_value_p2,2860,31.5036285144844
y_value_p2,2865,14.249703091904989
y_value_p2,2870,26.26876175083035
y_value_p2,2875,11.585177000900618
y_value_p2,2880,22.41337458667556
y_value_p2,2885,16.295426417520666
y_value_p2,2890,23.416838035231187
y_value_p2,2895,21.7018230670696
y_value_p2,2900,25.578896294921343
y_value_p2,2905,22.55084272787814
y_value_p2,2910,17.052091515079404
y_value_p2,2915,15.613480802014074
y_value_p2,2920,30.727210607606573
y_value_p2,2925,32.82171149494255
y_value_p2,2930,25.99960960360115
y_value_p2,2935,5.931166824218892
y_value_p2,2940,27.91945060646961
y_value_p2,2945,14.138943902505334
y_value_p2,2950,28.35770367938865
y_value_p2,2955,5.896565992810815
y_value_p2,2960,16.0037166844508
y_value_p2,2965,23.621741415277093
y_value_p2,2970,14.439226583699943
y_value_p2,2975,27.763903626280037
y_value_p2,2980,15.573866084116183
y_value_p2,2985,17.718009083272584
y_value_p2,2990,23.459464997062767
y_value_p2,2995,31.127658176389478
y_value_p2,3000,15.743512800801009
y_value_p2,3005,26.97710350259475
y_value_p2,3010,6.313050698790206
y_value_p2,3015,30.061729145308583
y_value_p2,3020,12.197332653798249
y_value_p2,3025,23.97540148112067
y_value_p2,3030,17.331987641396708
y_value_p2,3035,20.36630268200478
y_value_p2,3040,23.553644723281785
y_value_p2,3045,14.425534957541355
y_value_p2,3050,18.525395534393528
y_value_p2,3055,11.66739104162067
y_value_p2,3060,26.269950191396557
y_value_p2,3065,11.512557840725227
y_value_p2,3070,20.591501305503662
y_value_p2,3075,9.154631515578656
y_value_p2,3080,29.488437225923867
y_value_p2,3085,6.533062101426177
y_value_p2,3090,27.817527647444532
y_value_p2,3095,14.774260526666774
y_value_p2,3100,31.238249866374566
y_value_p2,3105,21.68989607212152
y_value_p2,3110,20.139518028452223
y_value_p2,3115,22.539015266612864
y_value_p2,3120,15.60787615634274
y_value_p2,3125,18.360099039547265
y_value_p2,3130,28.18630166598951
y_value_p2,3135,22.68881461094993
y_value_p2,3140,12.687646682281748
y_value_p2,3145,34.007806281852815
y_value_p2,3150,20.66505737029264
y_value_p2,3155,16.682012129006605
y_value_p2,3160,22.16504583285733
y_value_p2,3165,22.68152331063027
y_value_p2,3170,17.34040862176392
y_value_p2,3175,23.6679188906499
y_value_p2,3180,10.559799985775571
y_value_p2,3185,27.09651311219202
y_value_p2,3190,6.869091246236545
y_value_p2,3195,16.507670037769273
y_value_p2,3200,11.006530200269632
y_value_p2,3205,23.08698538415026
y_value_p2,3210,24.258731224287978
y_value_p2,3215,26.38391632614879
y_value_p2,3220,26.64974453709348
y_value_p2,3225,24.50948481529022
y_value_p2,3230,10.58347275514081
y_value_p2,3235,19.472241800961257
y_value_p2,3240,14.95303014023324
y_value_p2,3245,17.463210431680622
y_value_p2,3250,13.08751785511324
y_value_p2,3255,17.478680530559103
y_value_p2,3260,18.662835038921003
y_value_p2,3265,24.43685127744658
y_value_p2,3270,11.312670189388069
y_value_p2,3275,19.670062173579787
y_value_p2,3280,15.488063190653536
y_value_p2,3285,20.834763180078387
y_value_p2,3290,13.326245165087029
y_value_p2,3295,30.97339614470956
y_value_p2,3300,14.548609223217428
y_value_p2,3305,37.01569743832595
y_value_p2,3310,19.852102622907736
y_value_p2,3315,28.674372154043915
y_value_p2,3320,22.72387063178854
y_value_p2,3325,24.06561143673892
y_value_p2,3330,14.024321097692823
y_value_p2,3335,21.27820590091084
y_value_p2,3340,16.483582221754972
y_value_p2,3345,27.10252832888348
y_value_p2,3350,4.989397331881785
y_value_p2,3355,23.496807847708787
y_value_p2,3360,14.063970216618884
y_value_p2,3365,35.25238187669419
y_value_p2,3370,19.566875639794542
y_value_p2,3375,26.076860188454155
y_value_p2,3380,14.82373523174603
y_value_p2,3385,29.242620622369408
y_value_p2,3390,18.191719698940886
y_value_p2,3395,23.59298412997392
y_value_p2,3400,21.92724076058723
y_value_p2,3405,22.065334035994088
y_value_p2,3410,26.125109756400757
y_value_p2,3415,13.022841805927078
y_value_p2,3420,30.4648961813082
y_value_p2,3425,22.910065994892648
y_value_p2,3430,27.38412455733355
y_value_p2,3435,8.211051118969195
y_value_p2,3440,19.628291495293
y_value_p2,3445,26.799923352283987
y_value_p2,3450,19.646159213367383
y_value_p2,3455,18.93144984531214
y_value_p2,3460,16.128928888121358
y_value_p2,3465,11.747383117760258
y_value_p2,3470,21.48110565404687
y_value_p2,3475,23.61232791678441
y_value_p2,3480,9.137770759612737
y_value_p2,3485,28.054151348383456
y_value_p2,3490,16.48638376326739
y_value_p2,3495,18.08114046437192
y_value_p2,3500,11.965804651432402
y_value_p2,3505,20.55993353338705
y_value_p2,3510,21.07474924140261
y_value_p2,3515,11.611173139827564
y_value_p2,3520,8.653344505138545
y_value_p2,3525,4.277001036965707
y_value_p2,3530,18.072884389691325
y_value_p2,3535,11.524429913674314
y_value_p2,3540,12.204428836064611
y_value_p2,3545,12.065547218576464
y_value_p2,3550,19.740026293308908
y_value_p2,3555,5.943501884742166
y_value_p2,3560,18.249175421863143
y_value_p2,3565,31.675698454738807
y_value_p2,3570,27.849402873278013
y_value_p2,3575,18.73884907993012
y_value_p2,3580,22.648204926697037
y_value_p2,3585,17.38608574757039
y_value_p2,3590,23.57245979421848
y_value_p2,3595,19.18338574073494
y_value_p2,3600,20.307979940978704
y_value_p2,3605,18.534616057028774
y_value_p2,3610,24.427542265330544
y_value_p2,3615,21.938385741452493
y_value_p2,3620,14.904458150861291
y_value_p2,3625,28.54632032757653
y_value_p2,3630,13.607934863057524
y_value_p2,3635,17.830264389299728
y_value_p2,3640,17.39508836231621
y_value_p2,3645,30.05805677099983
y_value_p2,3650,22.280643727327373
y_value_p2,3655,33.17796110388992
y_value_p2,3660,17.96809378022587
y_value_p2,3665,18.98025674249545
y_value_p2,3670,23.432702776223792
y_value_p2,3675,12.709779642479475
y_value_p2,3680,32.129753497511594
y_value_p2,3685,12.880631571956371
y_value_p2,3690,23.583451048403862
y_value_p2,3695,7.5355652378588
y_value_p2,3700,18.341119261848107
y_value_p2,3705,20.009299523895788
y_value_p2,3710,20.620004505579352
y_value_p2,3715,28.91957205515424
y_value_p2,3720,20.53024725138137
y_value_p2,3725,19.97724176204768
y_value_p2,3730,23.237869189522225
y_value_p2,3735,12.163490465822044
y_value_p2,3740,20.146701860630166
y_value_p2,3745,11.774715449919285
y_value_p2,3750,20.91702470640497
y_value_p2,3755,10.516183629054709
y_value_p2,3760,28.102257934523923
y_value_p2,3765,20.845828730367288
y_value_p2,3770,15.160696493646638
y_value_p2,3775,21.654014747931555
y_value_p2,3780,26.019836089005608
y_value_p2,3785,19.45240185549137
y_value_p2,3790,18.579620112999123
y_value_p2,3795,19.74460384595112
y_value_p2,3800,17.92430685914247
y_value_p2,3805,20.750919564594604
y_value_p2,3810,23.11098351984603
y_value_p2,3815,18.060764571865413
y_value_p2,3820,16.90165543861684
y_value_p2,3825,27.88030818897076
y_value_p2,3830,14.80836581716543
y_value_p2,3835,11.32821227692334
y_value_p2,3840,16.379658084332483
y_value_p2,3845,28.28190764282968
y_value_p2,3850,15.767310086666004
y_value_p2,3855,14.4581036905565
y_value_p2,3860,14.959591138491817
y_value_p2,3865,12.29349014811456
y_value_p2,3870,10.20408039004016
y_value_p2,3875,28.021517839730507
y_value_p2,3880,9.147709391696925
y_value_p2,3885,20.44679149997788
y_value_p2,3890,27.25366858701268
y_value_p2,3895,4.7656821007418735
y_value_p2,3900,18.273235936960685
y_value_p2,3905,13.598444103378428
y_value_p2,3910,13.710152015389829
y_value_p2,3915,17.738072505063563
y_value_p2,3920,21.5827031551564
y_value_p2,3925,7.91108322168519
y_value_p2,3930,11.386816629775517
y_value_p2,3935,21.06060391755353
y_value_p2,3940,13.776688998312062
y_value_p2,3945,22.9231568369837
y_value_p2,3950,13.406624349609856
y_value_p2,3955,16.490107549731345
y_value_p2,3960,20.44980092890785
y_value_p2,3965,14.77921327637216
y_value_p2,3970,12.392302723867203
y_value_p2,3975,10.789136981241793
y_value_p2,3980,14.556142289108204
y_value_p2,3985,11.590516458744933
y_value_p2,3990,6.479469521402753
y_value_p2,3995,27.298340169282213
y_value_p2,4000,8.140023342720966
y_value_p2,4005,24.50058623677681
y_value_p2,4010,3.466566949532917
y_value_p2,4015,15.746313416360152
y_value_p2,4020,17.1478326204333
y_value_p2,4025,27.65203976065063
y_value_p2,4030,17.66001176953327
y_value_p2,4035,19.51081809932656
y_value_p2,4040,23.94804750905194
y_value_p2,4045,16.33892238486779
y_value_p2,4050,25.10567874849462
y_value_p2,4055,19.834033933012947
y_value_p2,4060,21.42660653860292
y_value_p2,4065,12.649084170220052
y_value_p2,4070,20.897764870944638
y_value_p2,4075,25.144136217072905
y_value_p2,4080,26.90750842123901
y_value_p2,4085,18.929745671581408
y_value_p2,4090,20.362838318519337
y_value_p2,4095,17.27105150450047
y_value_p2,4100,15.414959939811984
y_value_p2,4105,14.833778059714104
y_value_p2,4110,21.123081787910717
y_value_p2,4115,19.70426669598195
y_value_p2,4120,17.59413382256875
y_value_p2,4125,23.092998075407078
y_value_p2,4130,15.25242738512574
y_value_p2,4135,16.074476650247004
y_value_p2,4140,11.73285140699937
y_value_p2,4145,19.873488777082784
y_value_p2,4150,21.850356703573038
y_value_p2,4155,9.42920941900413
y_value_p2,4160,14.82627865391432
y_value_p2,4165,18.40435783160786
y_value_p2,4170,12.20921945653159
y_value_p2,4175,20.138442891738613
y_value_p2,4180,17.854506995575534
y_value_p2,4185,17.95741511443019
y_value_p2,4190,11.736276778522468
y_value_p2,4195,24.438967541225228
y_value_p2,4200,12.650125830041398
y_value_p2,4205,26.083014096623785
y_value_p2,4210,29.55556239271944
y_value_p2,4215,30.46806427975613
y_value_p2,4220,15.04121772902605
y_value_p2,4225,31.14039022863677
y_value_p2,4230,20.170225518991565
y_value_p2,4235,13.880121239066217
y_value_p2,4240,14.412181279392694
y_value_p2,4245,13.258052983755851
y_value_p2,4250,26.57093680681388
y_value_p2,4255,9.153232020674489
y_value_p2,4260,26.684324855458037
y_value_p2,4265,10.23806613672049
y_value_p2,4270,19.18589470712915
y_value_p2,4275,9.18207366719947
y_value_p2,4280,20.14682587048262
y_value_p2,4285,7.164161043050301
y_value_p2,4290,24.57319724493795
y_value_p2,4295,10.787950288856852
y_value_p2,4300,15.887193428442762
y_value_p2,4305,9.988724756210258
y_value_p2,4310,30.870647035537083
y_value_p2,4315,18.300158587963374
y_value_p2,4320,23.353412386985667
y_value_p2,4325,12.002969304658208
y_value_p2,4330,21.329365385227707
y_value_p2,4335,9.603043009210603
y_value_p2,4340,26.04890392148116
y_value_p2,4345,22.62913035016525
y_value_p2,4350,11.66453728961542
y_value_p2,4355,28.03007693213913
y_value_p2,4360,9.765169183561596
y_value_p2,4365,15.196785934590444
y_value_p2,4370,16.681727256912605
y_value_p2,4375,22.064099361154675
y_value_p2,4380,12.723762215257713
y_value_p2,4385,19.41006830170909
y_value_p2,4390,19.480981235514072
y_value_p2,4395,27.627823050240224
y_value_p2,4400,18.26151187952854
y_value_p2,4405,27.63943965758708
y_value_p2,4410,21.916746464148247
y_value_p2,4415,22.37720042025186
y_value_p2,4420,27.265884747241508
y_value_p2,4425,14.092782785800049
y_value_p2,4430,22.569891081319376
y_value_p2,4435,31.34046840617385
y_value_p2,4440,21.29419927356254
y_value_p2,4445,18.93550325685253
y_value_p2,4450,24.42348292055308
y_value_p2,4455,13.787464001062574
y_value_p2,4460,25.00906646354137
y_value_p2,4465,20.148769876817585
y_value_p2,4470,12.896031501723824
y_value_p2,4475,19.828684978306107
y_value_p2,4480,7.069592314322036
y_value_p2,4485,24.975364877564143
y_value_p2,4490,22.38805389405082
y_value_p2,4495,14.971786806760626
y_value_p2,4500,28.61987645184677
y_value_p2,4505,12.90073603420484
y_value_p2,4510,35.1849193380542
y_value_p2,4515,15.94057114529147
y_value_p2,4520,18.666990482124824
y_value_p2,4525,16.066452669502596
y_value_p2,4530,17.838921403034675
y_value_p2,4535,19.631684944712003
y_value_p2,4540,20.23818344897032
y_value_p2,4545,11.47154019591059
y_value_p2,4550,25.214516426283407
y_value_p2,4555,19.666185732873096
y_value_p2,4560,6.521986489526578
y_value_p2,4565,24.14227893010095
y_value_p2,4570,22.56661564767566
y_value_p2,4575,13.676231251511304
y_value_p2,4580,21.089717622485946
y_value_p2,4585,24.211061391333686
y_value_p2,4590,21.928024932119783
y_value_p2,4595,11.479024615574067
y_value_p2,4600,12.960228861916038
y_value_p2,4605,26.74795642198891
y_value_p2,4610,11.539473531069609
y_value_p2,4615,9.314653990626512
y_value_p2,4620,15.99694300017295
y_value_p2,4625,15.595029231732834
y_value_p2,4630,18.780381281517748
y_value_p2,4635,17.142821900120587
y_value_p2,4640,21.97432678827021
y_value_p2,4645,10.8457167251225
y_value_p2,4650,19.66123911835272
y_value_p2,4655,3.938591745589601
y_value_p2,4660,20.663498802470933
y_value_p2,4665,5.753589373824187
y_value_p2,4670,12.92760747879575
y_value_p2,4675,5.704782923615195
y_value_p2,4680,29.661474300568862
y_value_p2,4685,9.945740708838816
y_value_p2,4690,12.734097547588853
y_value_p2,4695,15.427073758866683
y_value_p2,4700,25.41738646493696
y_value_p2,4705,25.16858622702849
y_value_p2,4710,21.223191523982955
y_value_p2,4715,12.269902910135816
y_value_p2,4720,10.672370724484852
y_value_p2,4725,20.608117968715437
y_value_p2,4730,29.39779022579796
y_value_p2,4735,32.91167439076047
y_value_p2,4740,11.442656376122658
y_value_p2,4745,17.01692969746538
y_value_p2,4750,29.13018142880264
y_value_p2,4755,17.80037178166343
y_value_p2,4760,20.519018802804457
y_value_p2,4765,20.733833014606635
y_value_p2,4770,32.18258162232894
y_value_p2,4775,20.359617091167
y_value_p2,4780,24.47336677306634
y_value_p2,4785,22.801552776449117
y_value_p2,4790,19.379130019822348
y_value_p2,4795,20.872079198141584
y_value_p2,4800,20.199918337675467
y_value_p2,4805,17.435470577041777
y_value_p2,4810,26.34907805862277
y_value_p2,4815,17.04777220937421
y_value_p2,4820,17.17008273945337
y_value_p2,4825,33.36483618144732
y_value_p2,4830,16.31057579075915
y_value_p2,4835,24.405783829574915
y_value_p2,4840,19.602283933883115
y_value_p2,4845,20.21124873558593
y_value_p2,4850,10.15375283579786
y_value_p2,4855,21.80069712419815
y_value_p2,4860,11.142276298559182
y_value_p2,4865,12.447576708522252
y_value_p2,4870,16.495798301384177
y_value_p2,4875,22.9932364772447
y_value_p2,4880,11.462718590662064
y_value_p2,4885,24.24606897373073
y_value_p2,4890,25.07935781259376
y_value_p2,4895,14.14284914324116
y_value_p2,4900,37.39372709004554
y_value_p2,4905,9.669531412459095
y_value_p2,4910,16.655825406110537
y_value_p2,4915,18.69988712229429
y_value_p2,4920,22.80234665788581
y_value_p2,4925,13.10160533767733
y_value_p2,4930,19.3708961581004
y_value_p2,4935,23.86637503102871
y_value_p2,4940,15.89566556977302
y_value_p2,4945,15.9633774093562
y_value_p2,4950,24.54794863041478
y_value_p2,4955,6.6313322509563
y_value_p2,4960,29.082037851885698
y_value_p2,4965,6.960044183301717
y_value_p2,4970,32.254644410190444
y_value_p2,4975,15.674027742787688
y_value_p2,4980,20.30546652720396
y_value_p2,4985,13.395554144839762
y_value_p2,4990,19.9688691764403
y_value_p2,4995,32.51162876617449
y_value_p2,5000,15.681172637727418
y_value_p2,5005,20.81140708966417
y_value_p2,5010,13.36048782238534
y_value_p2,5015,20.806699066207138
y_value_p2,5020,6.529735913315632
y_value_p2,5025,24.20078672617764
y_value_p2,5030,10.393321412995356
y_value_p2,5035,30.45585298056692
y_value_p2,5040,13.484420335712995
y_value_p2,5045,16.71572760418379
y_value_p2,5050,5.323047006082591
y_value_p2,5055,19.419161682045686
y_value_p2,5060,25.11604765055009
y_value_p2,5065,5.7755377717323215
y_value_p2,5070,16.794882722453472
y_value_p2,5075,12.01554228080127
y_value_p2,5080,27.88945185929669
y_value_p2,5085,6.6160407704889135
y_value_p2,5090,15.91864734652088
y_value_p2,5095,16.498219921026894
y_value_p2,5100,12.934642986524702
y_value_p2,5105,17.850837923919734
y_value_p2,5110,16.91260150651621
y_value_p2,5115,11.72944584941688
y_value_p2,5120,17.49148517960448
y_value_p2,5125,15.152975778636446
y_value_p2,5130,11.57158766099996
y_value_p2,5135,14.169549913548202
y_value_p2,5140,18.362854431380164
y_value_p2,5145,2.969094984789699
y_value_p2,5150,25.489877121675903
y_value_p2,5155,34.17667940614302
y_value_p2,5160,19.47001761425289
y_value_p2,5165,35.47096148953576
y_value_p2,5170,13.910779528812572
y_value_p2,5175,21.542704708977052
y_value_p2,5180,28.80067403634876
y_value_p2,5185,13.6071982009894
y_value_p2,5190,33.37954754013308
y_value_p2,5195,26.20741357832833
y_value_p2,5200,20.982973827682716
y_value_p2,5205,27.6585418202863
y_value_p2,5210,17.02162164389633
y_value_p2,5215,14.87243081076172
y_value_p2,5220,11.626372826635086
y_value_p2,5225,22.452683515981768
y_value_p2,5230,25.459768568494667
y_value_p2,5235,21.667175443587865
y_value_p2,5240,21.251498635529444
y_value_p2,5245,25.48992670365121
y_value_p2,5250,14.611584414930547
y_value_p2,5255,11.182937379680212
y_value_p2,5260,21.25443559205173
y_value_p2,5265,8.257669318293107
y_value_p2,5270,22.731237847897205
y_value_p2,5275,6.059533183098219
y_value_p2,5280,19.35867563564025
y_value_p2,5285,6.965432825790202
y_value_p2,5290,17.051265441329463
y_value_p2,5295,21.30091525089081
y_value_p2,5300,16.947114121136472
y_value_p2,5305,14.061147787079904
y_value_p2,5310,20.291521090228294
y_value_p2,5315,13.992518226442764
y_value_p2,5320,18.87721523337793
y_value_p2,5325,18.54584358027748
y_value_p2,5330,10.970369318642335
y_value_p2,5335,19.868147803644085
y_value_p2,5340,26.710233190076835
y_value_p2,5345,16.483818719995988
y_value_p2,5350,18.20210497892929
y_value_p2,5355,11.773471724533144
y_value_p2,5360,18.69855001160644
y_value_p2,5365,23.398383448585893
y_value_p2,5370,23.279901616232443
y_value_p2,5375,21.729270146610133
y_value_p2,5380,11.892280670571436
y_value_p2,5385,19.296508241060412
y_value_p2,5390,17.180568946981857
y_value_p2,5395,11.855636066541074
y_value_p2,5400,27.035910004400318
y_value_p2,5405,18.02762725740616
y_value_p2,5410,21.62460940793668
y_value_p2,5415,28.00256184551568
y_value_p2,5420,20.006842851664523
y_value_p2,5425,15.275666053025711
y_value_p2,5430,25.609313464624563
y_value_p2,5435,20.997059033244184
y_value_p2,5440,12.537204241052097
y_value_p2,5445,15.241307112026236
y_value_p2,5450,30.3246235270358
y_value_p2,5455,20.510267972560147
y_value_p2,5460,17.74718764177727
y_value_p2,5465,
y_value_p2,5470,22.575913143629005
y_value_p2,5475,17.934754697277537
y_value_p2,5480,14.050981138763136
y_value_p2,5485,11.902679471182212
y_value_p2,5490,19.984110878795438
y_value_p2,5495,20.96965131334893
y_value_p2,5500,11.637419096341391
y_value_p2,5505,20.04749240906403
y_value_p2,5510,6.465885183730912
y_value_p2,5515,14.226419281193005
y_value_p2,5520,15.581827016519153
y_value_p2,5525,24.02062142047088
y_value_p2,5530,16.196827371041035
y_value_p2,5535,30.14922551159773
y_value_p2,5540,13.053882557029786
y_value_p2,5545,27.42024872728913
y_value_p2,5550,18.604416496969385
y_value_p2,5555,27.71386165706025
y_value_p2,5560,17.87386390984959
y_value_p2,5565,14.764970549708408
y_value_p2,5570,24.929794563286848
y_value_p2,5575,25.219303746807505
y_value_p2,5580,17.65325169816486
y_value_p2,5585,19.421921407765097
y_value_p2,5590,13.29665582577196
y_value_p2,5595,27.31485690797411
y_value_p2,5600,6.862545976625256
y_value_p2,5605,33.6590636001395
y_value_p2,5610,14.61696181028798
y_value_p2,5615,19.039880917103623
y_value_p2,5620,21.418607050504875
y_value_p2,5625,12.083847351822948
y_value_p2,5630,27.678872307770785
y_value_p2,5635,8.400703116532389
y_value_p2,5640,20.69657925092761
y_value_p2,5645,7.117421946643688
y_value_p2,5650,16.394909583158377
y_value_p2,5655,3.295423082165721
y_value_p2,5660,5.4904731574750985
y_value_p2,5665,20.27632628462493
y_value_p2,5670,17.815844828803193
y_value_p2,5675,13.737743630198878
y_value_p2,5680,21.06261420883998
y_value_p2,5685,11.746185143202291
y_value_p2,5690,18.71098244917249
y_value_p2,5695,17.771321920468075
y_value_p2,5700,24.931232910147
y_value_p2,5705,18.375090393076658
y_value_p2,5710,17.728245443648618
y_value_p2,5715,19.213702884654143
y_value_p2,5720,28.44742789581004
y_value_p2,5725,3.8621261382456766
y_value_p2,5730,20.199703582004084
y_value_p2,5735,19.837103724069078
y_value_p2,5740,25.015000181575925
y_value_p2,5745,17.364959603679736
y_value_p2,5750,17.531332598704232
y_value_p2,5755,9.93859347543595
y_value_p2,5760,19.14519884365333
y_value_p2,5765,19.59210462532292
y_value_p2,5770,15.786930522925084
y_value_p2,5775,18.50704275893708
y_value_p2,5780,22.23345439002042
y_value_p2,5785,11.273861429540792
y_value_p2,5790,19.555126048973698
y_value_p2,5795,18.661341954134684
y_value_p2,5800,18.507429545503065
y_value_p2,5805,21.91178348186225
y_value_p2,5810,9.774777564307454
y_value_p2,5815,25.624393888144176
y_value_p2,5820,13.262159237815752
y_value_p2,5825,18.12444571848447
y_value_p2,5830,13.892010361222583
y_value_p2,5835,18.278371426559687
y_value_p2,5840,19.37563729704061
y_value_p2,5845,24.105391618143628
y_value_p2,5850,16.720380011169503
y_value_p2,5855,27.094975342178778
y_value_p2,5860,7.690578235827206
y_value_p2,5865,28.465036837712955
y_value_p2,5870,13.122746763731064
y_value_p2,5875,15.136419412243283
y_value_p2,5880,13.03025889665526
y_value_p2,5885,19.663386415878904
y_value_p2,5890,25.530277261654284
y_value_p2,5895,21.93493099435249
y_value_p2,5900,18.80334733068532
y_value_p2,5905,18.467526066783662
y_value_p2,5910,22.625553071514368
y_value_p2,5915,22.736193179428312
y_value_p2,5920,19.78675169212068
y_value_p2,5925,19.14593584820792
y_value_p2,5930,22.08802125968701
y_value_p2,5935,17.965662950172266
y_value_p2,5940,13.447402253232204
y_value_p2,5945,17.18724932407772
y_value_p2,5950,14.346391590982048
y_value_p2,5955,18.939446687133707
y_value_p2,5960,16.487940440053254
y_value_p2,5965,17.76353194031026
y_value_p2,5970,12.85802693944656
y_value_p2,5975,14.01920899916158
y_value_p2,5980,17.06925924948254
y_value_p2,5985,19.27864163819646
y_value_p2,5990,15.506887012106596
y_value_p2,5995,19.657570772892107
y_value_p2,6000,23.295793277194505
y_value_p2,6005,12.818102058671435
y_value_p2,6010,26.05144659398428
y_value_p2,6015,28.78797028988136
y_value_p2,6020,15.984711122943382
y_value_p2,6025,16.667549461451515
y_value_p2,6030,21.730436885295955
y_value_p2,6035,21.972155567768624
y_value_p2,6040,21.247076114706665
y_value_p2,6045,23.856821835498607
y_value_p2,6050,22.28890152387011
y_value_p2,6055,21.35414719593249
y_value_p2,6060,26.265378489250036
y_value_p2,6065,20.79370332603499
y_value_p2,6070,15.576888235139164
y_value_p2,6075,13.933755230066591
y_value_p2,6080,16.994645130051918
y_value_p2,6085,17.203962631738186
y_value_p2,6090,14.57224886773659
y_value_p2,6095,18.23350074977555
y_value_p2,6100,14.400583159570116
y_value_p2,6105,23.8209493299966
y_value_p2,6110,19.7377199777664
y_value_p2,6115,12.176370565459289
y_value_p2,6120,19.812776116403548
y_value_p2,6125,23.818747413431304
y_value_p2,6130,17.427430745645665
y_value_p2,6135,27.504913111649277
y_value_p2,6140,18.92223945078658
y_value_p2,6145,19.298176876051397
y_value_p2,6150,16.213296712500913
y_value_p2,6155,19.98910393015997
y_value_p2,6160,19.10267340610931
y_value_p2,6165,14.145938858486888
y_value_p2,6170,30.48015020906322
y_value_p2,6175,17.522683442304213
y_value_p2,6180,24.533408179619883
y_value_p2,6185,18.88645935484629
y_value_p2,6190,19.2973028511797
y_value_p2,6195,19.05111158060532
y_value_p1,15,13.42525743600991
y_value_p1,25,8.006278041148267
y_value_p1,30,30.133084684227494
y_value_p1,35,12.200042486796026
y_value_p1,40,19.03872117247476
y_value_p1,45,16.370005348484565
y_value_p1,50,18.46566068309065
y_value_p1,55,20.948777205948986
y_value_p1,70,18.2701587955142
y_value_p1,75,11.447876371889896
y_value_p1,80,15.339882144530405
y_value_p1,100,15.305361247117323
y_value_p1,105,20.28082286218704
y_value_p1,115,20.616483650585263
y_value_p1,120,14.988980219931362
y_value_p1,125,19.718604829493685
y_value_p1,130,20.37232460946288
y_value_p1,135,6.408991396703424
y_value_p1,140,17.633829530361112
y_value_p1,165,21.2665466469079
y_value_p1,170,24.37302813190211
y_value_p1,185,12.306486550026298
y_value_p1,190,13.70448081302388
y_value_p1,195,15.381674512196458
y_value_p1,200,19.150994214121027
y_value_p1,205,12.532091890491754
y_value_p1,210,15.350647892476127
y_value_p1,220,10.656032272233247
y_value_p1,230,13.05534777400946
y_value_p1,240,21.736236207767067
y_value_p1,250,13.559125405369205
y_value_p1,255,27.385587013205463
y_value_p1,260,23.59888463057662
y_value_p1,265,17.43192456068531
y_value_p1,270,26.032833374237057
y_value_p1,280,21.52905958044731
y_value_p1,285,13.82653397829482
y_value_p1,290,18.675983391258608
y_value_p1,295,25.02754697050399
y_value_p1,300,19.49080324799392
y_value_p1,305,24.649535318522865
y_value_p1,310,16.286835886668655
y_value_p1,315,20.08522622689065
y_value_p1,325,21.91989155399914
y_value_p1,330,13.020952433657811
y_value_p1,340,4.580143356184184
y_value_p1,345,13.71888569432596
y_value_p1,350,21.788172324413104
y_value_p1,355,13.459528172989922
y_value_p1,360,20.44145461784369
y_value_p1,365,12.775302802230984
y_value_p1,370,18.442886489974484
y_value_p1,375,12.946539878432969
y_value_p1,380,11.291262194041732
y_value_p1,385,20.837160555986728
y_value_p1,400,28.236820094928213
y_value_p1,405,12.238911628510124
y_value_p1,410,16.101685862728498
y_value_p1,425,13.04248029971876
y_value_p1,430,15.060199222813994
y_value_p1,435,8.948190816193307
y_value_p1,440,17.782013123082862
y_value_p1,445,21.943851889368965
y_value_p1,450,15.3334425434354
y_value_p1,455,14.744650431326187
y_value_p1,460,18.753068699388574
y_value_p1,465,10.276355811383448
y_value_p1,470,21.500450513877112
y_value_p1,475,18.47395483788187
y_value_p1,485,8.075566119477042
y_value_p1,495,10.644415216177997
y_value_p1,500,4.800536934786114
y_value_p1,505,20.292164004425292
y_value_p1,510,6.206323030441187
y_value_p1,515,11.21438741156009
y_value_p1,540,12.354151882355731
y_value_p1,545,23.21180126021233
y_value_p1,550,17.394008243770152
y_value_p1,555,21.6580361287136
y_value_p1,560,13.357209353090235
y_value_p1,570,3.482859931756752
y_value_p1,575,9.4395206301291
y_value_p1,580,7.126394942370915
y_value_p1,585,20.82234860053517
y_value_p1,590,28.1596191938596
y_value_p1,595,23.58732432374084
y_value_p1,600,21.54883956435605
y_value_p1,610,26.485783107244508
y_value_p1,620,18.80290330727454
y_value_p1,630,9.61442112298022
y_value_p1,635,13.65636717419008
y_value_p1,640,12.663178277818153
y_value_p1,645,14.182707836392328
y_value_p1,650,22.441047368256307
y_value_p1,655,12.385432355897615
y_value_p1,665,11.881400238785575
y_value_p1,670,15.116207182810696
y_value_p1,680,21.56226722026095
y_value_p1,685,8.862230451628971
y_value_p1,695,14.43567855663237
y_value_p1,700,14.307746653543902
y_value_p1,705,19.01183156872065
y_value_p1,710,21.332580795398016
y_value_p1,720,19.95531863052195
y_value_p1,725,5.5596026672205205
y_value_p1,730,24.95645458708355
y_value_p1,735,21.077620437448857
y_value_p1,740,17.89192273380899
y_value_p1,760,8.529458238900123
y_value_p1,765,21.589163406456493
y_value_p1,770,14.864686351181302
y_value_p1,780,18.940825041424777
y_value_p1,785,6.890100731280751
y_value_p1,790,21.586265173458685
y_value_p1,800,21.54318379451436
y_value_p1,820,11.247005093881516
y_value_p1,830,14.173452212180198
y_value_p1,835,9.138181169899068
y_value_p1,845,14.209561678023451
y_value_p1,850,15.322066200858805
y_value_p1,855,15.95841161676554
y_value_p1,860,10.456096079261116
y_value_p1,865,15.810706296065192
y_value_p1,875,9.700130973150344
y_value_p1,880,15.79107594122327
y_value_p1,885,23.14892532415393
y_value_p1,890,8.622967636777549
y_value_p1,895,26.25583225298211
y_value_p1,900,12.383413934760965
y_value_p1,905,17.1993766264177
y_value_p1,915,8.237344733194977
y_value_p1,925,23.583903904992336
y_value_p1,930,13.779180467635204
y_value_p1,940,13.159010094421683
y_value_p1,945,17.50500626061212
y_value_p1,950,7.400967491226441
y_value_p1,955,24.44310073508088
y_value_p1,960,14.124943103696074
y_value_p1,965,14.618422420849656
y_value_p1,975,11.084765994835186
y_value_p1,985,10.810916042425552
y_value_p1,990,17.866834451307554
y_value_p1,995,7.154465306179122
y_value_p1,1000,16.376819969590823
y_value_p1,1005,20.510434238640272
y_value_p1,1010,18.05382825289054
y_value_p1,1015,14.95989178572015
y_value_p1,1020,21.996214650391096
y_value_p1,1025,10.657170761315909
y_value_p1,1030,25.20830828014099
y_value_p1,1035,14.30001542218209
y_value_p1,1040,16.086908187428307
y_value_p1,1045,19.83226494794833
y_value_p1,1055,8.670549380373162
y_value_p1,1060,28.04905204275844
y_value_p1,1065,12.765608912771826
y_value_p1,1070,21.779558160398715
y_value_p1,1075,13.288273358002344
y_value_p1,1080,3.6585521253164286
y_value_p1,1085,26.31962050046117
y_value_p1,1090,17.421156046890673
y_value_p1,1095,15.27302340369111
y_value_p1,1100,22.097886334036858
y_value_p1,1105,19.676714354978884
y_value_p1,1110,18.61492023885445
y_value_p1,1115,15.463707106055896
y_value_p1,1120,13.473094815942847
y_value_p1,1130,17.553914109474675
y_value_p1,1135,22.563281176321425
y_value_p1,1140,11.145296512472369
y_value_p1,1145,10.96420657269149
y_value_p1,1150,12.154891419203132
y_value_p1,1155,15.531655368013222
y_value_p1,1165,6.067926319660101
y_value_p1,1170,14.21373614506117
y_value_p1,1175,7.14291290397194
y_value_p1,1180,10.82094709274771
y_value_p1,1185,17.925915338439488
y_value_p1,1190,8.181506952812239
y_value_p1,1205,24.568728816816087
y_value_p1,1210,18.142317086762446
y_value_p1,1215,7.598303936534783
y_value_p1,1220,21.12477673358562
y_value_p1,1225,6.849051615753825
y_value_p1,1230,20.407579499042946
y_value_p1,1240,7.01982896713078
y_value_p1,1245,17.8961941083641
y_value_p1,1255,23.928149780543343
y_value_p1,1270,1.930797840633052
y_value_p1,1275,7.728209441416456
y_value_p1,1280,18.60788341001728
y_value_p1,1285,14.380311305378376
y_value_p1,1295,12.145341436577056
y_value_p1,1300,21.478764506699772
y_value_p1,1305,-0.695541206661437
y_value_p1,1310,14.230381320268648
y_value_p1,1315,17.255820882625393
y_value_p1,1325,6.585824380713937
y_value_p1,1330,23.25548460454684
y_value_p1,1335,17.026746595992414
y_value_p1,1340,6.80150624759687
y_value_p1,1345,21.67979021753821
y_value_p1,1355,24.21333219500464
y_value_p1,1360,21.516588728820278
y_value_p1,1365,16.866423686369703
y_value_p1,1370,19.45850685086128
y_value_p1,1375,27.07349829834284
y_value_p1,1380,9.782997402004806
y_value_p1,1385,19.19697806569544
y_value_p1,1390,7.049060350558379
y_value_p1,1395,20.76850506405826
y_value_p1,1400,18.186441606558358
y_value_p1,1405,15.256757155193464
y_value_p1,1410,8.790869119957325
y_value_p1,1415,12.601208891107422
y_value_p1,1420,26.429693210887105
y_value_p1,1425,17.95464037067593
y_value_p1,1430,9.826232950399191
y_value_p1,1435,18.070927772096677
y_value_p1,1440,11.644265496297535
y_value_p1,1445,12.32251106513685
y_value_p1,1450,12.829928442309866
y_value_p1,1455,15.627729396065227
y_value_p1,1460,3.4501565192101618
y_value_p1,1465,14.798445657776927
y_value_p1,1470,7.078256901102393
y_value_p1,1475,21.865149550419527
y_value_p1,1480,10.117052903154717
y_value_p1,1485,4.454543830781601
y_value_p1,1490,24.83765445057046
y_value_p1,1495,8.02757912711835
y_value_p1,1500,21.445247382629084
y_value_p1,1520,21.131797650585096
y_value_p1,1525,16.361336809774564
y_value_p1,1530,17.758284753428406
y_value_p1,1535,5.757948770087452
y_value_p1,1540,23.573324097787737
y_value_p1,1545,23.729450772361787
y_value_p1,1555,21.866654940646903
y_value_p1,1560,14.06289733617514
y_value_p1,1565,10.115092792973696
y_value_p1,1570,26.409118524508408
y_value_p1,1575,14.360955524303696
y_value_p1,1580,11.534749689780613
y_value_p1,1585,12.06547935190502
y_value_p1,1590,26.82011558083504
y_value_p1,1595,2.46735582265053
y_value_p1,1605,11.12376597064124
y_value_p1,1615,18.91116438173166
y_value_p1,1620,20.908198365462603
y_value_p1,1625,12.333847376357577
y_value_p1,1640,19.90907781803598
y_value_p1,1650,23.67909808140837
y_value_p1,1655,11.236744744089142
y_value_p1,1660,20.21263971814597
y_value_p1,1665,12.9966699258091
y_value_p1,1670,12.583665855765595
y_value_p1,1675,21.758687733861045
y_value_p1,1695,27.67808104875497
y_value_p1,1710,18.15532162981368
y_value_p1,1720,31.571018187379494
y_value_p1,1725,10.33656889089302
y_value_p1,1730,27.066006299923
y_value_p1,1735,13.441458288771356
y_value_p1,1740,26.88208083705318
y_value_p1,1745,22.443157345208693
y_value_p1,1750,12.182998997146989
y_value_p1,1760,9.624899499593438
y_value_p1,1765,26.26325088216288
y_value_p1,1785,15.99693298150549
y_value_p1,1790,22.19857530199797
y_value_p1,1795,24.695239445707543
y_value_p1,1805,17.804317618705845
y_value_p1,1825,28.54079196729676
y_value_p1,1830,8.752643624324236
y_value_p1,1835,14.149952508129838
y_value_p1,1840,16.86332266448801
y_value_p1,1845,9.343130496764202
y_value_p1,1850,17.579669037714694
y_value_p1,1860,9.985479303225436
y_value_p1,1865,14.104630491044992
y_value_p1,1870,21.646666962233688
y_value_p1,1875,22.62938448439518
y_value_p1,1880,19.551924876470103
y_value_p1,1885,15.623886634305794
y_value_p1,1890,12.197332904281025
y_value_p1,1895,25.46456774249948
y_value_p1,1905,25.91741093953657
y_value_p1,1910,17.751139368151875
y_value_p1,1915,14.851928015961375
y_value_p1,1920,17.5710611518408
y_value_p1,1930,11.607047469694646
y_value_p1,1935,5.542958569436561
y_value_p1,1940,21.732805371256735
y_value_p1,1950,12.640494579158489
y_value_p1,1955,17.874929374264475
y_value_p1,1960,12.684178385022912
y_value_p1,1965,18.142781950578687
y_value_p1,1970,13.107677079282189
y_value_p1,1975,23.43880159942773
y_value_p1,1980,15.559663453042836
y_value_p1,1985,25.68431352902163
y_value_p1,1990,23.236932159693332
y_value_p1,1995,13.467381319912027
y_value_p1,2010,7.2076727044769555
y_value_p1,2015,17.391402982567545
y_value_p1,2020,9.48267405659836
y_value_p1,2025,11.277214817967527
y_value_p1,2030,23.776376422285463
y_value_p1,2035,9.9817631507069
y_value_p1,2045,14.959353504937456
y_value_p1,2050,9.432436959631374
y_value_p1,2055,22.74231535178781
y_value_p1,2060,22.181563085980937
y_value_p1,2070,15.579030642841106
y_value_p1,2075,16.028381065840087
y_value_p1,2085,18.612981811651828
y_value_p1,2090,20.9334761435832
y_value_p1,2095,11.228126079853109
y_value_p1,2100,23.46167439847301
y_value_p1,2110,21.536083745605765
y_value_p1,2120,17.27646970866126
y_value_p1,2125,12.888677998238036
y_value_p1,2130,13.35955106037539
y_value_p1,2145,19.50117760680473
y_value_p1,2150,17.418561011433685
y_value_p1,2155,15.952842376243716
y_value_p1,2165,17.977172335084106
y_value_p1,2175,15.304221578913488
y_value_p1,2180,22.020787151793986
y_value_p1,2185,20.35409777456592
y_value_p1,2190,22.216552606342542
y_value_p1,2195,7.147432363488847
y_value_p1,2200,14.041724459979832
y_value_p1,2220,1.6199567531143766
y_value_p1,2225,24.16276392110599
y_value_p1,2230,21.89836177599866
y_value_p1,2235,28.44578022807949
y_value_p1,2240,12.681573483660484
y_value_p1,2245,14.375368354635189
y_value_p1,2250,23.32442323008788
y_value_p1,2255,14.030224901330396
y_value_p1,2260,7.177553614190009
y_value_p1,2265,11.843493622542882
y_value_p1,2270,15.51840565760586
y_value_p1,2275,16.10100959219271
y_value_p1,2285,20.572097212661056
y_value_p1,2290,3.0261079330956377
y_value_p1,2300,3.1293917900492145
y_value_p1,2305,21.49249976835251
y_value_p1,2315,8.805233847391209
y_value_p1,2345,18.04591718675117
y_value_p1,2350,9.447144215360888
y_value_p1,2355,8.837370861806964
y_value_p1,2360,24.58993750577608
y_value_p1,2365,14.12302281739983
y_value_p1,2390,5.995253397507994
y_value_p1,2395,14.095103915611984
y_value_p1,2400,12.244719915492746
y_value_p1,2415,10.405160881565385
y_value_p1,2420,13.080125107590089
y_value_p1,2425,15.914846299664426
y_value_p1,2430,3.262277442459724
y_value_p1,2435,27.352917298728563
y_value_p1,2440,15.00994716401338
y_value_p1,2445,15.721785373253434
y_value_p1,2450,9.95429995653556
y_value_p1,2455,17.741611214714332
y_value_p1,2460,5.519491249109347
y_value_p1,2465,17.661415311083672
y_value_p1,2470,12.229010361874035
y_value_p1,2475,10.75224882592726
y_value_p1,2480,16.289690922186765
y_value_p1,2485,5.885467151239266
y_value_p1,2490,17.12237947593171
y_value_p1,2495,14.329717069316974
y_value_p1,2500,29.0240646269391
y_value_p1,2505,12.92456595779894
y_value_p1,2510,26.071480708507003
y_value_p1,2515,24.62514728396104
y_value_p1,2520,15.58383453022435
y_value_p1,2525,12.686150588487273
y_value_p1,2530,14.04155932283229
y_value_p1,2535,19.209714928952742
y_value_p1,2540,20.14575923900825
y_value_p1,2545,9.52997912594745
y_value_p1,2550,10.483160532091103
y_value_p1,2555,11.297533513514052
y_value_p1,2560,22.057715153829392
y_value_p1,2565,10.937279182281555
y_value_p1,2570,21.428143418320275
y_value_p1,2575,9.80725281481254
y_value_p1,2580,17.535625911451234
y_value_p1,2585,13.435383753270871
y_value_p1,2590,16.327387022458907
y_value_p1,2595,6.389222497000247
y_value_p1,2600,14.304322506627152
y_value_p1,2605,25.43347315465393
y_value_p1,2610,6.821210423845876
y_value_p1,2615,14.737944950156196
y_value_p1,2620,14.636327746308384
y_value_p1,2625,25.93997546089811
y_value_p1,2630,8.37057975622935
y_value_p1,2635,12.600271910629354
y_value_p1,2640,12.6609025833327
y_value_p1,2645,9.612847323702704
y_value_p1,2650,18.16709894241511
y_value_p1,2655,19.839801657476848
y_value_p1,2660,21.231398360833506
y_value_p1,2665,15.785637967146227
y_value_p1,2670,22.489957903833982
y_value_p1,2675,16.014573792726146
y_value_p1,2680,16.083154942432262
y_value_p1,2685,16.824251561405937
y_value_p1,2690,19.671599666421315
y_value_p1,2695,15.520125755932622
y_value_p1,2700,19.039390753774285
y_value_p1,2705,16.18743468155217
y_value_p1,2710,15.542963990346715
y_value_p1,2715,17.488767986898942
y_value_p1,2720,14.964391344673569
y_value_p1,2725,20.16110729456011
y_value_p1,2730,20.93017135162673
y_value_p1,2735,11.952039147430028
y_value_p1,2740,18.3719955530879
y_value_p1,2745,14.533563315469513
y_value_p1,2750,21.29339084283736
y_value_p1,2755,24.02943559943619
y_value_p1,2760,22.699398073332794
y_value_p1,2765,18.65933087099008
y_value_p1,2770,20.752497623438597
y_value_p1,2775,22.53732784898769
y_value_p1,2780,13.058818949411952
y_value_p1,2785,14.317440948843634
y_value_p1,2790,17.396433088114343
y_value_p1,2795,21.692276462026108
y_value_p1,2800,20.46795552947269
y_value_p1,2805,13.064071021058368
y_value_p1,2810,19.7142690252814
y_value_p1,2815,12.907900614653116
y_value_p1,2820,20.376257092890967
y_value_p1,2825,20.014792692421945
y_value_p1,2830,13.524416671724516
y_value_p1,2835,17.311550502442365
y_value_p1,2840,19.082680504035928
y_value_p1,2845,20.23280476075714
y_value_p1,2850,3.123901840277612
y_value_p1,2855,16.632339334234317
y_value_p1,2860,-0.0477344217642095
y_value_p1,2865,18.689279156228643
y_value_p1,2870,1.9677474181014625
y_value_p1,2875,19.15310340643314
y_value_p1,2880,16.088303596713963
y_value_p1,2885,15.973809118156428
y_value_p1,2890,15.152306661738512
y_value_p1,2895,11.508110099472214
y_value_p1,2900,13.035278256500884
y_value_p1,2905,13.846125426410568
y_value_p1,2910,15.291446678196875
y_value_p1,2915,17.057067168599705
y_value_p1,2920,5.6630506991180365
y_value_p1,2925,11.085493145645328
y_value_p1,2930,6.339367430317332
y_value_p1,2935,25.5427398954066
y_value_p1,2940,6.685902345625275
y_value_p1,2945,23.26527726254406
y_value_p1,2950,6.3024906758216455
y_value_p1,2955,26.110676832315903
y_value_p1,2960,15.448175233631677
y_value_p1,2965,7.9838014800827155
y_value_p1,2970,21.922389414932177
y_value_p1,2975,4.358820863431697
y_value_p1,2980,21.60482098778037
y_value_p1,2985,18.15685259426524
y_value_p1,2990,31.144685684755416
y_value_p1,2995,19.126843488527197
y_value_p1,3000,20.328543939873235
y_value_p1,3005,15.137161648920396
y_value_p1,3010,29.71652536181585
y_value_p1,3015,11.241860021584744
y_value_p1,3020,23.971539979169023
y_value_p1,3025,11.938582912662058
y_value_p1,3030,20.67873203091177
y_value_p1,3035,19.690749377156077
y_value_p1,3040,19.923614408244823
y_value_p1,3045,24.48156593213198
y_value_p1,3050,20.40340600081253
y_value_p1,3055,24.69245797843388
y_value_p1,3060,15.565303803975562
y_value_p1,3065,21.75069938945193
y_value_p1,3070,22.487415025924896
y_value_p1,3075,26.909939165390128
y_value_p1,3080,9.172843871222296
y_value_p1,3085,30.00324232027488
y_value_p1,3090,11.221318667398032
y_value_p1,3095,22.068531348017835
y_value_p1,3100,12.062409535722766
y_value_p1,3105,17.59766298023799
y_value_p1,3110,17.181853587986375
y_value_p1,3115,18.129324086487856
y_value_p1,3120,27.22711625283675
y_value_p1,3125,19.262995208139134
y_value_p1,3130,14.664697043595078
y_value_p1,3135,17.539730493393446
y_value_p1,3140,23.706265860560308
y_value_p1,3145,8.616205946569846
y_value_p1,3150,23.307730221405663
y_value_p1,3155,17.149660315796055
y_value_p1,3160,13.405447280216
y_value_p1,3165,19.049440275035387
y_value_p1,3170,22.0892636148931
y_value_p1,3175,18.66939371418404
y_value_p1,3180,29.44109432607908
y_value_p1,3185,14.517825779288088
y_value_p1,3190,30.96939204968896
y_value_p1,3195,25.54344223539804
y_value_p1,3200,26.277088981002183
y_value_p1,3205,24.151256206758823
y_value_p1,3210,23.42297869995445
y_value_p1,3215,14.865246476881508
y_value_p1,3220,14.542753265936827
y_value_p1,3225,10.113773191889695
y_value_p1,3230,21.01758685554737
y_value_p1,3235,12.90157918252056
y_value_p1,3240,15.524309026433423
y_value_p1,3245,7.501294458538127
y_value_p1,3250,24.755710526315987
y_value_p1,3255,19.52746432134058
y_value_p1,3260,20.376636346048265
y_value_p1,3265,10.59585518004407
y_value_p1,3270,28.136214984399214
y_value_p1,3275,11.877062208839002
y_value_p1,3280,24.37993653632508
y_value_p1,3285,14.465851583232345
y_value_p1,3290,23.060708533800884
y_value_p1,3295,9.144821867765176
y_value_p1,3300,23.81412233958894
y_value_p1,3305,9.107711621551111
y_value_p1,3310,19.1966989871722
y_value_p1,3315,11.330825189511197
y_value_p1,3320,14.490462963143996
y_value_p1,3325,15.92262202118078
y_value_p1,3330,15.31426189692414
y_value_p1,3335,14.188669906528077
y_value_p1,3340,16.108402721990984
y_value_p1,3345,10.297507989819245
y_value_p1,3350,26.96270378372335
y_value_p1,3355,14.41091305767877
y_value_p1,3360,26.77726515443208
y_value_p1,3365,6.828625613219499
y_value_p1,3370,13.605270063540424
y_value_p1,3375,12.075834225983543
y_value_p1,3380,30.132333360933664
y_value_p1,3385,9.97821999380786
y_value_p1,3390,12.442440551635476
y_value_p1,3395,8.904390735767171
y_value_p1,3400,6.638150870455073
y_value_p1,3405,15.904730730559493
y_value_p1,3410,11.92819572999456
y_value_p1,3415,28.78278013143124
y_value_p1,3420,7.581230606001862
y_value_p1,3425,16.57588022933775
y_value_p1,3430,5.432986317321079
y_value_p1,3435,29.346258431887264
y_value_p1,3440,10.7112370330574
y_value_p1,3445,17.249588768928128
y_value_p1,3450,18.74103775632959
y_value_p1,3455,16.47904629302816
y_value_p1,3460,21.74308037691985
y_value_p1,3465,16.857714026068834
y_value_p1,3470,15.876410329051616
y_value_p1,3475,8.803862236980741
y_value_p1,3480,19.26643765013484
y_value_p1,3485,8.147535755449873
y_value_p1,3490,17.438687840822567
y_value_p1,3495,13.174516096160586
y_value_p1,3500,22.13510720462821
y_value_p1,3505,16.024735691053863
y_value_p1,3510,8.262075308992838
y_value_p1,3515,13.440111770299293
y_value_p1,3520,18.612508862218466
y_value_p1,3525,27.88829260717126
y_value_p1,3530,10.77994128112897
y_value_p1,3535,20.970066729988407
y_value_p1,3540,15.894662757326858
y_value_p1,3545,13.051734020871717
y_value_p1,3550,11.86077391749927
y_value_p1,3555,19.104731788594385
y_value_p1,3560,30.421641926621703
y_value_p1,3565,15.43731669677634
y_value_p1,3570,9.069201823691683
y_value_p1,3575,19.76907129538776
y_value_p1,3580,14.934165452247516
y_value_p1,3585,16.986019473679907
y_value_p1,3590,13.825589065906785
y_value_p1,3595,18.67674646010839
y_value_p1,3600,9.663053570193783
y_value_p1,3605,17.949886169703404
y_value_p1,3610,15.569278717201696
y_value_p1,3615,14.006801078479326
y_value_p1,3620,26.21736319937356
y_value_p1,3625,7.611595002205586
y_value_p1,3630,23.292662979525893
y_value_p1,3635,18.005304639240187
y_value_p1,3640,19.092584119210876
y_value_p1,3645,9.026056111358042
y_value_p1,3650,18.99813841749951
y_value_p1,3655,3.337469627330184
y_value_p1,3660,19.422005116046456
y_value_p1,3665,19.90220275193243
y_value_p1,3670,5.784156946137997
y_value_p1,3675,27.81746383332901
y_value_p1,3680,7.751533804745979
y_value_p1,3685,20.25352840913765
y_value_p1,3690,8.294932175363595
y_value_p1,3695,26.58000681467648
y_value_p1,3700,16.925875361267444
y_value_p1,3705,9.447011392639968
y_value_p1,3710,12.116228989654536
y_value_p1,3715,10.71036259313212
y_value_p1,3720,10.91522477113015
y_value_p1,3725,8.059573768560506
y_value_p1,3730,9.139399948572928
y_value_p1,3735,23.356595905780917
y_value_p1,3740,11.107151659772182
y_value_p1,3745,18.596387147256216
y_value_p1,3750,16.970258261494457
y_value_p1,3755,30.62748656561326
y_value_p1,3760,10.075115204542511
y_value_p1,3765,12.189340533495812
y_value_p1,3770,22.39051043331397
y_value_p1,3775,12.950374539586733
y_value_p1,3780,11.646308417761766
y_value_p1,3785,10.396240051126853
y_value_p1,3790,19.054638174793453
y_value_p1,3795,12.483264913658754
y_value_p1,3800,18.95307850165437
y_value_p1,3805,15.335869707165925
y_value_p1,3810,13.809369332920433
y_value_p1,3815,11.285554638937407
y_value_p1,3820,18.61174992780208
y_value_p1,3825,13.10755544739287
y_value_p1,3830,22.82654243668366
y_value_p1,3835,22.19972628363272
y_value_p1,3840,25.59494714661691
y_value_p1,3845,13.324713571218195
y_value_p1,3850,12.493686045252176
y_value_p1,3855,19.242357597761185
y_value_p1,3860,18.04019894023244
y_value_p1,3865,22.43452611579192
y_value_p1,3870,21.3835305125883
y_value_p1,3875,8.469158466165108
y_value_p1,3880,18.87555822160944
y_value_p1,3885,14.508764224811213
y_value_p1,3890,10.49702051679065
y_value_p1,3895,20.633804883534182
y_value_p1,3900,11.672187623526591
y_value_p1,3905,22.74492388451128
y_value_p1,3910,17.813056677181393
y_value_p1,3915,13.082887270411591
y_value_p1,3920,6.022459081039365
y_value_p1,3925,26.01273883846117
y_value_p1,3930,15.701040370489638
y_value_p1,3935,5.576874294832837
y_value_p1,3940,22.460054424203847
y_value_p1,3945,9.781387027119177
y_value_p1,3950,16.557800385596657
y_value_p1,3955,11.217498431729744
y_value_p1,3960,7.239864895535048
y_value_p1,3965,17.220949484583592
y_value_p1,3970,21.64970035173338
y_value_p1,3975,15.06498521734183
y_value_p1,3980,9.598377208060771
y_value_p1,3985,11.168919508013742
y_value_p1,3990,25.20392179021804
y_value_p1,3995,1.645287801283338
y_value_p1,4000,22.97703216508831
y_value_p1,4005,7.013593028260942
y_value_p1,4010,26.901808041796848
y_value_p1,4015,17.13041761971658
y_value_p1,4020,18.266393908874555
y_value_p1,4025,20.21588061813725
y_value_p1,4030,28.60156315668582
y_value_p1,4035,13.88170379269507
y_value_p1,4040,14.499701653720292
y_value_p1,4045,20.963596984935737
y_value_p1,4050,5.189220092524772
y_value_p1,4055,13.438892512358755
y_value_p1,4060,11.940967164845068
y_value_p1,4065,19.710602089543087
y_value_p1,4070,11.988245881670876
y_value_p1,4075,10.880612070231168
y_value_p1,4080,11.629965630201124
y_value_p1,4085,18.89206922446709
y_value_p1,4090,12.73986581901096
y_value_p1,4095,16.967634447872253
y_value_p1,4100,23.0470198247648
y_value_p1,4105,22.62558805512097
y_value_p1,4110,13.817559465714444
y_value_p1,4115,14.644275038885928
y_value_p1,4120,18.720086955789437
y_value_p1,4125,10.470600835919
y_value_p1,4130,19.45724288327421
y_value_p1,4135,15.077725357267653
y_value_p1,4140,27.276070960830022
y_value_p1,4145,18.472756972493045
y_value_p1,4150,14.129264033272795
y_value_p1,4155,31.848889551287897
y_value_p1,4160,17.280133502389745
y_value_p1,4165,12.652957177398855
y_value_p1,4170,22.87301530269354
y_value_p1,4175,15.26801703477974
y_value_p1,4180,15.459436625070405
y_value_p1,4185,11.300103387929523
y_value_p1,4190,21.63526582998174
y_value_p1,4195,10.512087583768816
y_value_p1,4200,22.990488452607288
y_value_p1,4205,18.007122267012583
y_value_p1,4210,19.210709501219952
y_value_p1,4215,18.168737917213555
y_value_p1,4220,27.09640265184516
y_value_p1,4225,16.774436690002922
y_value_p1,4230,16.784524002254187
y_value_p1,4235,17.890890912444384
y_value_p1,4240,21.398939095680333
y_value_p1,4245,27.80021371320929
y_value_p1,4250,15.65032398303703
y_value_p1,4255,24.829944493192173
y_value_p1,4260,12.910374243599144
y_value_p1,4265,21.19876818820319
y_value_p1,4270,19.121641858631456
y_value_p1,4275,26.25395612016998
y_value_p1,4280,14.42064674296501
y_value_p1,4285,32.612690089234846
y_value_p1,4290,17.966962434147504
y_value_p1,4295,16.03053646706369
y_value_p1,4300,18.622900774887263
y_value_p1,4305,19.84373282338146
y_value_p1,4310,11.001603962970398
y_value_p1,4315,20.466690507371894
y_value_p1,4320,10.0433637967879
y_value_p1,4325,23.525948980284877
y_value_p1,4330,16.22668865842372
y_value_p1,4335,20.993819123509304
y_value_p1,4340,13.723444899824196
y_value_p1,4345,10.339336420968683
y_value_p1,4350,28.403109752838223
y_value_p1,4355,9.325539296584513
y_value_p1,4360,25.203809087511143
y_value_p1,4365,15.280078293275322
y_value_p1,4370,19.769161077801037
y_value_p1,4375,16.826660424101604
y_value_p1,4380,15.92050145668978
y_value_p1,4385,13.130487327612554
y_value_p1,4390,14.24516886933573
y_value_p1,4395,15.394929025840485
y_value_p1,4400,19.55417634663716
y_value_p1,4405,6.423182209062261
y_value_p1,4410,15.67096051690858
y_value_p1,4415,15.516797874170674
y_value_p1,4420,13.772645566993644
y_value_p1,4425,17.881442329103553
y_value_p1,4430,18.34450501124362
y_value_p1,4435,13.439621016480652
y_value_p1,4440,15.644541230170894
y_value_p1,4445,13.217133171021803
y_value_p1,4450,14.647205283483684
y_value_p1,4455,21.70588467089073
y_value_p1,4460,15.052974413049515
y_value_p1,4465,14.287521106953593
y_value_p1,4470,23.375660080591096
y_value_p1,4475,21.588757842270628
y_value_p1,4480,16.725858328200196
y_value_p1,4485,11.464674741357408
y_value_p1,4490,17.38005805188746
y_value_p1,4495,20.9415381174818
y_value_p1,4500,6.126036502533109
y_value_p1,4505,26.04200035867764
y_value_p1,4510,4.616841798309434
y_value_p1,4515,30.257138633413568
y_value_p1,4520,18.007802632609007
y_value_p1,4525,18.8651252929973
y_value_p1,4530,12.50932061965502
y_value_p1,4535,21.2121817328191
y_value_p1,4540,15.704293350150886
y_value_p1,4545,22.142483995584563
y_value_p1,4550,5.08916564578372
y_value_p1,4555,12.020278577518969
y_value_p1,4560,23.148038430382517
y_value_p1,4565,9.155373522031326
y_value_p1,4570,8.169386821659792
y_value_p1,4575,3.937673350221039
y_value_p1,4580,13.112497633197563
y_value_p1,4585,6.260497307111675
y_value_p1,4590,9.4655761832487
y_value_p1,4595,19.940347584867816
y_value_p1,4600,22.175969638839952
y_value_p1,4605,3.312349605746246
y_value_p1,4610,21.965631830002398
y_value_p1,4615,25.972663844093177
y_value_p1,4620,12.974362754765837
y_value_p1,4625,13.819834433349682
y_value_p1,4630,2.8378438794276137
y_value_p1,4635,18.120790750474704
y_value_p1,4640,5.915320972846796
y_value_p1,4645,10.231193311548234
y_value_p1,4650,12.615379961663647
y_value_p1,4655,20.583935322001167
y_value_p1,4660,3.810920989552991
y_value_p1,4665,27.04837270076782
y_value_p1,4670,17.88627619206838
y_value_p1,4675,27.38813011729161
y_value_p1,4680,1.6624376556561202
y_value_p1,4685,15.298296863525607
y_value_p1,4690,14.463877748334356
y_value_p1,4695,19.895247583758824
y_value_p1,4700,3.5757324079633954
y_value_p1,4705,13.555045050163423
y_value_p1,4710,13.377890749542267
y_value_p1,4715,13.557026673835164
y_value_p1,4720,17.65679379874407
y_value_p1,4725,22.54375998583001
y_value_p1,4730,20.06552795651021
y_value_p1,4735,14.4366256076462
y_value_p1,4740,29.880182616490977
y_value_p1,4745,22.850786642307348
y_value_p1,4750,10.194866049667052
y_value_p1,4755,18.52491526385172
y_value_p1,4760,19.884417560528867
y_value_p1,4765,22.77830092550003
y_value_p1,4770,9.722474764044389
y_value_p1,4775,14.980970025622392
y_value_p1,4780,18.841501604995784
y_value_p1,4785,17.147861060252396
y_value_p1,4790,16.6752679465522
y_value_p1,4795,16.35794593456456
y_value_p1,4800,14.771003564179974
y_value_p1,4805,18.505489924444877
y_value_p1,4810,12.194609672780372
y_value_p1,4815,25.07867350993064
y_value_p1,4820,16.55910513317773
y_value_p1,4825,5.158524670774006
y_value_p1,4830,18.1690924815366
y_value_p1,4835,18.04863634589393
y_value_p1,4840,21.576364157165024
y_value_p1,4845,12.911074553770424
y_value_p1,4850,19.3448094758088
y_value_p1,4855,13.468848661261475
y_value_p1,4860,20.270798411374557
y_value_p1,4865,22.874701825833213
y_value_p1,4870,19.616843114024302
y_value_p1,4875,17.30067451521525
y_value_p1,4880,20.89667058185121
y_value_p1,4885,9.799804425862478
y_value_p1,4890,17.67647330962521
y_value_p1,4895,27.06848717550809
y_value_p1,4900,11.746695788742343
y_value_p1,4905,34.33546169360151
y_value_p1,4910,24.01544648760219
y_value_p1,4915,12.55460729444474
y_value_p1,4920,9.628505699902009
y_value_p1,4925,15.23448428518958
y_value_p1,4930,10.599579849295964
y_value_p1,4935,9.486462670150376
y_value_p1,4940,15.834592944763427
y_value_p1,4945,16.238398764817852
y_value_p1,4950,7.75553595632684
y_value_p1,4955,25.096892460431768
y_value_p1,4960,6.805986043141569
y_value_p1,4965,24.72545204486824
y_value_p1,4970,4.803995615982842
y_value_p1,4975,18.119156872972148
y_value_p1,4980,12.452475860922542
y_value_p1,4985,23.271921622205504
y_value_p1,4990,18.367778218652205
y_value_p1,4995,5.181372773721875
y_value_p1,5000,18.22479858672856
y_value_p1,5005,13.81892829572993
y_value_p1,5010,22.459091687365685
y_value_p1,5015,14.741173525183472
y_value_p1,5020,23.20845715503542
y_value_p1,5025,10.85042238482338
y_value_p1,5030,21.08181830233003
y_value_p1,5035,3.849397820496376
y_value_p1,5040,17.255593027271054
y_value_p1,5045,18.363937006666013
y_value_p1,5050,20.590077010739726
y_value_p1,5055,11.630305813991589
y_value_p1,5060,7.530921718125669
y_value_p1,5065,22.12195002817708
y_value_p1,5070,15.543806857821377
y_value_p1,5075,12.518433379967195
y_value_p1,5080,5.82515971684846
y_value_p1,5085,28.38215370344189
y_value_p1,5090,17.673300747881136
y_value_p1,5095,16.003181323260478
y_value_p1,5100,22.01215796476212
y_value_p1,5105,11.832852416673097
y_value_p1,5110,17.513664131200095
y_value_p1,5115,19.370308288531
y_value_p1,5120,13.324200312634304
y_value_p1,5125,19.805034328112946
y_value_p1,5130,13.548930346113393
y_value_p1,5135,14.946898778532404
y_value_p1,5140,12.749486114485894
y_value_p1,5145,24.89828959352099
y_value_p1,5150,9.050420458856603
y_value_p1,5155,11.798685063553942
y_value_p1,5160,23.01027026661832
y_value_p1,5165,12.97456116197939
y_value_p1,5170,24.425212571826645
y_value_p1,5175,15.743793454244887
y_value_p1,5180,14.188281666492276
y_value_p1,5185,25.020673431515448
y_value_p1,5190,11.159140831641457
y_value_p1,5195,18.857619276502994
y_value_p1,5200,23.366719769981515
y_value_p1,5205,14.269283945053097
y_value_p1,5210,19.28815050322639
y_value_p1,5215,21.34811791222857
y_value_p1,5220,21.240261567975864
y_value_p1,5225,17.100754006127016
y_value_p1,5230,12.24526362824836
y_value_p1,5235,7.169824147638814
y_value_p1,5240,15.421673433044065
y_value_p1,5245,10.926040481209087
y_value_p1,5250,14.26011689927462
y_value_p1,5255,11.93864976146119
y_value_p1,5260,12.556982684442698
y_value_p1,5265,30.113912330381623
y_value_p1,5270,13.408519052019953
y_value_p1,5275,27.955933057003698
y_value_p1,5280,14.712460904080151
y_value_p1,5285,29.08222940582137
y_value_p1,5290,19.071138746304825
y_value_p1,5295,18.440590755240905
y_value_p1,5300,10.657481570835053
y_value_p1,5305,16.081044926511915
y_value_p1,5310,13.994925720959394
y_value_p1,5315,14.9843130660428
y_value_p1,5320,12.448590409849905
y_value_p1,5325,17.087069699884296
y_value_p1,5330,24.732076403617057
y_value_p1,5335,11.287791522085309
y_value_p1,5340,12.132175900832252
y_value_p1,5345,22.30071157930765
y_value_p1,5350,12.63334191303343
y_value_p1,5355,29.896916835855144
y_value_p1,5360,14.666074441165488
y_value_p1,5365,10.362411835517806
y_value_p1,5370,15.886347450314064
y_value_p1,5375,15.264062048548462
y_value_p1,5380,22.03588220004796
y_value_p1,5385,20.10033788656539
y_value_p1,5390,11.67476202612516
y_value_p1,5395,21.109409125386332
y_value_p1,5400,6.517984770377868
y_value_p1,5405,19.39267527302172
y_value_p1,5410,15.641134196312104
y_value_p1,5415,11.725954558562192
y_value_p1,5420,12.574462954472889
y_value_p1,5425,24.302616555975582
y_value_p1,5430,10.33432890648604
y_value_p1,5435,17.22934643568218
y_value_p1,5440,21.30003028087497
y_value_p1,5445,23.85396489305517
y_value_p1,5450,11.593803655961365
y_value_p1,5455,13.30990639557384
y_value_p1,5460,13.455754687020606
y_value_p1,5465,
y_value_p1,5470,15.74737399441167
y_value_p1,5475,17.24074918633144
y_value_p1,5480,14.934653378350538
y_value_p1,5485,20.04424905543753
y_value_p1,5490,5.488820750160211
y_value_p1,5495,16.45624799638278
y_value_p1,5500,17.101663219997278
y_value_p1,5505,13.168053439965854
y_value_p1,5510,28.99811043309121
y_value_p1,5515,15.841121507486088
y_value_p1,5520,13.57439933318247
y_value_p1,5525,16.130242466796496
y_value_p1,5530,24.720950997672084
y_value_p1,5535,2.6011799397843687
y_value_p1,5540,28.041378573617983
y_value_p1,5545,5.736554729145295
y_value_p1,5550,11.495309440288072
y_value_p1,5555,20.956955691424604
y_value_p1,5560,19.82279510530192
y_value_p1,5565,15.605079374534018
y_value_p1,5570,15.427514300349516
y_value_p1,5575,14.387770270094007
y_value_p1,5580,16.140797133882693
y_value_p1,5585,21.253063257396583
y_value_p1,5590,22.64847512835441
y_value_p1,5595,12.020154394426092
y_value_p1,5600,25.38543096482364
y_value_p1,5605,7.92470948997415
y_value_p1,5610,16.474523448856267
y_value_p1,5615,19.69839342111274
y_value_p1,5620,12.468217632280275
y_value_p1,5625,20.73210808980382
y_value_p1,5630,7.156025987725343
y_value_p1,5635,31.998664962673367
y_value_p1,5640,17.554046089532996
y_value_p1,5645,30.750094712262367
y_value_p1,5650,20.347431884939503
y_value_p1,5655,26.259150729701723
y_value_p1,5660,23.803599992560656
y_value_p1,5665,13.209190646575426
y_value_p1,5670,13.33650149156074
y_value_p1,5675,21.771422011159864
y_value_p1,5680,14.478346090049666
y_value_p1,5685,22.101092684982973
y_value_p1,5690,20.423129545576906
y_value_p1,5695,11.718641016356155
y_value_p1,5700,18.73125110500451
y_value_p1,5705,24.757375440256677
y_value_p1,5710,23.47169311695744
y_value_p1,5715,15.459855524436763
y_value_p1,5720,8.70754779937208
y_value_p1,5725,22.585080387144544
y_value_p1,5730,4.394779535888559
y_value_p1,5735,19.715317436786076
y_value_p1,5740,11.17575840576208
y_value_p1,5745,19.01706113229997
y_value_p1,5750,18.076470761207588
y_value_p1,5755,18.98281431947114
y_value_p1,5760,12.12940048687546
y_value_p1,5765,6.877827090061921
y_value_p1,5770,14.78163377994218
y_value_p1,5775,12.47246566187867
y_value_p1,5780,4.174765802390477
y_value_p1,5785,24.93224129036675
y_value_p1,5790,13.319502823530817
y_value_p1,5795,13.463494445733764
y_value_p1,5800,22.147880619643708
y_value_p1,5805,4.873023942669564
y_value_p1,5810,25.38089092793055
y_value_p1,5815,10.991836596167555
y_value_p1,5820,22.618171025356236
y_value_p1,5825,11.444978504548198
y_value_p1,5830,15.066774773504328
y_value_p1,5835,17.839060143341847
y_value_p1,5840,14.041939755072017
y_value_p1,5845,8.193997658717784
y_value_p1,5850,17.5545474906077
y_value_p1,5855,11.620811450317394
y_value_p1,5860,30.11410207134029
y_value_p1,5865,7.62481090397393
y_value_p1,5870,24.4675476688052
y_value_p1,5875,22.720035146962367
y_value_p1,5880,22.75760451841191
y_value_p1,5885,13.871848276968365
y_value_p1,5890,18.406582511072983
y_value_p1,5895,25.366340899586906
y_value_p1,5900,24.658871532951046
y_value_p1,5905,20.50302613018604
y_value_p1,5910,19.04543177697048
y_value_p1,5915,16.345875000233505
y_value_p1,5920,10.654491918189317
y_value_p1,5925,18.26940756088299
y_value_p1,5930,12.14288778006071
y_value_p1,5935,23.46424220704754
y_value_p1,5940,19.730696406340265
y_value_p1,5945,18.639957559045055
y_value_p1,5950,25.03298922984704
y_value_p1,5955,12.105181264301748
y_value_p1,5960,18.892763386284017
y_value_p1,5965,17.54461209253853
y_value_p1,5970,22.816811876169
y_value_p1,5975,20.80032576399812
y_value_p1,5980,25.10329325225817
y_value_p1,5985,12.67567722362566
y_value_p1,5990,17.15703169308476
y_value_p1,5995,16.145318317557447
y_value_p1,6000,4.131975270556866
y_value_p1,6005,28.02013708941081
y_value_p1,6010,13.439774010969169
y_value_p1,6015,13.204521915503603
y_value_p1,6020,17.617874056523007
y_value_p1,6025,20.78927506014942
y_value_p1,6030,13.899522256971649
y_value_p1,6035,14.591260652710533
y_value_p1,6040,13.49620131067749
y_value_p1,6045,12.97428300276737
y_value_p1,6050,15.21552764586738
y_value_p1,6055,16.282288217435003
y_value_p1,6060,10.114456746067455
y_value_p1,6065,13.503038310180989
y_value_p1,6070,18.2217485714756
y_value_p1,6075,26.22263139172644
y_value_p1,6080,19.56287998629293
y_value_p1,6085,24.38439467937788
y_value_p1,6090,21.859748561325837
y_value_p1,6095,20.565404047724613
y_value_p1,6100,16.335700535820028
y_value_p1,6105,9.37833660360533
y_value_p1,6110,13.300478340568866
y_value_p1,6115,22.296703564712644
y_value_p1,6120,20.807564150007217
y_value_p1,6125,8.439876848233332
y_value_p1,6130,18.21981151947569
y_value_p1,6135,6.220093547456825
y_value_p1,6140,13.128827294929083
y_value_p1,6145,19.479635119429425
y_value_p1,6150,17.361292528294477
y_value_p1,6155,17.31551599485953
y_value_p1,6160,11.685440835484435
y_value_p1,6165,23.244726628374544
y_value_p1,6170,9.718222683236702
y_value_p1,6175,18.658431481259115
y_value_p1,6180,9.289074547217192
y_value_p1,6185,13.679259079236934
y_value_p1,6190,12.307232620471067
y_value_p1,6195,20.29780913534329
