,p1_Turning_point_count,p2_Turning_point_count,continuous_wins_p1,continuous_wins_p2
0,0,0,0,0
1,0,0,0,1
2,0,0,1,0
3,0,0,0,1
4,0,0,1,0
5,0,1,1,0
6,0,0,0,1
7,0,0,1,0
8,0,0,0,0
9,0,0,1,0
10,0,1,0,0
11,0,0,0,1
12,0,0,1,0
13,0,0,1,0
14,0,0,0,1
15,1,1,0,1
16,0,0,1,0
17,0,0,0,1
18,0,0,0,0
19,0,0,1,0
20,0,1,1,0
21,0,0,0,1
22,0,0,1,0
23,0,0,0,0
24,0,0,0,1
25,1,1,0,1
26,0,0,0,1
27,0,0,0,0
28,0,0,1,0
29,0,0,1,0
30,1,1,1,0
31,0,0,0,1
32,0,0,0,1
33,0,0,0,1
34,0,0,1,0
35,1,1,0,0
36,0,0,0,1
37,0,0,1,0
38,0,0,0,1
39,0,0,0,1
40,1,1,0,0
41,0,0,1,0
42,0,0,1,0
43,0,0,1,0
44,0,0,0,1
45,1,1,0,0
46,0,0,0,0
47,0,0,0,1
48,0,0,1,0
49,0,0,1,0
50,1,1,0,0
51,0,0,1,0
52,0,0,0,1
53,0,0,1,0
54,0,0,0,1
55,1,0,1,0
56,0,0,0,1
57,0,0,1,0
58,0,0,0,0
59,0,0,0,1
60,0,1,0,0
61,0,0,1,0
62,0,0,0,0
63,0,0,0,1
64,0,0,0,1
65,0,1,0,1
66,0,0,0,0
67,0,0,1,0
68,0,0,1,0
69,0,0,0,1
70,1,0,0,1
71,0,0,1,0
72,0,0,0,1
73,0,0,0,1
74,0,0,0,0
75,1,1,0,1
76,0,0,0,1
77,0,0,0,1
78,0,0,0,0
79,0,0,0,1
80,1,1,1,0
81,0,0,1,0
82,0,0,0,1
83,0,0,0,1
84,0,0,1,0
85,0,1,1,0
86,0,0,0,0
87,0,0,0,1
88,0,0,0,1
89,0,0,1,0
90,0,1,1,0
91,0,0,1,0
92,0,0,0,1
93,0,0,1,0
94,0,0,0,0
95,0,0,0,1
96,0,0,0,0
97,0,0,0,1
98,0,0,1,0
99,0,0,0,1
100,1,1,1,0
101,0,0,1,0
102,0,0,0,1
103,0,0,1,0
104,0,0,0,0
105,1,1,1,0
106,0,0,0,1
107,0,0,0,1
108,0,0,0,1
109,0,0,1,0
110,0,1,1,0
111,0,0,1,0
112,0,0,0,0
113,0,0,0,1
114,0,0,0,0
115,1,1,1,0
116,0,0,0,0
117,0,0,1,0
118,0,0,1,0
119,0,0,1,0
120,1,1,0,0
121,0,0,1,0
122,0,0,0,1
123,0,0,0,1
124,0,0,0,1
125,1,1,0,0
126,0,0,1,0
127,0,0,0,1
128,0,0,1,0
129,0,0,1,0
130,1,1,0,1
131,0,0,0,0
132,0,0,0,1
133,0,0,0,1
134,0,0,1,0
135,1,1,0,1
136,0,0,0,0
137,0,0,1,0
138,0,0,1,0
139,0,0,1,0
140,1,0,0,0
141,0,0,0,0
142,0,0,1,0
143,0,0,0,1
144,0,0,0,0
145,0,1,1,0
146,0,0,0,0
147,0,0,1,0
148,0,0,0,1
149,0,0,0,1
150,0,0,1,0
151,0,0,1,0
152,0,0,0,1
153,0,0,1,0
154,0,0,0,0
155,0,1,0,0
156,0,0,0,1
157,0,0,0,0
158,0,0,1,0
159,0,0,1,0
160,0,1,0,1
161,0,0,0,1
162,0,0,1,0
163,0,0,0,0
164,0,0,1,0
165,1,0,1,0
166,0,0,0,1
167,0,0,1,0
168,0,0,0,0
169,0,0,1,0
170,1,0,1,0
171,0,0,0,0
172,0,0,0,0
173,0,0,1,0
174,0,0,0,1
175,0,1,0,1
176,0,0,1,0
177,0,0,0,1
178,0,0,0,0
179,0,0,1,0
180,0,1,1,0
181,0,0,1,0
182,0,0,0,0
183,0,0,0,1
184,0,0,1,0
185,1,1,0,1
186,0,0,1,0
187,0,0,1,0
188,0,0,0,1
189,0,0,0,1
190,1,1,0,0
191,0,0,1,0
192,0,0,1,0
193,0,0,1,0
194,0,0,0,1
195,1,1,0,0
196,0,0,1,0
197,0,0,0,1
198,0,0,0,1
199,0,0,0,1
200,1,1,0,0
201,0,0,0,0
202,0,0,0,1
203,0,0,0,0
204,0,0,0,0
205,1,1,0,1
206,0,0,1,0
207,0,0,0,1
208,0,0,0,1
209,0,0,1,0
210,1,0,1,0
211,0,0,1,0
212,0,0,0,0
213,0,0,0,1
214,0,0,0,0
215,0,1,0,0
216,0,0,1,0
217,0,0,0,0
218,0,0,0,1
219,0,0,0,0
220,1,0,0,1
221,0,0,0,0
222,0,0,1,0
223,0,0,0,1
224,0,0,0,1
225,0,1,1,0
226,0,0,1,0
227,0,0,1,0
228,0,0,0,0
229,0,0,0,1
230,1,1,1,0
231,0,0,0,1
232,0,0,0,1
233,0,0,1,0
234,0,0,1,0
235,0,1,0,1
236,0,0,0,0
237,0,0,1,0
238,0,0,1,0
239,0,0,0,0
240,1,0,1,0
241,0,0,0,1
242,0,0,1,0
243,0,0,0,1
244,0,0,0,0
245,0,1,1,0
246,0,0,0,0
247,0,0,1,0
248,0,0,0,0
249,0,0,0,1
250,1,1,1,0
251,0,0,0,1
252,0,0,0,1
253,0,0,0,0
254,0,0,1,0
255,1,1,1,0
256,0,0,0,1
257,0,0,1,0
258,0,0,0,1
259,0,0,0,1
260,1,1,1,0
261,0,0,0,0
262,0,0,0,1
263,0,0,1,0
264,0,0,0,1
265,1,1,1,0
266,0,0,1,0
267,0,0,0,0
268,0,0,0,1
269,0,0,1,0
270,1,0,1,0
271,0,0,0,1
272,0,0,0,1
273,0,0,1,0
274,0,0,1,0
275,0,1,0,0
276,0,0,1,0
277,0,0,0,1
278,0,0,0,1
279,0,0,1,0
280,1,0,0,1
281,0,0,0,1
282,0,0,0,0
283,0,0,0,1
284,0,0,0,0
285,1,1,0,1
286,0,0,0,0
287,0,0,1,0
288,0,0,1,0
289,0,0,1,0
290,1,1,0,0
291,0,0,0,1
292,0,0,1,0
293,0,0,0,1
294,0,0,0,1
295,1,1,0,0
296,0,0,1,0
297,0,0,1,0
298,0,0,0,1
299,0,0,1,0
300,1,1,0,0
301,0,0,0,1
302,0,0,0,1
303,0,0,1,0
304,0,0,0,1
305,1,1,0,0
306,0,0,1,0
307,0,0,0,1
308,0,0,1,0
309,0,0,1,0
310,1,1,0,0
311,0,0,0,1
312,0,0,0,1
313,0,0,0,1
314,0,0,0,0
315,1,1,0,1
316,0,0,1,0
317,0,0,0,1
318,0,0,0,1
319,0,0,0,0
320,0,0,1,0
321,0,0,0,1
322,0,0,1,0
323,0,0,0,1
324,0,0,0,1
325,1,1,0,0
326,0,0,1,0
327,0,0,1,0
328,0,0,1,0
329,0,0,0,0
330,1,1,0,1
331,0,0,0,0
332,0,0,0,1
333,0,0,0,0
334,0,0,1,0
335,0,1,1,0
336,0,0,1,0
337,0,0,0,0
338,0,0,0,1
339,0,0,0,1
340,1,0,0,1
341,0,0,0,0
342,0,0,1,0
343,0,0,1,0
344,0,0,1,0
345,1,1,0,0
346,0,0,1,0
347,0,0,0,1
348,0,0,0,1
349,0,0,0,1
350,1,1,0,0
351,0,0,1,0
352,0,0,1,0
353,0,0,1,0
354,0,0,0,0
355,1,1,0,1
356,0,0,1,0
357,0,0,0,1
358,0,0,0,1
359,0,0,1,0
360,1,1,0,0
361,0,0,0,0
362,0,0,1,0
363,0,0,0,1
364,0,0,1,0
365,1,1,0,0
366,0,0,0,1
367,0,0,0,1
368,0,0,1,0
369,0,0,0,1
370,1,1,0,0
371,0,0,1,0
372,0,0,1,0
373,0,0,1,0
374,0,0,0,0
375,1,1,0,1
376,0,0,1,0
377,0,0,0,1
378,0,0,0,0
379,0,0,0,0
380,1,1,0,1
381,0,0,0,1
382,0,0,0,1
383,0,0,1,0
384,0,0,1,0
385,1,1,0,0
386,0,0,0,1
387,0,0,1,0
388,0,0,1,0
389,0,0,1,0
390,0,1,0,0
391,0,0,1,0
392,0,0,1,0
393,0,0,0,1
394,0,0,0,1
395,0,1,0,1
396,0,0,0,0
397,0,0,1,0
398,0,0,0,1
399,0,0,1,0
400,1,1,1,0
401,0,0,0,0
402,0,0,0,1
403,0,0,0,1
404,0,0,1,0
405,1,1,0,1
406,0,0,0,0
407,0,0,1,0
408,0,0,1,0
409,0,0,1,0
410,1,1,0,0
411,0,0,1,0
412,0,0,0,1
413,0,0,0,1
414,0,0,0,1
415,0,1,1,0
416,0,0,1,0
417,0,0,0,1
418,0,0,0,0
419,0,0,0,1
420,0,0,0,1
421,0,0,0,1
422,0,0,1,0
423,0,0,1,0
424,0,0,1,0
425,1,1,0,1
426,0,0,0,0
427,0,0,1,0
428,0,0,0,0
429,0,0,1,0
430,1,1,0,1
431,0,0,0,1
432,0,0,0,1
433,0,0,1,0
434,0,0,1,0
435,1,1,0,1
436,0,0,0,0
437,0,0,1,0
438,0,0,1,0
439,0,0,1,0
440,1,1,0,0
441,0,0,0,1
442,0,0,0,1
443,0,0,1,0
444,0,0,0,1
445,1,1,0,0
446,0,0,1,0
447,0,0,1,0
448,0,0,0,1
449,0,0,1,0
450,1,1,0,0
451,0,0,0,0
452,0,0,1,0
453,0,0,0,1
454,0,0,0,1
455,1,1,0,1
456,0,0,0,0
457,0,0,1,0
458,0,0,1,0
459,0,0,1,0
460,1,1,0,0
461,0,0,0,1
462,0,0,0,0
463,0,0,0,1
464,0,0,1,0
465,1,1,0,1
466,0,0,0,0
467,0,0,1,0
468,0,0,1,0
469,0,0,1,0
470,1,1,0,1
471,0,0,0,0
472,0,0,0,1
473,0,0,0,1
474,0,0,0,1
475,1,1,0,0
476,0,0,1,0
477,0,0,0,1
478,0,0,0,1
479,0,0,1,0
480,0,1,1,0
481,0,0,1,0
482,0,0,0,0
483,0,0,1,0
484,0,0,0,0
485,1,1,0,1
486,0,0,0,0
487,0,0,1,0
488,0,0,0,1
489,0,0,0,1
490,0,0,0,1
491,0,0,0,0
492,0,0,0,1
493,0,0,1,0
494,0,0,0,1
495,1,1,0,1
496,0,0,1,0
497,0,0,0,0
498,0,0,0,1
499,0,0,0,1
500,1,1,0,1
501,0,0,0,0
502,0,0,1,0
503,0,0,1,0
504,0,0,1,0
505,1,1,0,1
506,0,0,0,1
507,0,0,0,0
508,0,0,0,1
509,0,0,0,1
510,1,1,0,1
511,0,0,0,0
512,0,0,1,0
513,0,0,1,0
514,0,0,1,0
515,1,1,0,0
516,0,0,1,0
517,0,0,0,1
518,0,0,1,0
519,0,0,0,1
520,0,0,0,1
521,0,0,0,0
522,0,0,0,1
523,0,0,1,0
524,0,0,0,1
525,0,1,0,1
526,0,0,0,0
527,0,0,1,0
528,0,0,0,1
529,0,0,0,1
530,0,1,0,1
531,0,0,0,0
532,0,0,0,1
533,0,0,1,0
534,0,0,1,0
535,0,1,1,0
536,0,0,0,0
537,0,0,0,1
538,0,0,0,1
539,0,0,1,0
540,1,1,0,0
541,0,0,0,0
542,0,0,0,1
543,0,0,1,0
544,0,0,1,0
545,1,1,1,0
546,0,0,0,0
547,0,0,0,1
548,0,0,0,1
549,0,0,0,1
550,1,1,0,0
551,0,0,1,0
552,0,0,0,1
553,0,0,1,0
554,0,0,0,1
555,1,1,1,0
556,0,0,0,0
557,0,0,0,1
558,0,0,0,1
559,0,0,0,1
560,1,1,0,0
561,0,0,0,1
562,0,0,1,0
563,0,0,0,1
564,0,0,0,1
565,0,1,1,0
566,0,0,0,0
567,0,0,1,0
568,0,0,0,1
569,0,0,0,1
570,1,0,0,1
571,0,0,0,0
572,0,0,0,1
573,0,0,0,1
574,0,0,1,0
575,1,1,0,1
576,0,0,0,0
577,0,0,0,1
578,0,0,0,1
579,0,0,0,1
580,1,1,1,0
581,0,0,0,0
582,0,0,1,0
583,0,0,1,0
584,0,0,1,0
585,1,1,0,0
586,0,0,0,1
587,0,0,0,1
588,0,0,0,1
589,0,0,0,0
590,1,1,1,0
591,0,0,1,0
592,0,0,1,0
593,0,0,0,0
594,0,0,1,0
595,1,1,0,1
596,0,0,0,1
597,0,0,1,0
598,0,0,0,1
599,0,0,0,1
600,1,1,0,0
601,0,0,0,1
602,0,0,0,0
603,0,0,1,0
604,0,0,1,0
605,0,0,1,0
606,0,0,0,0
607,0,0,1,0
608,0,0,0,1
609,0,0,1,0
610,1,1,1,0
611,0,0,0,1
612,0,0,0,1
613,0,0,0,0
614,0,0,0,1
615,0,1,0,0
616,0,0,1,0
617,0,0,0,1
618,0,0,1,0
619,0,0,0,1
620,1,1,1,0
621,0,0,0,1
622,0,0,0,1
623,0,0,0,0
624,0,0,1,0
625,0,1,0,1
626,0,0,1,0
627,0,0,0,1
628,0,0,0,1
629,0,0,1,0
630,1,0,0,1
631,0,0,0,0
632,0,0,0,1
633,0,0,0,1
634,0,0,0,1
635,1,0,0,0
636,0,0,0,1
637,0,0,1,0
638,0,0,1,0
639,0,0,0,1
640,1,1,0,1
641,0,0,0,0
642,0,0,1,0
643,0,0,1,0
644,0,0,1,0
645,1,0,0,0
646,0,0,1,0
647,0,0,1,0
648,0,0,0,1
649,0,0,0,0
650,1,1,1,0
651,0,0,1,0
652,0,0,1,0
653,0,0,0,1
654,0,0,0,0
655,1,1,0,0
656,0,0,0,1
657,0,0,0,1
658,0,0,0,0
659,0,0,0,1
660,0,0,0,1
661,0,0,0,1
662,0,0,1,0
663,0,0,1,0
664,0,0,1,0
665,1,1,0,1
666,0,0,0,0
667,0,0,0,1
668,0,0,0,0
669,0,0,1,0
670,1,0,0,0
671,0,0,0,1
672,0,0,0,0
673,0,0,0,1
674,0,0,0,0
675,0,1,0,1
676,0,0,0,1
677,0,0,1,0
678,0,0,1,0
679,0,0,0,0
680,1,1,1,0
681,0,0,1,0
682,0,0,1,0
683,0,0,0,0
684,0,0,0,1
685,1,1,0,1
686,0,0,0,1
687,0,0,0,0
688,0,0,1,0
689,0,0,1,0
690,0,0,1,0
691,0,0,0,0
692,0,0,0,1
693,0,0,0,1
694,0,0,0,0
695,1,1,0,0
696,0,0,1,0
697,0,0,1,0
698,0,0,0,1
699,0,0,1,0
700,1,1,0,0
701,0,0,1,0
702,0,0,1,0
703,0,0,0,1
704,0,0,0,1
705,1,1,1,0
706,0,0,0,0
707,0,0,1,0
708,0,0,1,0
709,0,0,1,0
710,1,1,0,1
711,0,0,0,0
712,0,0,0,1
713,0,0,0,1
714,0,0,0,1
715,0,1,0,0
716,0,0,0,1
717,0,0,0,1
718,0,0,1,0
719,0,0,1,0
720,1,0,1,0
721,0,0,0,1
722,0,0,1,0
723,0,0,0,0
724,0,0,0,1
725,1,1,0,1
726,0,0,1,0
727,0,0,0,1
728,0,0,0,0
729,0,0,1,0
730,1,1,1,0
731,0,0,0,1
732,0,0,1,0
733,0,0,0,1
734,0,0,0,1
735,1,0,1,0
736,0,0,0,0
737,0,0,1,0
738,0,0,0,0
739,0,0,1,0
740,1,1,0,0
741,0,0,1,0
742,0,0,0,1
743,0,0,0,1
744,0,0,0,1
745,0,1,1,0
746,0,0,1,0
747,0,0,1,0
748,0,0,0,0
749,0,0,1,0
750,0,0,0,0
751,0,0,0,1
752,0,0,0,1
753,0,0,1,0
754,0,0,0,1
755,0,0,1,0
756,0,0,1,0
757,0,0,0,1
758,0,0,0,0
759,0,0,0,1
760,1,1,0,1
761,0,0,0,1
762,0,0,0,0
763,0,0,0,1
764,0,0,1,0
765,1,1,1,0
766,0,0,1,0
767,0,0,0,1
768,0,0,0,0
769,0,0,0,1
770,1,1,1,0
771,0,0,0,1
772,0,0,0,1
773,0,0,1,0
774,0,0,0,0
775,0,1,0,1
776,0,0,0,1
777,0,0,1,0
778,0,0,1,0
779,0,0,0,1
780,1,1,1,0
781,0,0,1,0
782,0,0,0,0
783,0,0,1,0
784,0,0,0,1
785,1,0,0,1
786,0,0,0,1
787,0,0,0,0
788,0,0,1,0
789,0,0,0,1
790,1,1,1,0
791,0,0,1,0
792,0,0,0,0
793,0,0,0,1
794,0,0,0,1
795,0,0,1,0
796,0,0,0,0
797,0,0,0,0
798,0,0,1,0
799,0,0,0,1
800,1,1,1,0
801,0,0,1,0
802,0,0,0,1
803,0,0,0,0
804,0,0,1,0
805,0,1,0,0
806,0,0,1,0
807,0,0,0,1
808,0,0,0,1
809,0,0,1,0
810,0,1,0,0
811,0,0,0,1
812,0,0,0,0
813,0,0,1,0
814,0,0,1,0
815,0,0,0,1
816,0,0,1,0
817,0,0,0,0
818,0,0,1,0
819,0,0,0,1
820,1,1,0,1
821,0,0,1,0
822,0,0,0,1
823,0,0,1,0
824,0,0,0,1
825,0,1,0,0
826,0,0,1,0
827,0,0,0,0
828,0,0,0,1
829,0,0,0,0
830,1,1,0,1
831,0,0,1,0
832,0,0,1,0
833,0,0,1,0
834,0,0,0,0
835,1,1,0,1
836,0,0,1,0
837,0,0,0,1
838,0,0,1,0
839,0,0,1,0
840,0,0,0,1
841,0,0,0,1
842,0,0,0,0
843,0,0,0,1
844,0,0,0,1
845,1,1,1,0
846,0,0,1,0
847,0,0,1,0
848,0,0,0,1
849,0,0,1,0
850,1,1,0,0
851,0,0,0,1
852,0,0,1,0
853,0,0,0,1
854,0,0,0,1
855,1,1,0,0
856,0,0,1,0
857,0,0,1,0
858,0,0,1,0
859,0,0,0,0
860,1,1,0,1
861,0,0,0,1
862,0,0,0,1
863,0,0,0,0
864,0,0,1,0
865,1,1,0,1
866,0,0,0,1
867,0,0,1,0
868,0,0,1,0
869,0,0,0,0
870,0,0,1,0
871,0,0,1,0
872,0,0,0,0
873,0,0,0,1
874,0,0,0,1
875,1,1,0,1
876,0,0,0,0
877,0,0,0,1
878,0,0,1,0
879,0,0,1,0
880,1,0,0,1
881,0,0,0,1
882,0,0,1,0
883,0,0,1,0
884,0,0,0,0
885,1,1,1,0
886,0,0,0,0
887,0,0,0,1
888,0,0,0,1
889,0,0,0,1
890,1,1,1,0
891,0,0,0,0
892,0,0,0,0
893,0,0,1,0
894,0,0,0,1
895,1,0,1,0
896,0,0,0,1
897,0,0,0,0
898,0,0,1,0
899,0,0,0,1
900,1,0,1,0
901,0,0,1,0
902,0,0,0,1
903,0,0,0,1
904,0,0,0,1
905,1,1,0,0
906,0,0,1,0
907,0,0,0,1
908,0,0,0,1
909,0,0,0,1
910,0,1,1,0
911,0,0,0,0
912,0,0,1,0
913,0,0,0,1
914,0,0,0,1
915,1,1,0,1
916,0,0,0,0
917,0,0,1,0
918,0,0,1,0
919,0,0,0,1
920,0,0,1,0
921,0,0,0,1
922,0,0,0,1
923,0,0,1,0
924,0,0,0,0
925,1,1,1,0
926,0,0,0,0
927,0,0,0,1
928,0,0,1,0
929,0,0,0,1
930,1,0,1,0
931,0,0,0,1
932,0,0,0,0
933,0,0,1,0
934,0,0,0,1
935,0,0,0,1
936,0,0,1,0
937,0,0,1,0
938,0,0,0,0
939,0,0,1,0
940,1,1,0,1
941,0,0,0,1
942,0,0,0,1
943,0,0,0,0
944,0,0,0,1
945,1,1,1,0
946,0,0,1,0
947,0,0,1,0
948,0,0,0,0
949,0,0,0,1
950,1,1,0,1
951,0,0,0,1
952,0,0,0,0
953,0,0,0,1
954,0,0,1,0
955,1,1,1,0
956,0,0,1,0
957,0,0,0,1
958,0,0,0,1
959,0,0,1,0
960,1,1,0,0
961,0,0,1,0
962,0,0,0,1
963,0,0,0,1
964,0,0,0,1
965,1,0,1,0
966,0,0,0,0
967,0,0,0,1
968,0,0,1,0
969,0,0,0,1
970,0,1,1,0
971,0,0,0,1
972,0,0,1,0
973,0,0,1,0
974,0,0,0,0
975,1,0,1,0
976,0,0,1,0
977,0,0,0,0
978,0,0,1,0
979,0,0,0,1
980,0,0,1,0
981,0,0,0,1
982,0,0,0,1
983,0,0,1,0
984,0,0,1,0
985,1,1,0,0
986,0,0,0,1
987,0,0,0,1
988,0,0,1,0
989,0,0,0,1
990,1,1,0,0
991,0,0,0,0
992,0,0,1,0
993,0,0,1,0
994,0,0,0,0
995,1,1,0,1
996,0,0,0,1
997,0,0,0,1
998,0,0,1,0
999,0,0,1,0
1000,1,1,0,0
1001,0,0,1,0
1002,0,0,1,0
1003,0,0,0,1
1004,0,0,0,1
1005,1,0,1,0
1006,0,0,0,0
1007,0,0,1,0
1008,0,0,1,0
1009,0,0,0,1
1010,1,1,1,0
1011,0,0,0,0
1012,0,0,1,0
1013,0,0,1,0
1014,0,0,1,0
1015,1,1,0,0
1016,0,0,0,1
1017,0,0,0,1
1018,0,0,0,1
1019,0,0,0,0
1020,1,1,1,0
1021,0,0,0,1
1022,0,0,0,0
1023,0,0,1,0
1024,0,0,0,0
1025,1,1,0,1
1026,0,0,0,1
1027,0,0,0,1
1028,0,0,0,0
1029,0,0,1,0
1030,1,1,1,0
1031,0,0,1,0
1032,0,0,0,0
1033,0,0,0,1
1034,0,0,0,1
1035,1,1,1,0
1036,0,0,0,1
1037,0,0,0,0
1038,0,0,0,1
1039,0,0,0,1
1040,1,1,1,0
1041,0,0,1,0
1042,0,0,1,0
1043,0,0,0,1
1044,0,0,1,0
1045,1,1,0,0
1046,0,0,1,0
1047,0,0,0,0
1048,0,0,0,1
1049,0,0,1,0
1050,0,0,1,0
1051,0,0,0,1
1052,0,0,0,0
1053,0,0,1,0
1054,0,0,0,0
1055,1,0,0,1
1056,0,0,0,0
1057,0,0,0,1
1058,0,0,0,0
1059,0,0,1,0
1060,1,1,1,0
1061,0,0,0,0
1062,0,0,0,1
1063,0,0,0,0
1064,0,0,1,0
1065,1,1,0,1
1066,0,0,0,1
1067,0,0,0,1
1068,0,0,1,0
1069,0,0,0,0
1070,1,1,1,0
1071,0,0,1,0
1072,0,0,1,0
1073,0,0,0,0
1074,0,0,1,0
1075,1,1,0,1
1076,0,0,0,1
1077,0,0,1,0
1078,0,0,0,1
1079,0,0,1,0
1080,1,1,0,1
1081,0,0,0,0
1082,0,0,1,0
1083,0,0,0,0
1084,0,0,1,0
1085,1,1,1,0
1086,0,0,1,0
1087,0,0,0,1
1088,0,0,0,0
1089,0,0,1,0
1090,1,1,0,1
1091,0,0,0,1
1092,0,0,0,1
1093,0,0,1,0
1094,0,0,0,1
1095,1,1,0,0
1096,0,0,1,0
1097,0,0,1,0
1098,0,0,0,1
1099,0,0,0,1
1100,1,1,1,0
1101,0,0,0,0
1102,0,0,0,1
1103,0,0,0,1
1104,0,0,0,1
1105,1,1,0,0
1106,0,0,0,1
1107,0,0,0,1
1108,0,0,1,0
1109,0,0,0,0
1110,1,1,1,0
1111,0,0,1,0
1112,0,0,0,0
1113,0,0,1,0
1114,0,0,1,0
1115,1,1,0,1
1116,0,0,1,0
1117,0,0,0,1
1118,0,0,0,1
1119,0,0,0,1
1120,1,0,0,0
1121,0,0,0,1
1122,0,0,0,0
1123,0,0,0,0
1124,0,0,1,0
1125,0,1,1,0
1126,0,0,0,1
1127,0,0,0,0
1128,0,0,0,1
1129,0,0,0,1
1130,1,1,1,0
1131,0,0,0,1
1132,0,0,0,0
1133,0,0,1,0
1134,0,0,1,0
1135,1,1,1,0
1136,0,0,0,1
1137,0,0,0,1
1138,0,0,0,0
1139,0,0,0,1
1140,1,1,1,0
1141,0,0,0,1
1142,0,0,1,0
1143,0,0,1,0
1144,0,0,0,0
1145,1,1,0,1
1146,0,0,1,0
1147,0,0,1,0
1148,0,0,1,0
1149,0,0,0,1
1150,1,1,0,1
1151,0,0,0,1
1152,0,0,0,0
1153,0,0,1,0
1154,0,0,0,0
1155,1,0,1,0
1156,0,0,1,0
1157,0,0,0,1
1158,0,0,1,0
1159,0,0,0,0
1160,0,0,0,1
1161,0,0,1,0
1162,0,0,1,0
1163,0,0,1,0
1164,0,0,0,0
1165,1,1,0,1
1166,0,0,0,1
1167,0,0,1,0
1168,0,0,0,1
1169,0,0,1,0
1170,1,1,0,0
1171,0,0,0,1
1172,0,0,1,0
1173,0,0,1,0
1174,0,0,1,0
1175,1,1,0,0
1176,0,0,1,0
1177,0,0,0,1
1178,0,0,1,0
1179,0,0,0,1
1180,1,1,0,1
1181,0,0,0,0
1182,0,0,0,1
1183,0,0,1,0
1184,0,0,0,1
1185,1,1,1,0
1186,0,0,1,0
1187,0,0,0,0
1188,0,0,1,0
1189,0,0,0,1
1190,1,1,0,1
1191,0,0,0,1
1192,0,0,0,0
1193,0,0,0,1
1194,0,0,1,0
1195,0,1,1,0
1196,0,0,1,0
1197,0,0,0,0
1198,0,0,1,0
1199,0,0,0,1
1200,0,1,0,1
1201,0,0,0,1
1202,0,0,0,0
1203,0,0,1,0
1204,0,0,1,0
1205,1,0,1,0
1206,0,0,0,0
1207,0,0,0,1
1208,0,0,0,1
1209,0,0,0,1
1210,1,1,0,0
1211,0,0,1,0
1212,0,0,0,1
1213,0,0,1,0
1214,0,0,1,0
1215,1,1,0,0
1216,0,0,0,1
1217,0,0,0,1
1218,0,0,0,1
1219,0,0,0,0
1220,1,1,1,0
1221,0,0,1,0
1222,0,0,1,0
1223,0,0,0,0
1224,0,0,0,1
1225,1,1,0,1
1226,0,0,0,1
1227,0,0,0,0
1228,0,0,1,0
1229,0,0,0,1
1230,1,1,1,0
1231,0,0,1,0
1232,0,0,0,0
1233,0,0,0,0
1234,0,0,1,0
1235,0,1,1,0
1236,0,0,0,1
1237,0,0,1,0
1238,0,0,0,0
1239,0,0,0,1
1240,1,1,0,1
1241,0,0,0,1
1242,0,0,1,0
1243,0,0,0,0
1244,0,0,0,1
1245,1,1,1,0
1246,0,0,0,1
1247,0,0,1,0
1248,0,0,0,1
1249,0,0,0,0
1250,0,1,0,1
1251,0,0,1,0
1252,0,0,1,0
1253,0,0,0,0
1254,0,0,1,0
1255,1,0,1,0
1256,0,0,1,0
1257,0,0,0,0
1258,0,0,0,1
1259,0,0,0,1
1260,0,1,0,1
1261,0,0,1,0
1262,0,0,0,0
1263,0,0,1,0
1264,0,0,1,0
1265,0,0,1,0
1266,0,0,0,0
1267,0,0,0,1
1268,0,0,1,0
1269,0,0,0,1
1270,1,1,0,1
1271,0,0,0,0
1272,0,0,1,0
1273,0,0,1,0
1274,0,0,1,0
1275,1,1,0,0
1276,0,0,0,1
1277,0,0,0,1
1278,0,0,0,1
1279,0,0,0,0
1280,1,1,1,0
1281,0,0,1,0
1282,0,0,1,0
1283,0,0,0,1
1284,0,0,0,1
1285,1,1,0,0
1286,0,0,0,1
1287,0,0,1,0
1288,0,0,1,0
1289,0,0,0,1
1290,0,0,0,1
1291,0,0,0,0
1292,0,0,0,0
1293,0,0,0,1
1294,0,0,1,0
1295,1,0,0,1
1296,0,0,0,1
1297,0,0,0,0
1298,0,0,1,0
1299,0,0,1,0
1300,1,0,0,1
1301,0,0,1,0
1302,0,0,0,0
1303,0,0,0,1
1304,0,0,0,1
1305,1,1,0,1
1306,0,0,1,0
1307,0,0,0,0
1308,0,0,0,1
1309,0,0,0,1
1310,1,1,1,0
1311,0,0,1,0
1312,0,0,1,0
1313,0,0,4,0
1314,0,0,0,0
1315,1,1,1,0
1316,0,0,0,1
1317,0,0,1,0
1318,0,0,0,1
1319,0,0,0,1
1320,0,1,1,0
1321,0,0,1,0
1322,0,0,0,0
1323,0,0,0,1
1324,0,0,0,0
1325,1,1,0,1
1326,0,0,0,0
1327,0,0,1,0
1328,0,0,1,0
1329,0,0,1,0
1330,1,1,0,1
1331,0,0,0,0
1332,0,0,1,0
1333,0,0,1,0
1334,0,0,0,1
1335,1,1,1,0
1336,0,0,0,1
1337,0,0,0,1
1338,0,0,0,1
1339,0,0,0,0
1340,1,1,0,1
1341,0,0,0,0
1342,0,0,1,0
1343,0,0,1,0
1344,0,0,1,0
1345,1,1,0,1
1346,0,0,0,1
1347,0,0,0,0
1348,0,0,0,1
1349,0,0,0,1
1350,0,0,0,1
1351,0,0,0,0
1352,0,0,0,1
1353,0,0,1,0
1354,0,0,1,0
1355,1,1,1,0
1356,0,0,0,1
1357,0,0,0,1
1358,0,0,1,0
1359,0,0,0,0
1360,1,1,1,0
1361,0,0,0,0
1362,0,0,0,1
1363,0,0,0,1
1364,0,0,0,1
1365,1,1,0,0
1366,0,0,0,1
1367,0,0,1,0
1368,0,0,0,1
1369,0,0,1,0
1370,1,1,1,0
1371,0,0,0,0
1372,0,0,0,0
1373,0,0,1,0
1374,0,0,1,0
1375,1,1,1,0
1376,0,0,0,1
1377,0,0,0,0
1378,0,0,0,1
1379,0,0,1,0
1380,1,1,0,1
1381,0,0,1,0
1382,0,0,0,1
1383,0,0,0,0
1384,0,0,0,1
1385,1,1,1,0
1386,0,0,1,0
1387,0,0,0,1
1388,0,0,1,0
1389,0,0,0,0
1390,1,1,0,1
1391,0,0,0,1
1392,0,0,0,1
1393,0,0,1,0
1394,0,0,0,0
1395,1,1,1,0
1396,0,0,1,0
1397,0,0,1,0
1398,0,0,0,0
1399,0,0,1,0
1400,1,1,1,0
1401,0,0,0,1
1402,0,0,0,1
1403,0,0,1,0
1404,0,0,0,1
1405,1,1,1,0
1406,0,0,0,0
1407,0,0,1,0
1408,0,0,1,0
1409,0,0,0,0
1410,1,1,0,0
1411,0,0,1,0
1412,0,0,0,1
1413,0,0,1,0
1414,0,0,1,0
1415,1,1,0,1
1416,0,0,0,0
1417,0,0,1,0
1418,0,0,0,1
1419,0,0,1,0
1420,1,1,1,0
1421,0,0,0,0
1422,0,0,0,1
1423,0,0,0,0
1424,0,0,0,1
1425,1,1,0,0
1426,0,0,1,0
1427,0,0,1,0
1428,0,0,0,1
1429,0,0,1,0
1430,1,1,0,0
1431,0,0,0,1
1432,0,0,0,1
1433,0,0,1,0
1434,0,0,0,1
1435,1,1,0,0
1436,0,0,0,1
1437,0,0,1,0
1438,0,0,1,0
1439,0,0,1,0
1440,1,1,0,0
1441,0,0,0,1
1442,0,0,0,1
1443,0,0,0,1
1444,0,0,1,0
1445,1,1,1,0
1446,0,0,1,0
1447,0,0,0,1
1448,0,0,0,0
1449,0,0,1,0
1450,1,1,0,0
1451,0,0,1,0
1452,0,0,0,0
1453,0,0,1,0
1454,0,0,0,1
1455,1,1,0,1
1456,0,0,1,0
1457,0,0,0,1
1458,0,0,0,0
1459,0,0,0,1
1460,1,0,0,1
1461,0,0,0,1
1462,0,0,0,0
1463,0,0,1,0
1464,0,0,1,0
1465,1,1,0,1
1466,0,0,0,1
1467,0,0,1,0
1468,0,0,1,0
1469,0,0,0,0
1470,1,1,0,1
1471,0,0,0,1
1472,0,0,0,1
1473,0,0,1,0
1474,0,0,0,0
1475,1,1,1,0
1476,0,0,1,0
1477,0,0,1,0
1478,0,0,0,0
1479,0,0,1,0
1480,1,1,0,1
1481,0,0,0,1
1482,0,0,0,1
1483,0,0,0,0
1484,0,0,0,0
1485,1,1,0,1
1486,0,0,0,1
1487,0,0,0,1
1488,0,0,0,0
1489,0,0,1,0
1490,1,1,1,0
1491,0,0,1,0
1492,0,0,0,0
1493,0,0,1,0
1494,0,0,0,1
1495,1,1,0,1
1496,0,0,1,0
1497,0,0,0,1
1498,0,0,0,0
1499,0,0,1,0
1500,1,1,1,0
1501,0,0,1,0
1502,0,0,0,1
1503,0,0,0,0
1504,0,0,0,1
1505,0,1,0,1
1506,0,0,0,1
1507,0,0,0,0
1508,0,0,1,0
1509,0,0,1,0
1510,0,1,1,0
1511,0,0,0,0
1512,0,0,1,0
1513,0,0,1,0
1514,0,0,0,1
1515,0,1,0,1
1516,0,0,0,1
1517,0,0,0,0
1518,0,0,0,0
1519,0,0,1,0
1520,1,1,1,0
1521,0,0,0,0
1522,0,0,0,1
1523,0,0,0,1
1524,0,0,0,1
1525,1,1,0,0
1526,0,0,0,1
1527,0,0,1,0
1528,0,0,0,1
1529,0,0,1,0
1530,1,1,1,0
1531,0,0,0,0
1532,0,0,0,1
1533,0,0,0,1
1534,0,0,0,1
1535,1,1,1,0
1536,0,0,0,0
1537,0,0,1,0
1538,0,0,0,1
1539,0,0,1,0
1540,1,0,1,0
1541,0,0,0,0
1542,0,0,1,0
1543,0,0,0,1
1544,0,0,1,0
1545,1,0,1,0
1546,0,0,0,0
1547,0,0,0,1
1548,0,0,1,0
1549,0,0,1,0
1550,0,1,0,1
1551,0,0,0,1
1552,0,0,0,0
1553,0,0,1,0
1554,0,0,0,1
1555,1,1,1,0
1556,0,0,1,0
1557,0,0,0,0
1558,0,0,1,0
1559,0,0,1,0
1560,1,1,0,1
1561,0,0,0,1
1562,0,0,1,0
1563,0,0,0,1
1564,0,0,0,1
1565,1,1,0,0
1566,0,0,0,1
1567,0,0,0,0
1568,0,0,1,0
1569,0,0,1,0
1570,1,1,1,0
1571,0,0,0,0
1572,0,0,0,1
1573,0,0,0,1
1574,0,0,0,1
1575,1,1,0,0
1576,0,0,1,0
1577,0,0,1,0
1578,0,0,1,0
1579,0,0,0,0
1580,1,1,1,0
1581,0,0,1,0
1582,0,0,0,1
1583,0,0,0,1
1584,0,0,0,1
1585,1,0,1,0
1586,0,0,0,1
1587,0,0,0,0
1588,0,0,1,0
1589,0,0,1,0
1590,1,0,1,0
1591,0,0,0,0
1592,0,0,0,1
1593,0,0,0,1
1594,0,0,1,0
1595,1,1,0,1
1596,0,0,0,0
1597,0,0,1,0
1598,0,0,1,0
1599,0,0,1,0
1600,0,0,0,1
1601,0,0,0,1
1602,0,0,0,1
1603,0,0,0,0
1604,0,0,1,0
1605,1,1,0,0
1606,0,0,0,1
1607,0,0,1,0
1608,0,0,1,0
1609,0,0,1,0
1610,0,1,0,1
1611,0,0,0,1
1612,0,0,0,1
1613,0,0,0,0
1614,0,0,0,0
1615,1,1,0,1
1616,0,0,0,1
1617,0,0,0,1
1618,0,0,0,0
1619,0,0,1,0
1620,1,1,0,1
1621,0,0,1,0
1622,0,0,1,0
1623,0,0,0,0
1624,0,0,0,1
1625,1,1,0,1
1626,0,0,1,0
1627,0,0,0,1
1628,0,0,1,0
1629,0,0,1,0
1630,0,1,0,1
1631,0,0,0,0
1632,0,0,0,1
1633,0,0,0,0
1634,0,0,1,0
1635,0,1,0,1
1636,0,0,1,0
1637,0,0,0,1
1638,0,0,1,0
1639,0,0,0,0
1640,1,1,1,0
1641,0,0,0,1
1642,0,0,0,1
1643,0,0,1,0
1644,0,0,0,1
1645,0,0,1,0
1646,0,0,0,1
1647,0,0,0,0
1648,0,0,0,1
1649,0,0,0,0
1650,1,1,1,0
1651,0,0,1,0
1652,0,0,1,0
1653,0,0,0,0
1654,0,0,0,1
1655,1,1,0,1
1656,0,0,0,1
1657,0,0,0,0
1658,0,0,1,0
1659,0,0,0,1
1660,1,1,1,0
1661,0,0,0,1
1662,0,0,0,1
1663,0,0,1,0
1664,0,0,1,0
1665,1,1,0,0
1666,0,0,0,1
1667,0,0,0,1
1668,0,0,0,1
1669,0,0,0,0
1670,1,1,0,1
1671,0,0,1,0
1672,0,0,0,0
1673,0,0,0,1
1674,0,0,1,0
1675,1,1,1,0
1676,0,0,0,1
1677,0,0,0,1
1678,0,0,1,0
1679,0,0,1,0
1680,0,1,0,0
1681,0,0,1,0
1682,0,0,0,0
1683,0,0,1,0
1684,0,0,0,1
1685,0,1,1,0
1686,0,0,1,0
1687,0,0,0,0
1688,0,0,0,1
1689,0,0,0,1
1690,0,0,0,1
1691,0,0,0,0
1692,0,0,1,0
1693,0,0,0,1
1694,0,0,1,0
1695,1,1,1,0
1696,0,0,0,0
1697,0,0,0,1
1698,0,0,1,0
1699,0,0,1,0
1700,0,0,0,1
1701,0,0,1,0
1702,0,0,0,1
1703,0,0,1,0
1704,0,0,0,0
1705,0,1,0,1
1706,0,0,0,0
1707,0,0,1,0
1708,0,0,1,0
1709,0,0,0,1
1710,1,1,0,1
1711,0,0,0,1
1712,0,0,0,0
1713,0,0,1,0
1714,0,0,0,1
1715,0,0,0,1
1716,0,0,0,1
1717,0,0,0,0
1718,0,0,1,0
1719,0,0,1,0
1720,1,1,1,0
1721,0,0,0,0
1722,0,0,0,1
1723,0,0,0,1
1724,0,0,0,1
1725,1,1,1,0
1726,0,0,0,0
1727,0,0,0,1
1728,0,0,1,0
1729,0,0,1,0
1730,1,1,1,0
1731,0,0,0,0
1732,0,0,1,0
1733,0,0,1,0
1734,0,0,0,1
1735,1,1,0,1
1736,0,0,0,0
1737,0,0,0,1
1738,0,0,0,0
1739,0,0,1,0
1740,1,1,1,0
1741,0,0,1,0
1742,0,0,0,0
1743,0,0,0,0
1744,0,0,1,0
1745,1,0,1,0
1746,0,0,1,0
1747,0,0,0,0
1748,0,0,1,0
1749,0,0,0,1
1750,1,1,0,1
1751,0,0,1,0
1752,0,0,0,1
1753,0,0,0,0
1754,0,0,1,0
1755,0,0,0,1
1756,0,0,0,1
1757,0,0,1,0
1758,0,0,0,1
1759,0,0,0,0
1760,1,1,0,1
1761,0,0,0,1
1762,0,0,0,1
1763,0,0,0,0
1764,0,0,1,0
1765,1,1,1,0
1766,0,0,1,0
1767,0,0,0,0
1768,0,0,0,1
1769,0,0,1,0
1770,0,1,1,0
1771,0,0,0,1
1772,0,0,0,1
1773,0,0,0,0
1774,0,0,1,0
1775,0,0,1,0
1776,0,0,1,0
1777,0,0,0,0
1778,0,0,0,1
1779,0,0,0,1
1780,0,0,0,1
1781,0,0,0,0
1782,0,0,1,0
1783,0,0,1,0
1784,0,0,1,0
1785,1,1,0,0
1786,0,0,0,1
1787,0,0,0,1
1788,0,0,0,1
1789,0,0,0,0
1790,1,1,1,0
1791,0,0,0,1
1792,0,0,0,0
1793,0,0,0,1
1794,0,0,0,0
1795,1,1,0,0
1796,0,0,1,0
1797,0,0,1,0
1798,0,0,0,1
1799,0,0,0,1
1800,0,0,0,0
1801,0,0,1,0
1802,0,0,0,0
1803,0,0,1,0
1804,0,0,0,1
1805,1,1,0,1
1806,0,0,1,0
1807,0,0,0,1
1808,0,0,0,1
1809,0,0,0,0
1810,0,1,0,1
1811,0,0,0,0
1812,0,0,0,1
1813,0,0,1,0
1814,0,0,0,1
1815,0,0,1,0
1816,0,0,0,1
1817,0,0,0,0
1818,0,0,1,0
1819,0,0,0,1
1820,0,0,0,1
1821,0,0,0,1
1822,0,0,0,0
1823,0,0,1,0
1824,0,0,1,0
1825,1,0,1,0
1826,0,0,0,0
1827,0,0,0,1
1828,0,0,0,1
1829,0,0,1,0
1830,1,1,0,1
1831,0,0,0,0
1832,0,0,1,0
1833,0,0,1,0
1834,0,0,0,0
1835,1,1,0,0
1836,0,0,0,1
1837,0,0,0,1
1838,0,0,0,0
1839,0,0,0,0
1840,1,1,0,0
1841,0,0,1,0
1842,0,0,0,1
1843,0,0,1,0
1844,0,0,0,0
1845,1,1,0,1
1846,0,0,1,0
1847,0,0,1,0
1848,0,0,0,1
1849,0,0,1,0
1850,1,1,0,0
1851,0,0,0,1
1852,0,0,1,0
1853,0,0,1,0
1854,0,0,1,0
1855,0,1,0,1
1856,0,0,0,0
1857,0,0,1,0
1858,0,0,0,1
1859,0,0,0,1
1860,1,1,0,1
1861,0,0,0,0
1862,0,0,1,0
1863,0,0,1,0
1864,0,0,1,0
1865,1,1,0,0
1866,0,0,0,1
1867,0,0,1,0
1868,0,0,0,1
1869,0,0,0,1
1870,1,1,0,0
1871,0,0,1,0
1872,0,0,1,0
1873,0,0,0,0
1874,0,0,1,0
1875,1,1,0,0
1876,0,0,0,1
1877,0,0,0,0
1878,0,0,1,0
1879,0,0,0,0
1880,1,1,1,0
1881,0,0,0,0
1882,0,0,0,1
1883,0,0,0,1
1884,0,0,0,1
1885,1,1,0,0
1886,0,0,1,0
1887,0,0,1,0
1888,0,0,1,0
1889,0,0,0,0
1890,1,1,0,1
1891,0,0,0,1
1892,0,0,0,1
1893,0,0,0,0
1894,0,0,1,0
1895,1,1,1,0
1896,0,0,1,0
1897,0,0,0,0
1898,0,0,1,0
1899,0,0,1,0
1900,0,1,0,1
1901,0,0,0,0
1902,0,0,1,0
1903,0,0,1,0
1904,0,0,0,1
1905,1,1,1,0
1906,0,0,0,0
1907,0,0,0,1
1908,0,0,0,1
1909,0,0,0,1
1910,1,1,0,0
1911,0,0,1,0
1912,0,0,1,0
1913,0,0,1,0
1914,0,0,0,1
1915,1,1,0,0
1916,0,0,0,0
1917,0,0,0,1
1918,0,0,1,0
1919,0,0,0,1
1920,1,0,1,0
1921,0,0,1,0
1922,0,0,0,0
1923,0,0,0,1
1924,0,0,0,0
1925,0,1,0,1
1926,0,0,0,0
1927,0,0,0,1
1928,0,0,0,0
1929,0,0,1,0
1930,1,0,0,1
1931,0,0,0,1
1932,0,0,1,0
1933,0,0,0,0
1934,0,0,0,1
1935,1,1,0,1
1936,0,0,1,0
1937,0,0,0,0
1938,0,0,0,1
1939,0,0,0,0
1940,1,1,1,0
1941,0,0,0,0
1942,0,0,1,0
1943,0,0,0,1
1944,0,0,1,0
1945,0,1,0,1
1946,0,0,0,1
1947,0,0,1,0
1948,0,0,1,0
1949,0,0,0,0
1950,1,1,0,1
1951,0,0,0,0
1952,0,0,1,0
1953,0,0,0,1
1954,0,0,0,1
1955,1,1,0,0
1956,0,0,1,0
1957,0,0,1,0
1958,0,0,0,1
1959,0,0,0,0
1960,1,1,0,1
1961,0,0,1,0
1962,0,0,0,1
1963,0,0,0,1
1964,0,0,0,0
1965,1,1,1,0
1966,0,0,1,0
1967,0,0,1,0
1968,0,0,0,0
1969,0,0,1,0
1970,1,1,0,1
1971,0,0,0,1
1972,0,0,1,0
1973,0,0,1,0
1974,0,0,0,0
1975,1,1,1,0
1976,0,0,1,0
1977,0,0,1,0
1978,0,0,0,1
1979,0,0,0,0
1980,1,1,0,1
1981,0,0,1,0
1982,0,0,1,0
1983,0,0,0,1
1984,0,0,1,0
1985,1,0,0,0
1986,0,0,0,1
1987,0,0,0,1
1988,0,0,1,0
1989,0,0,0,0
1990,1,1,1,0
1991,0,0,0,1
1992,0,0,0,0
1993,0,0,0,1
1994,0,0,1,0
1995,1,0,0,1
1996,0,0,1,0
1997,0,0,0,0
1998,0,0,0,1
1999,0,0,0,1
2000,0,0,1,0
2001,0,0,0,1
2002,0,0,1,0
2003,0,0,0,0
2004,0,0,0,0
2005,0,1,0,1
2006,0,0,0,0
2007,0,0,0,0
2008,0,0,1,0
2009,0,0,0,0
2010,1,1,0,1
2011,0,0,0,1
2012,0,0,0,1
2013,0,0,1,0
2014,0,0,1,0
2015,1,1,0,0
2016,0,0,0,1
2017,0,0,0,1
2018,0,0,0,1
2019,0,0,1,0
2020,1,1,0,0
2021,0,0,0,1
2022,0,0,1,0
2023,0,0,0,1
2024,0,0,1,0
2025,1,1,0,1
2026,0,0,0,0
2027,0,0,1,0
2028,0,0,1,0
2029,0,0,0,1
2030,1,1,1,0
2031,0,0,0,1
2032,0,0,0,0
2033,0,0,0,1
2034,0,0,1,0
2035,1,1,0,1
2036,0,0,0,1
2037,0,0,1,0
2038,0,0,1,0
2039,0,0,0,0
2040,0,0,0,1
2041,0,0,0,0
2042,0,0,1,0
2043,0,0,0,1
2044,0,0,0,0
2045,1,1,1,0
2046,0,0,1,0
2047,0,0,0,0
2048,0,0,0,1
2049,0,0,0,0
2050,1,1,0,1
2051,0,0,1,0
2052,0,0,0,1
2053,0,0,0,1
2054,0,0,0,0
2055,1,1,1,0
2056,0,0,0,0
2057,0,0,1,0
2058,0,0,0,1
2059,0,0,0,1
2060,1,1,1,0
2061,0,0,0,0
2062,0,0,0,1
2063,0,0,0,1
2064,0,0,1,0
2065,0,1,1,0
2066,0,0,0,1
2067,0,0,1,0
2068,0,0,1,0
2069,0,0,0,0
2070,1,1,1,0
2071,0,0,0,0
2072,0,0,1,0
2073,0,0,0,0
2074,0,0,1,0
2075,1,1,0,1
2076,0,0,0,0
2077,0,0,0,1
2078,0,0,1,0
2079,0,0,0,1
2080,0,0,1,0
2081,0,0,1,0
2082,0,0,0,1
2083,0,0,0,1
2084,0,0,0,0
2085,1,1,1,0
2086,0,0,0,1
2087,0,0,1,0
2088,0,0,0,1
2089,0,0,1,0
2090,1,1,1,0
2091,0,0,0,0
2092,0,0,0,1
2093,0,0,0,1
2094,0,0,1,0
2095,1,1,1,0
2096,0,0,1,0
2097,0,0,0,0
2098,0,0,1,0
2099,0,0,1,0
2100,1,1,0,0
2101,0,0,0,0
2102,0,0,0,1
2103,0,0,1,0
2104,0,0,0,1
2105,0,1,1,0
2106,0,0,0,1
2107,0,0,0,0
2108,0,0,1,0
2109,0,0,0,1
2110,1,0,1,0
2111,0,0,1,0
2112,0,0,0,0
2113,0,0,1,0
2114,0,0,0,1
2115,0,1,0,1
2116,0,0,0,1
2117,0,0,0,0
2118,0,0,1,0
2119,0,0,1,0
2120,1,1,0,1
2121,0,0,0,1
2122,0,0,1,0
2123,0,0,0,1
2124,0,0,1,0
2125,1,1,0,0
2126,0,0,0,0
2127,0,0,0,1
2128,0,0,0,1
2129,0,0,1,0
2130,1,1,1,0
2131,0,0,1,0
2132,0,0,0,0
2133,0,0,0,1
2134,0,0,1,0
2135,0,1,1,0
2136,0,0,0,0
2137,0,0,1,0
2138,0,0,0,1
2139,0,0,1,0
2140,0,1,0,1
2141,0,0,0,1
2142,0,0,0,0
2143,0,0,0,1
2144,0,0,1,0
2145,1,1,1,0
2146,0,0,1,0
2147,0,0,0,1
2148,0,0,0,1
2149,0,0,1,0
2150,1,1,0,0
2151,0,0,1,0
2152,0,0,0,0
2153,0,0,0,1
2154,0,0,1,0
2155,1,1,1,0
2156,0,0,1,0
2157,0,0,0,0
2158,0,0,1,0
2159,0,0,1,0
2160,0,1,0,1
2161,0,0,1,0
2162,0,0,0,0
2163,0,0,1,0
2164,0,0,1,0
2165,1,0,0,0
2166,0,0,0,1
2167,0,0,1,0
2168,0,0,1,0
2169,0,0,0,1
2170,0,0,1,0
2171,0,0,0,0
2172,0,0,1,0
2173,0,0,1,0
2174,0,0,1,0
2175,1,1,0,1
2176,0,0,0,1
2177,0,0,0,1
2178,0,0,0,1
2179,0,0,0,0
2180,1,1,1,0
2181,0,0,1,0
2182,0,0,0,0
2183,0,0,0,0
2184,0,0,1,0
2185,1,1,1,0
2186,0,0,0,1
2187,0,0,0,1
2188,0,0,0,1
2189,0,0,0,0
2190,1,1,1,0
2191,0,0,1,0
2192,0,0,1,0
2193,0,0,0,1
2194,0,0,0,0
2195,1,1,0,1
2196,0,0,0,1
2197,0,0,0,1
2198,0,0,0,0
2199,0,0,0,0
2200,1,0,0,1
2201,0,0,0,1
2202,0,0,1,0
2203,0,0,1,0
2204,0,0,0,1
2205,0,1,0,0
2206,0,0,1,0
2207,0,0,0,0
2208,0,0,0,1
2209,0,0,1,0
2210,0,0,1,0
2211,0,0,0,1
2212,0,0,0,1
2213,0,0,0,0
2214,0,0,1,0
2215,0,0,1,0
2216,0,0,1,0
2217,0,0,0,0
2218,0,0,0,1
2219,0,0,0,1
2220,1,1,0,1
2221,0,0,0,0
2222,0,0,1,0
2223,0,0,1,0
2224,0,0,1,0
2225,1,1,0,1
2226,0,0,0,0
2227,0,0,0,1
2228,0,0,1,0
2229,0,0,1,0
2230,1,1,1,0
2231,0,0,0,1
2232,0,0,0,0
2233,0,0,1,0
2234,0,0,1,0
2235,1,0,1,0
2236,0,0,0,0
2237,0,0,1,0
2238,0,0,1,0
2239,0,0,1,0
2240,1,1,0,0
2241,0,0,0,1
2242,0,0,0,1
2243,0,0,1,0
2244,0,0,1,0
2245,1,1,0,0
2246,0,0,0,1
2247,0,0,1,0
2248,0,0,1,0
2249,0,0,0,1
2250,1,1,1,0
2251,0,0,0,0
2252,0,0,0,0
2253,0,0,0,0
2254,0,0,0,1
2255,1,0,1,0
2256,0,0,0,1
2257,0,0,0,0
2258,0,0,0,1
2259,0,0,0,1
2260,1,1,0,1
2261,0,0,0,0
2262,0,0,0,1
2263,0,0,0,1
2264,0,0,1,0
2265,1,1,1,0
2266,0,0,0,1
2267,0,0,1,0
2268,0,0,1,0
2269,0,0,0,0
2270,1,1,0,1
2271,0,0,1,0
2272,0,0,1,0
2273,0,0,1,0
2274,0,0,0,0
2275,1,1,1,0
2276,0,0,0,1
2277,0,0,0,1
2278,0,0,1,0
2279,0,0,1,0
2280,0,1,0,1
2281,0,0,0,1
2282,0,0,0,0
2283,0,0,0,1
2284,0,0,0,0
2285,1,1,1,0
2286,0,0,1,0
2287,0,0,1,0
2288,0,0,0,0
2289,0,0,0,1
2290,1,1,0,1
2291,0,0,0,1
2292,0,0,0,0
2293,0,0,1,0
2294,0,0,1,0
2295,0,0,1,0
2296,0,0,0,1
2297,0,0,0,0
2298,0,0,0,1
2299,0,0,0,1
2300,1,0,0,1
2301,0,0,0,0
2302,0,0,1,0
2303,0,0,1,0
2304,0,0,0,1
2305,1,1,1,0
2306,0,0,0,1
2307,0,0,0,1
2308,0,0,0,1
2309,0,0,0,0
2310,0,1,0,1
2311,0,0,0,0
2312,0,0,1,0
2313,0,0,0,0
2314,0,0,1,0
2315,1,1,0,0
2316,0,0,1,0
2317,0,0,0,1
2318,0,0,0,1
2319,0,0,0,1
2320,0,0,0,0
2321,0,0,0,1
2322,0,0,0,1
2323,0,0,1,0
2324,0,0,1,0
2325,0,1,1,0
2326,0,0,0,0
2327,0,0,0,1
2328,0,0,0,1
2329,0,0,1,0
2330,0,0,0,1
2331,0,0,0,0
2332,0,0,0,1
2333,0,0,0,1
2334,0,0,1,0
2335,0,1,1,0
2336,0,0,0,1
2337,0,0,1,0
2338,0,0,0,1
2339,0,0,0,0
2340,0,1,1,0
2341,0,0,0,0
2342,0,0,0,0
2343,0,0,0,1
2344,0,0,0,0
2345,1,1,0,0
2346,0,0,1,0
2347,0,0,1,0
2348,0,0,0,1
2349,0,0,1,0
2350,1,1,0,0
2351,0,0,0,1
2352,0,0,1,0
2353,0,0,0,1
2354,0,0,1,0
2355,1,0,0,1
2356,0,0,1,0
2357,0,0,0,1
2358,0,0,0,0
2359,0,0,1,0
2360,1,1,1,0
2361,0,0,1,0
2362,0,0,0,0
2363,0,0,0,0
2364,0,0,1,0
2365,1,0,0,1
2366,0,0,1,0
2367,0,0,0,1
2368,0,0,1,0
2369,0,0,0,1
2370,0,0,1,0
2371,0,0,0,0
2372,0,0,1,0
2373,0,0,0,0
2374,0,0,0,1
2375,0,0,0,0
2376,0,0,1,0
2377,0,0,1,0
2378,0,0,1,0
2379,0,0,0,1
2380,0,1,0,1
2381,0,0,0,1
2382,0,0,0,1
2383,0,0,0,0
2384,0,0,1,0
2385,0,1,1,0
2386,0,0,1,0
2387,0,0,0,0
2388,0,0,1,0
2389,0,0,0,1
2390,1,1,0,1
2391,0,0,1,0
2392,0,0,0,1
2393,0,0,1,0
2394,0,0,0,1
2395,1,1,0,0
2396,0,0,0,1
2397,0,0,0,1
2398,0,0,1,0
2399,0,0,0,1
2400,1,0,0,0
2401,0,0,1,0
2402,0,0,0,1
2403,0,0,1,0
2404,0,0,1,0
2405,0,1,0,0
2406,0,0,1,0
2407,0,0,0,1
2408,0,0,1,0
2409,0,0,1,0
2410,0,0,0,0
2411,0,0,1,0
2412,0,0,0,1
2413,0,0,0,1
2414,0,0,1,0
2415,1,1,0,1
2416,0,0,1,0
2417,0,0,1,0
2418,0,0,0,0
2419,0,0,1,0
2420,1,1,0,0
2421,0,0,1,0
2422,0,0,0,1
2423,0,0,0,1
2424,0,0,1,0
2425,1,1,1,0
2426,0,0,0,1
2427,0,0,1,0
2428,0,0,0,0
2429,0,0,0,1
2430,1,1,0,1
2431,0,0,0,1
2432,0,0,0,0
2433,0,0,1,0
2434,0,0,1,0
2435,1,1,1,0
2436,0,0,0,0
2437,0,0,0,0
2438,0,0,1,0
2439,0,0,1,0
2440,1,1,0,1
2441,0,0,0,1
2442,0,0,0,1
2443,0,0,0,0
2444,0,0,0,0
2445,1,1,1,0
2446,0,0,0,1
2447,0,0,1,0
2448,0,0,1,0
2449,0,0,0,1
2450,1,1,0,1
2451,0,0,0,1
2452,0,0,0,0
2453,0,0,1,0
2454,0,0,0,0
2455,1,1,1,0
2456,0,0,0,1
2457,0,0,1,0
2458,0,0,1,0
2459,0,0,0,0
2460,1,1,0,1
2461,0,0,0,1
2462,0,0,1,0
2463,0,0,0,1
2464,0,0,0,0
2465,1,1,1,0
2466,0,0,0,0
2467,0,0,1,0
2468,0,0,0,1
2469,0,0,0,0
2470,1,1,1,0
2471,0,0,0,1
2472,0,0,1,0
2473,0,0,1,0
2474,0,0,0,0
2475,1,1,0,1
2476,0,0,0,1
2477,0,0,1,0
2478,0,0,1,0
2479,0,0,0,1
2480,1,1,1,0
2481,0,0,1,0
2482,0,0,0,0
2483,0,0,1,0
2484,0,0,0,1
2485,1,1,0,1
2486,0,0,1,0
2487,0,0,0,1
2488,0,0,0,0
2489,0,0,1,0
2490,1,1,0,0
2491,0,0,0,0
2492,0,0,0,0
2493,0,0,1,0
2494,0,0,0,1
2495,1,1,0,1
2496,0,0,0,1
2497,0,0,0,0
2498,0,0,1,0
2499,0,0,1,0
2500,1,1,1,0
2501,0,0,0,0
2502,0,0,0,1
2503,0,0,1,0
2504,0,0,1,0
2505,1,1,0,1
2506,0,0,1,0
2507,0,0,0,0
2508,0,0,0,1
2509,0,0,1,0
2510,1,1,1,0
2511,0,0,0,1
2512,0,0,1,0
2513,0,0,0,0
2514,0,0,1,0
2515,1,1,1,0
2516,0,0,0,1
2517,0,0,0,1
2518,0,0,0,1
2519,0,0,0,0
2520,1,1,1,0
2521,0,0,0,1
2522,0,0,1,0
2523,0,0,1,0
2524,0,0,1,0
2525,1,1,0,0
2526,0,0,0,1
2527,0,0,0,1
2528,0,0,1,0
2529,0,0,0,1
2530,1,1,1,0
2531,0,0,0,0
2532,0,0,1,0
2533,0,0,1,0
2534,0,0,0,1
2535,1,1,1,0
2536,0,0,0,1
2537,0,0,0,1
2538,0,0,0,0
2539,0,0,0,0
2540,1,1,1,0
2541,0,0,0,0
2542,0,0,0,1
2543,0,0,0,1
2544,0,0,0,1
2545,1,1,1,0
2546,0,0,0,0
2547,0,0,1,0
2548,0,0,1,0
2549,0,0,0,0
2550,1,1,0,0
2551,0,0,1,0
2552,0,0,0,1
2553,0,0,1,0
2554,0,0,0,1
2555,1,1,0,1
2556,0,0,1,0
2557,0,0,1,0
2558,0,0,0,0
2559,0,0,1,0
2560,1,1,1,0
2561,0,0,0,1
2562,0,0,1,0
2563,0,0,0,0
2564,0,0,1,0
2565,1,1,0,1
2566,0,0,1,0
2567,0,0,0,1
2568,0,0,0,1
2569,0,0,0,0
2570,1,1,1,0
2571,0,0,1,0
2572,0,0,1,0
2573,0,0,0,1
2574,0,0,0,0
2575,1,1,0,1
2576,0,0,1,0
2577,0,0,0,1
2578,0,0,1,0
2579,0,0,0,0
2580,1,1,0,0
2581,0,0,1,0
2582,0,0,1,0
2583,0,0,0,0
2584,0,0,0,1
2585,1,1,1,0
2586,0,0,0,0
2587,0,0,1,0
2588,0,0,0,1
2589,0,0,1,0
2590,1,1,0,0
2591,0,0,1,0
2592,0,0,1,0
2593,0,0,1,0
2594,0,0,0,0
2595,1,1,0,1
2596,0,0,0,1
2597,0,0,1,0
2598,0,0,1,0
2599,0,0,1,0
2600,1,1,0,1
2601,0,0,0,1
2602,0,0,0,0
2603,0,0,1,0
2604,0,0,1,0
2605,1,1,1,0
2606,0,0,0,0
2607,0,0,0,1
2608,0,0,0,1
2609,0,0,0,1
2610,1,1,1,0
2611,0,0,0,0
2612,0,0,1,0
2613,0,0,1,0
2614,0,0,1,0
2615,1,1,0,0
2616,0,0,0,1
2617,0,0,1,0
2618,0,0,0,1
2619,0,0,1,0
2620,1,1,0,1
2621,0,0,0,1
2622,0,0,0,0
2623,0,0,0,0
2624,0,0,1,0
2625,1,1,1,0
2626,0,0,0,0
2627,0,0,0,1
2628,0,0,0,1
2629,0,0,0,1
2630,1,1,1,0
2631,0,0,0,0
2632,0,0,1,0
2633,0,0,1,0
2634,0,0,1,0
2635,1,1,0,0
2636,0,0,0,1
2637,0,0,1,0
2638,0,0,0,1
2639,0,0,0,1
2640,1,1,1,0
2641,0,0,0,0
2642,0,0,1,0
2643,0,0,1,0
2644,0,0,1,0
2645,1,1,0,0
2646,0,0,1,0
2647,0,0,1,0
2648,0,0,0,1
2649,0,0,0,1
2650,1,1,1,0
2651,0,0,0,1
2652,0,0,1,0
2653,0,0,0,0
2654,0,0,0,1
2655,1,1,0,0
2656,0,0,0,0
2657,0,0,0,1
2658,0,0,0,1
2659,0,0,0,1
2660,1,1,0,0
2661,0,0,1,0
2662,0,0,1,0
2663,0,0,1,0
2664,0,0,0,1
2665,1,1,0,0
2666,0,0,1,0
2667,0,0,0,1
2668,0,0,0,1
2669,0,0,0,1
2670,1,1,0,0
2671,0,0,1,0
2672,0,0,1,0
2673,0,0,1,0
2674,0,0,0,1
2675,1,1,0,0
2676,0,0,0,1
2677,0,0,1,0
2678,0,0,1,0
2679,0,0,0,1
2680,1,1,0,1
2681,0,0,0,0
2682,0,0,1,0
2683,0,0,1,0
2684,0,0,1,0
2685,1,1,0,0
2686,0,0,0,1
2687,0,0,0,1
2688,0,0,1,0
2689,0,0,0,1
2690,1,1,0,0
2691,0,0,1,0
2692,0,0,1,0
2693,0,0,1,0
2694,0,0,0,0
2695,1,1,0,1
2696,0,0,1,0
2697,0,0,0,1
2698,0,0,0,1
2699,0,0,0,0
2700,1,1,0,1
2701,0,0,1,0
2702,0,0,1,0
2703,0,0,0,0
2704,0,0,0,1
2705,1,1,0,0
2706,0,0,0,1
2707,0,0,0,0
2708,0,0,1,0
2709,0,0,0,0
2710,1,1,0,1
2711,0,0,1,0
2712,0,0,0,1
2713,0,0,0,1
2714,0,0,1,0
2715,1,1,0,0
2716,0,0,0,1
2717,0,0,1,0
2718,0,0,0,0
2719,0,0,1,0
2720,1,1,0,0
2721,0,0,0,0
2722,0,0,1,0
2723,0,0,0,0
2724,0,0,0,1
2725,1,1,1,0
2726,0,0,0,1
2727,0,0,1,0
2728,0,0,0,0
2729,0,0,0,0
2730,1,1,1,0
2731,0,0,0,1
2732,0,0,0,1
2733,0,0,0,0
2734,0,0,0,0
2735,1,1,0,1
2736,0,0,0,0
2737,0,0,0,1
2738,0,0,0,1
2739,0,0,0,1
2740,1,1,0,0
2741,0,0,1,0
2742,0,0,1,0
2743,0,0,1,0
2744,0,0,0,0
2745,1,1,0,1
2746,0,0,0,1
2747,0,0,0,1
2748,0,0,1,0
2749,0,0,0,0
2750,1,1,1,0
2751,0,0,1,0
2752,0,0,1,0
2753,0,0,0,0
2754,0,0,1,0
2755,1,1,1,0
2756,0,0,0,1
2757,0,0,0,1
2758,0,0,0,1
2759,0,0,0,0
2760,1,1,1,0
2761,0,0,1,0
2762,0,0,1,0
2763,0,0,0,1
2764,0,0,0,1
2765,1,1,0,0
2766,0,0,1,0
2767,0,0,0,1
2768,0,0,1,0
2769,0,0,0,1
2770,1,1,1,0
2771,0,0,0,1
2772,0,0,0,1
2773,0,0,0,0
2774,0,0,0,1
2775,1,1,1,0
2776,0,0,1,0
2777,0,0,0,1
2778,0,0,0,1
2779,0,0,0,0
2780,1,1,0,1
2781,0,0,0,1
2782,0,0,0,1
2783,0,0,1,0
2784,0,0,0,0
2785,1,1,0,1
2786,0,0,1,0
2787,0,0,0,1
2788,0,0,1,0
2789,0,0,1,0
2790,1,1,0,0
2791,0,0,0,1
2792,0,0,0,1
2793,0,0,0,1
2794,0,0,0,0
2795,1,1,1,0
2796,0,0,1,0
2797,0,0,0,1
2798,0,0,1,0
2799,0,0,0,1
2800,1,1,0,1
2801,0,0,1,0
2802,0,0,0,0
2803,0,0,1,0
2804,0,0,0,0
2805,1,1,0,1
2806,0,0,0,1
2807,0,0,0,1
2808,0,0,0,0
2809,0,0,0,1
2810,1,1,1,0
2811,0,0,0,1
2812,0,0,1,0
2813,0,0,1,0
2814,0,0,0,0
2815,1,1,0,1
2816,0,0,0,1
2817,0,0,1,0
2818,0,0,0,1
2819,0,0,0,0
2820,1,1,1,0
2821,0,0,0,1
2822,0,0,1,0
2823,0,0,1,0
2824,0,0,0,0
2825,1,1,1,0
2826,0,0,0,1
2827,0,0,1,0
2828,0,0,1,0
2829,0,0,0,1
2830,1,1,0,1
2831,0,0,1,0
2832,0,0,0,0
2833,0,0,0,1
2834,0,0,0,0
2835,1,1,0,1
2836,0,0,0,1
2837,0,0,1,0
2838,0,0,0,1
2839,0,0,0,0
2840,1,1,0,1
2841,0,0,0,1
2842,0,0,0,1
2843,0,0,1,0
2844,0,0,1,0
2845,1,1,1,0
2846,0,0,4,0
2847,0,0,0,0
2848,0,0,0,1
2849,0,0,0,1
2850,1,1,0,1
2851,0,0,0,0
2852,0,0,0,1
2853,0,0,1,0
2854,0,0,1,0
2855,1,1,0,1
2856,0,0,1,0
2857,0,0,0,0
2858,0,0,0,1
2859,0,0,0,1
2860,1,1,0,1
2861,0,0,1,0
2862,0,0,0,0
2863,0,0,1,0
2864,0,0,0,1
2865,1,1,1,0
2866,0,0,0,1
2867,0,0,0,1
2868,0,0,0,0
2869,0,0,0,1
2870,1,1,0,1
2871,0,0,1,0
2872,0,0,1,0
2873,0,0,0,1
2874,0,0,0,0
2875,1,1,1,0
2876,0,0,0,1
2877,0,0,1,0
2878,0,0,0,1
2879,0,0,1,0
2880,1,1,0,0
2881,0,0,1,0
2882,0,0,0,1
2883,0,0,0,1
2884,0,0,0,1
2885,1,1,0,0
2886,0,0,1,0
2887,0,0,1,0
2888,0,0,0,1
2889,0,0,0,1
2890,1,1,0,1
2891,0,0,1,0
2892,0,0,0,1
2893,0,0,0,0
2894,0,0,0,1
2895,1,1,0,0
2896,0,0,0,1
2897,0,0,0,1
2898,0,0,0,1
2899,0,0,0,0
2900,1,1,0,1
2901,0,0,1,0
2902,0,0,0,1
2903,0,0,1,0
2904,0,0,0,1
2905,1,1,0,0
2906,0,0,0,1
2907,0,0,1,0
2908,0,0,0,1
2909,0,0,0,1
2910,1,1,0,0
2911,0,0,1,0
2912,0,0,1,0
2913,0,0,0,1
2914,0,0,1,0
2915,1,1,0,1
2916,0,0,0,1
2917,0,0,1,0
2918,0,0,0,0
2919,0,0,0,1
2920,1,1,0,1
2921,0,0,0,0
2922,0,0,0,0
2923,0,0,0,1
2924,0,0,0,1
2925,1,1,0,1
2926,0,0,0,0
2927,0,0,0,1
2928,0,0,0,1
2929,0,0,0,1
2930,1,1,1,0
2931,0,0,1,0
2932,0,0,0,0
2933,0,0,1,0
2934,0,0,1,0
2935,1,1,1,0
2936,0,0,0,0
2937,0,0,0,1
2938,0,0,0,1
2939,0,0,1,0
2940,1,1,0,1
2941,0,0,0,0
2942,0,0,1,0
2943,0,0,1,0
2944,0,0,0,1
2945,1,1,1,0
2946,0,0,0,0
2947,0,0,0,1
2948,0,0,0,1
2949,0,0,1,0
2950,1,1,0,1
2951,0,0,1,0
2952,0,0,0,0
2953,0,0,1,0
2954,0,0,1,0
2955,1,1,1,0
2956,0,0,0,0
2957,0,0,0,1
2958,0,0,0,1
2959,0,0,0,1
2960,1,1,0,0
2961,0,0,1,0
2962,0,0,0,1
2963,0,0,1,0
2964,0,0,0,0
2965,1,1,0,1
2966,0,0,1,0
2967,0,0,0,1
2968,0,0,0,1
2969,0,0,0,0
2970,1,1,1,0
2971,0,0,1,0
2972,0,0,1,0
2973,0,0,0,0
2974,0,0,0,1
2975,1,1,0,1
2976,0,0,0,1
2977,0,0,0,0
2978,0,0,1,0
2979,0,0,1,0
2980,1,1,0,1
2981,0,0,1,0
2982,0,0,0,1
2983,0,0,0,1
2984,0,0,1,0
2985,1,1,0,0
2986,0,0,1,0
2987,0,0,0,0
2988,0,0,0,0
2989,0,0,1,0
2990,1,1,1,0
2991,0,0,0,1
2992,0,0,1,0
2993,0,0,0,1
2994,0,0,0,1
2995,1,1,0,1
2996,0,0,0,0
2997,0,0,0,1
2998,0,0,1,0
2999,0,0,0,1
3000,1,1,1,0
3001,0,0,1,0
3002,0,0,0,0
3003,0,0,0,1
3004,0,0,1,0
3005,1,1,0,1
3006,0,0,0,1
3007,0,0,0,0
3008,0,0,1,0
3009,0,0,1,0
3010,1,1,1,0
3011,0,0,0,0
3012,0,0,1,0
3013,0,0,0,1
3014,0,0,0,1
3015,1,1,0,1
3016,0,0,1,0
3017,0,0,1,0
3018,0,0,0,1
3019,0,0,0,0
3020,1,1,1,0
3021,0,0,1,0
3022,0,0,0,0
3023,0,0,0,1
3024,0,0,1,0
3025,1,1,0,1
3026,0,0,1,0
3027,0,0,1,0
3028,0,0,0,1
3029,0,0,0,1
3030,1,1,0,0
3031,0,0,0,1
3032,0,0,1,0
3033,0,0,0,1
3034,0,0,0,1
3035,1,1,1,0
3036,0,0,0,0
3037,0,0,0,1
3038,0,0,0,1
3039,0,0,1,0
3040,1,1,1,0
3041,0,0,0,1
3042,0,0,1,0
3043,0,0,0,1
3044,0,0,0,0
3045,1,1,1,0
3046,0,0,0,1
3047,0,0,1,0
3048,0,0,0,1
3049,0,0,0,1
3050,1,1,1,0
3051,0,0,1,0
3052,0,0,0,0
3053,0,0,1,0
3054,0,0,0,0
3055,1,1,1,0
3056,0,0,0,0
3057,0,0,1,0
3058,0,0,1,0
3059,0,0,0,1
3060,1,1,0,1
3061,0,0,1,0
3062,0,0,0,1
3063,0,0,0,1
3064,0,0,0,0
3065,1,1,1,0
3066,0,0,0,1
3067,0,0,1,0
3068,0,0,1,0
3069,0,0,0,0
3070,1,1,1,0
3071,0,0,1,0
3072,0,0,1,0
3073,0,0,0,0
3074,0,0,1,0
3075,1,1,1,0
3076,0,0,1,0
3077,0,0,0,1
3078,0,0,0,0
3079,0,0,0,1
3080,1,1,0,1
3081,0,0,0,1
3082,0,0,0,0
3083,0,0,1,0
3084,0,0,1,0
3085,1,1,1,0
3086,0,0,0,0
3087,0,0,0,1
3088,0,0,1,0
3089,0,0,0,1
3090,1,1,0,1
3091,0,0,0,0
3092,0,0,1,0
3093,0,0,1,0
3094,0,0,0,0
3095,1,1,0,1
3096,0,0,0,0
3097,0,0,1,0
3098,0,0,0,1
3099,0,0,0,1
3100,1,1,0,1
3101,0,0,0,0
3102,0,0,1,0
3103,0,0,0,0
3104,0,0,1,0
3105,1,1,0,0
3106,0,0,1,0
3107,0,0,1,0
3108,0,0,1,0
3109,0,0,0,1
3110,1,1,0,1
3111,0,0,0,1
3112,0,0,1,0
3113,0,0,0,0
3114,0,0,0,1
3115,1,1,0,0
3116,0,0,1,0
3117,0,0,0,0
3118,0,0,1,0
3119,0,0,0,0
3120,1,1,1,0
3121,0,0,1,0
3122,0,0,1,0
3123,0,0,0,1
3124,0,0,0,1
3125,1,1,0,1
3126,0,0,1,0
3127,0,0,0,0
3128,0,0,1,0
3129,0,0,0,1
3130,1,1,0,1
3131,0,0,1,0
3132,0,0,0,1
3133,0,0,1,0
3134,0,0,1,0
3135,1,1,0,0
3136,0,0,0,1
3137,0,0,0,0
3138,0,0,1,0
3139,0,0,0,1
3140,1,1,1,0
3141,0,0,1,0
3142,0,0,0,0
3143,0,0,0,1
3144,0,0,0,1
3145,1,1,0,1
3146,0,0,0,0
3147,0,0,0,1
3148,0,0,1,0
3149,0,0,0,1
3150,1,1,1,0
3151,0,0,1,0
3152,0,0,0,0
3153,0,0,1,0
3154,0,0,0,1
3155,1,1,1,0
3156,0,0,1,0
3157,0,0,0,1
3158,0,0,0,1
3159,0,0,1,0
3160,1,1,0,0
3161,0,0,1,0
3162,0,0,1,0
3163,0,0,1,0
3164,0,0,0,0
3165,1,1,1,0
3166,0,0,0,1
3167,0,0,1,0
3168,0,0,0,1
3169,0,0,0,0
3170,1,1,0,0
3171,0,0,1,0
3172,0,0,0,1
3173,0,0,1,0
3174,0,0,0,0
3175,1,1,0,1
3176,0,0,0,1
3177,0,0,0,1
3178,0,0,0,0
3179,0,0,1,0
3180,1,1,1,0
3181,0,0,1,0
3182,0,0,0,0
3183,0,0,0,1
3184,0,0,1,0
3185,1,1,0,1
3186,0,0,0,1
3187,0,0,0,0
3188,0,0,1,0
3189,0,0,1,0
3190,1,1,1,0
3191,0,0,0,0
3192,0,0,1,0
3193,0,0,1,0
3194,0,0,0,1
3195,1,1,1,0
3196,0,0,0,0
3197,0,0,1,0
3198,0,0,1,0
3199,0,0,0,1
3200,1,1,1,0
3201,0,0,0,1
3202,0,0,0,1
3203,0,0,0,0
3204,0,0,1,0
3205,1,1,0,0
3206,0,0,1,0
3207,0,0,1,0
3208,0,0,1,0
3209,0,0,0,1
3210,1,1,0,1
3211,0,0,0,1
3212,0,0,0,1
3213,0,0,0,0
3214,0,0,1,0
3215,1,1,0,0
3216,0,0,0,1
3217,0,0,1,0
3218,0,0,1,0
3219,0,0,0,1
3220,1,1,0,1
3221,0,0,0,0
3222,0,0,1,0
3223,0,0,1,0
3224,0,0,0,0
3225,1,1,0,1
3226,0,0,0,1
3227,0,0,0,1
3228,0,0,1,0
3229,0,0,0,0
3230,1,1,1,0
3231,0,0,0,1
3232,0,0,1,0
3233,0,0,1,0
3234,0,0,0,1
3235,1,1,0,0
3236,0,0,0,1
3237,0,0,0,1
3238,0,0,0,1
3239,0,0,1,0
3240,1,1,0,0
3241,0,0,0,1
3242,0,0,1,0
3243,0,0,1,0
3244,0,0,0,0
3245,1,1,0,1
3246,0,0,0,0
3247,0,0,0,0
3248,0,0,1,0
3249,0,0,0,0
3250,1,1,1,0
3251,0,0,0,0
3252,0,0,0,1
3253,0,0,0,0
3254,0,0,1,0
3255,1,1,0,0
3256,0,0,1,0
3257,0,0,0,0
3258,0,0,0,1
3259,0,0,1,0
3260,1,1,1,0
3261,0,0,1,0
3262,0,0,0,1
3263,0,0,0,0
3264,0,0,0,1
3265,1,1,0,1
3266,0,0,1,0
3267,0,0,0,1
3268,0,0,1,0
3269,0,0,1,0
3270,1,1,1,0
3271,0,0,0,0
3272,0,0,1,0
3273,0,0,0,0
3274,0,0,1,0
3275,1,1,0,0
3276,0,0,0,1
3277,0,0,0,1
3278,0,0,0,1
3279,0,0,0,0
3280,1,1,1,0
3281,0,0,0,0
3282,0,0,1,0
3283,0,0,0,0
3284,0,0,0,1
3285,1,1,1,0
3286,0,0,0,1
3287,0,0,1,0
3288,0,0,0,1
3289,0,0,0,0
3290,1,1,1,0
3291,0,0,0,0
3292,0,0,1,0
3293,0,0,0,0
3294,0,0,0,1
3295,1,1,0,1
3296,0,0,0,1
3297,0,0,0,0
3298,0,0,1,0
3299,0,0,0,1
3300,1,1,1,0
3301,0,0,1,0
3302,0,0,0,0
3303,0,0,0,1
3304,0,0,0,1
3305,1,1,0,1
3306,0,0,0,0
3307,0,0,1,0
3308,0,0,1,0
3309,0,0,0,1
3310,1,1,0,1
3311,0,0,0,1
3312,0,0,0,0
3313,0,0,1,0
3314,0,0,0,1
3315,1,1,0,1
3316,0,0,0,1
3317,0,0,0,0
3318,0,0,1,0
3319,0,0,0,1
3320,1,1,0,1
3321,0,0,1,0
3322,0,0,0,1
3323,0,0,1,0
3324,0,0,1,0
3325,1,1,0,0
3326,0,0,0,1
3327,0,0,0,1
3328,0,0,1,0
3329,0,0,0,1
3330,1,1,0,0
3331,0,0,1,0
3332,0,0,1,0
3333,0,0,0,1
3334,0,0,1,0
3335,1,1,0,0
3336,0,0,0,0
3337,0,0,0,1
3338,0,0,1,0
3339,0,0,1,0
3340,1,1,0,1
3341,0,0,1,0
3342,0,0,0,0
3343,0,0,1,0
3344,0,0,0,1
3345,1,1,0,1
3346,0,0,0,1
3347,0,0,0,0
3348,0,0,1,0
3349,0,0,1,0
3350,1,1,1,0
3351,0,0,0,0
3352,0,0,0,1
3353,0,0,1,0
3354,0,0,1,0
3355,1,1,0,1
3356,0,0,0,0
3357,0,0,0,1
3358,0,0,0,0
3359,0,0,1,0
3360,1,1,1,0
3361,0,0,1,0
3362,0,0,0,0
3363,0,0,0,1
3364,0,0,0,1
3365,1,1,0,1
3366,0,0,0,0
3367,0,0,1,0
3368,0,0,1,0
3369,0,0,1,0
3370,1,1,0,0
3371,0,0,1,0
3372,0,0,0,1
3373,0,0,0,1
3374,0,0,0,1
3375,1,1,1,0
3376,0,0,0,0
3377,0,0,0,1
3378,0,0,1,0
3379,0,0,1,0
3380,1,1,1,0
3381,0,0,0,0
3382,0,0,0,1
3383,0,0,0,1
3384,0,0,1,0
3385,1,1,0,1
3386,0,0,1,0
3387,0,0,1,0
3388,0,0,0,1
3389,0,0,0,0
3390,1,1,0,1
3391,0,0,1,0
3392,0,0,1,0
3393,0,0,0,0
3394,0,0,0,0
3395,1,1,0,1
3396,0,0,0,1
3397,0,0,0,1
3398,0,0,0,0
3399,0,0,0,0
3400,1,1,0,1
3401,0,0,0,1
3402,0,0,1,0
3403,0,0,0,1
3404,0,0,0,0
3405,1,1,0,1
3406,0,0,1,0
3407,0,0,1,0
3408,0,0,1,0
3409,0,0,0,0
3410,1,1,0,1
3411,0,0,0,1
3412,0,0,0,1
3413,0,0,0,0
3414,0,0,1,0
3415,1,1,1,0
3416,0,0,1,0
3417,0,0,0,1
3418,0,0,0,0
3419,0,0,0,1
3420,1,1,0,1
3421,0,0,0,1
3422,0,0,0,0
3423,0,0,0,1
3424,0,0,1,0
3425,1,1,0,1
3426,0,0,0,0
3427,0,0,1,0
3428,0,0,0,1
3429,0,0,0,1
3430,1,1,0,1
3431,0,0,1,0
3432,0,0,0,0
3433,0,0,1,0
3434,0,0,1,0
3435,1,1,1,0
3436,0,0,0,0
3437,0,0,0,1
3438,0,0,1,0
3439,0,0,1,0
3440,1,1,0,1
3441,0,0,0,1
3442,0,0,0,0
3443,0,0,0,1
3444,0,0,1,0
3445,1,1,0,1
3446,0,0,1,0
3447,0,0,0,1
3448,0,0,1,0
3449,0,0,0,0
3450,1,1,0,1
3451,0,0,1,0
3452,0,0,0,1
3453,0,0,1,0
3454,0,0,1,0
3455,1,1,0,0
3456,0,0,0,1
3457,0,0,0,1
3458,0,0,0,1
3459,0,0,0,0
3460,1,1,1,0
3461,0,0,0,1
3462,0,0,1,0
3463,0,0,1,0
3464,0,0,0,0
3465,1,1,1,0
3466,0,0,1,0
3467,0,0,0,1
3468,0,0,1,0
3469,0,0,0,1
3470,1,1,0,1
3471,0,0,0,1
3472,0,0,0,0
3473,0,0,0,1
3474,0,0,0,0
3475,1,1,0,1
3476,0,0,0,0
3477,0,0,0,1
3478,0,0,1,0
3479,0,0,1,0
3480,1,1,1,0
3481,0,0,0,0
3482,0,0,1,0
3483,0,0,0,1
3484,0,0,0,1
3485,1,1,0,1
3486,0,0,0,0
3487,0,0,1,0
3488,0,0,1,0
3489,0,0,0,1
3490,1,1,0,1
3491,0,0,1,0
3492,0,0,0,0
3493,0,0,0,1
3494,0,0,0,1
3495,1,1,1,0
3496,0,0,1,0
3497,0,0,0,1
3498,0,0,0,1
3499,0,0,0,0
3500,1,1,1,0
3501,0,0,0,0
3502,0,0,1,0
3503,0,0,0,1
3504,0,0,0,1
3505,1,1,1,0
3506,0,0,0,1
3507,0,0,1,0
3508,0,0,0,1
3509,0,0,0,0
3510,1,1,0,1
3511,0,0,0,0
3512,0,0,0,1
3513,0,0,0,0
3514,0,0,1,0
3515,1,1,0,1
3516,0,0,1,0
3517,0,0,1,0
3518,0,0,0,0
3519,0,0,1,0
3520,1,1,1,0
3521,0,0,1,0
3522,0,0,0,0
3523,0,0,1,0
3524,0,0,1,0
3525,1,1,1,0
3526,0,0,0,0
3527,0,0,1,0
3528,0,0,1,0
3529,0,0,0,1
3530,1,1,0,1
3531,0,0,1,0
3532,0,0,0,1
3533,0,0,1,0
3534,0,0,0,0
3535,1,1,1,0
3536,0,0,0,0
3537,0,0,1,0
3538,0,0,0,0
3539,0,0,0,1
3540,1,1,0,0
3541,0,0,1,0
3542,0,0,1,0
3543,0,0,1,0
3544,0,0,0,0
3545,1,1,1,0
3546,0,0,1,0
3547,0,0,1,0
3548,0,0,0,1
3549,0,0,0,1
3550,1,1,0,1
3551,0,0,0,0
3552,0,0,1,0
3553,0,0,1,0
3554,0,0,1,0
3555,1,1,0,1
3556,0,0,0,1
3557,0,0,0,0
3558,0,0,1,0
3559,0,0,1,0
3560,1,1,0,0
3561,0,0,0,0
3562,0,0,0,1
3563,0,0,0,1
3564,0,0,1,0
3565,1,1,0,1
3566,0,0,1,0
3567,0,0,0,0
3568,0,0,0,1
3569,0,0,0,1
3570,1,1,0,1
3571,0,0,0,0
3572,0,0,0,1
3573,0,0,0,1
3574,0,0,0,1
3575,1,1,0,0
3576,0,0,1,0
3577,0,0,1,0
3578,0,0,1,0
3579,0,0,0,1
3580,1,1,0,0
3581,0,0,0,1
3582,0,0,0,0
3583,0,0,1,0
3584,0,0,0,1
3585,1,1,0,0
3586,0,0,1,0
3587,0,0,1,0
3588,0,0,1,0
3589,0,0,0,1
3590,1,1,0,0
3591,0,0,0,1
3592,0,0,0,1
3593,0,0,0,1
3594,0,0,1,0
3595,1,1,0,0
3596,0,0,0,1
3597,0,0,0,1
3598,0,0,1,0
3599,0,0,1,0
3600,1,1,0,0
3601,0,0,0,1
3602,0,0,1,0
3603,0,0,0,1
3604,0,0,0,1
3605,1,1,0,0
3606,0,0,0,1
3607,0,0,1,0
3608,0,0,1,0
3609,0,0,1,0
3610,1,1,0,0
3611,0,0,0,1
3612,0,0,0,1
3613,0,0,0,1
3614,0,0,0,0
3615,1,1,0,1
3616,0,0,0,0
3617,0,0,0,1
3618,0,0,1,0
3619,0,0,1,0
3620,1,1,1,0
3621,0,0,0,0
3622,0,0,0,1
3623,0,0,0,1
3624,0,0,1,0
3625,1,1,0,1
3626,0,0,0,0
3627,0,0,1,0
3628,0,0,1,0
3629,0,0,1,0
3630,1,1,0,1
3631,0,0,0,0
3632,0,0,0,1
3633,0,0,0,1
3634,0,0,0,1
3635,1,1,0,0
3636,0,0,0,0
3637,0,0,1,0
3638,0,0,0,1
3639,0,0,0,1
3640,1,1,1,0
3641,0,0,1,0
3642,0,0,0,0
3643,0,0,0,1
3644,0,0,0,0
3645,1,1,0,1
3646,0,0,0,0
3647,0,0,1,0
3648,0,0,1,0
3649,0,0,0,1
3650,1,1,0,1
3651,0,0,1,0
3652,0,0,0,0
3653,0,0,0,1
3654,0,0,0,1
3655,1,1,0,1
3656,0,0,0,0
3657,0,0,1,0
3658,0,0,0,1
3659,0,0,0,1
3660,1,1,1,0
3661,0,0,1,0
3662,0,0,0,0
3663,0,0,0,0
3664,0,0,0,1
3665,1,1,1,0
3666,0,0,1,0
3667,0,0,0,1
3668,0,0,1,0
3669,0,0,0,0
3670,1,1,0,1
3671,0,0,0,1
3672,0,0,0,1
3673,0,0,0,0
3674,0,0,1,0
3675,1,1,1,0
3676,0,0,1,0
3677,0,0,0,1
3678,0,0,0,0
3679,0,0,0,1
3680,1,1,0,1
3681,0,0,0,1
3682,0,0,0,0
3683,0,0,0,1
3684,0,0,1,0
3685,1,1,1,0
3686,0,0,0,1
3687,0,0,0,0
3688,0,0,0,1
3689,0,0,0,1
3690,1,1,1,0
3691,0,0,0,1
3692,0,0,0,0
3693,0,0,1,0
3694,0,0,1,0
3695,1,1,1,0
3696,0,0,0,0
3697,0,0,0,1
3698,0,0,0,1
3699,0,0,0,1
3700,1,1,0,0
3701,0,0,0,1
3702,0,0,0,1
3703,0,0,0,1
3704,0,0,1,0
3705,1,1,0,0
3706,0,0,0,1
3707,0,0,0,1
3708,0,0,0,1
3709,0,0,0,0
3710,1,1,0,1
3711,0,0,1,0
3712,0,0,1,0
3713,0,0,1,0
3714,0,0,0,0
3715,1,1,0,1
3716,0,0,1,0
3717,0,0,0,1
3718,0,0,0,1
3719,0,0,0,0
3720,1,1,0,1
3721,0,0,0,1
3722,0,0,1,0
3723,0,0,1,0
3724,0,0,1,0
3725,1,1,0,0
3726,0,0,0,1
3727,0,0,0,1
3728,0,0,1,0
3729,0,0,0,1
3730,1,1,1,0
3731,0,0,0,0
3732,0,0,1,0
3733,0,0,1,0
3734,0,0,0,1
3735,1,1,1,0
3736,0,0,0,0
3737,0,0,1,0
3738,0,0,0,1
3739,0,0,0,1
3740,1,1,1,0
3741,0,0,1,0
3742,0,0,0,1
3743,0,0,0,1
3744,0,0,0,0
3745,1,1,1,0
3746,0,0,1,0
3747,0,0,0,0
3748,0,0,1,0
3749,0,0,1,0
3750,1,1,0,1
3751,0,0,0,1
3752,0,0,0,0
3753,0,0,1,0
3754,0,0,1,0
3755,1,1,1,0
3756,0,0,0,1
3757,0,0,0,0
3758,0,0,1,0
3759,0,0,0,1
3760,1,1,0,1
3761,0,0,1,0
3762,0,0,0,1
3763,0,0,1,0
3764,0,0,0,1
3765,1,1,0,0
3766,0,0,1,0
3767,0,0,0,0
3768,0,0,1,0
3769,0,0,0,0
3770,1,1,1,0
3771,0,0,0,1
3772,0,0,1,0
3773,0,0,0,1
3774,0,0,1,0
3775,1,1,0,0
3776,0,0,1,0
3777,0,0,0,1
3778,0,0,0,1
3779,0,0,1,0
3780,1,1,0,1
3781,0,0,0,0
3782,0,0,1,0
3783,0,0,1,0
3784,0,0,1,0
3785,1,1,0,0
3786,0,0,0,1
3787,0,0,0,1
3788,0,0,1,0
3789,0,0,0,1
3790,1,1,0,0
3791,0,0,1,0
3792,0,0,1,0
3793,0,0,0,1
3794,0,0,0,1
3795,1,1,0,1
3796,0,0,0,0
3797,0,0,1,0
3798,0,0,1,0
3799,0,0,1,0
3800,1,1,0,1
3801,0,0,0,1
3802,0,0,0,0
3803,0,0,0,1
3804,0,0,0,1
3805,1,1,1,0
3806,0,0,1,0
3807,0,0,1,0
3808,0,0,0,0
3809,0,0,1,0
3810,1,1,0,1
3811,0,0,1,0
3812,0,0,0,1
3813,0,0,0,1
3814,0,0,0,0
3815,1,1,0,1
3816,0,0,1,0
3817,0,0,1,0
3818,0,0,0,1
3819,0,0,0,1
3820,1,1,1,0
3821,0,0,0,1
3822,0,0,0,0
3823,0,0,1,0
3824,0,0,0,0
3825,1,1,0,1
3826,0,0,1,0
3827,0,0,1,0
3828,0,0,0,1
3829,0,0,0,1
3830,1,1,0,0
3831,0,0,0,1
3832,0,0,1,0
3833,0,0,1,0
3834,0,0,0,1
3835,1,1,1,0
3836,0,0,0,0
3837,0,0,1,0
3838,0,0,0,1
3839,0,0,1,0
3840,1,1,1,0
3841,0,0,0,1
3842,0,0,0,1
3843,0,0,1,0
3844,0,0,0,0
3845,1,1,0,1
3846,0,0,0,0
3847,0,0,1,0
3848,0,0,1,0
3849,0,0,1,0
3850,1,1,0,0
3851,0,0,1,0
3852,0,0,0,1
3853,0,0,0,1
3854,0,0,0,1
3855,1,1,0,0
3856,0,0,0,0
3857,0,0,0,1
3858,0,0,0,1
3859,0,0,1,0
3860,1,1,1,0
3861,0,0,0,1
3862,0,0,0,0
3863,0,0,1,0
3864,0,0,0,0
3865,1,1,1,0
3866,0,0,0,1
3867,0,0,0,1
3868,0,0,0,1
3869,0,0,0,0
3870,1,1,1,0
3871,0,0,1,0
3872,0,0,1,0
3873,0,0,0,0
3874,0,0,0,1
3875,1,1,0,1
3876,0,0,0,1
3877,0,0,0,0
3878,0,0,1,0
3879,0,0,1,0
3880,1,1,0,1
3881,0,0,0,1
3882,0,0,1,0
3883,0,0,0,0
3884,0,0,1,0
3885,1,1,0,1
3886,0,0,1,0
3887,0,0,1,0
3888,0,0,0,1
3889,0,0,0,1
3890,1,1,0,1
3891,0,0,0,0
3892,0,0,1,0
3893,0,0,0,1
3894,0,0,1,0
3895,1,1,1,0
3896,0,0,0,0
3897,0,0,0,0
3898,0,0,1,0
3899,0,0,0,1
3900,1,1,0,1
3901,0,0,0,1
3902,0,0,1,0
3903,0,0,0,0
3904,0,0,1,0
3905,1,1,1,0
3906,0,0,0,1
3907,0,0,0,1
3908,0,0,1,0
3909,0,0,0,1
3910,1,1,1,0
3911,0,0,0,0
3912,0,0,1,0
3913,0,0,0,0
3914,0,0,1,0
3915,1,1,0,0
3916,0,0,1,0
3917,0,0,0,0
3918,0,0,0,1
3919,0,0,0,0
3920,1,1,0,1
3921,0,0,0,0
3922,0,0,0,1
3923,0,0,0,0
3924,0,0,1,0
3925,1,1,1,0
3926,0,0,1,0
3927,0,0,0,0
3928,0,0,1,0
3929,0,0,1,0
3930,1,1,0,1
3931,0,0,0,1
3932,0,0,0,1
3933,0,0,0,1
3934,0,0,0,0
3935,1,1,0,1
3936,0,0,0,0
3937,0,0,0,0
3938,0,0,0,1
3939,0,0,0,0
3940,1,1,1,0
3941,0,0,1,0
3942,0,0,0,1
3943,0,0,1,0
3944,0,0,0,0
3945,1,1,0,1
3946,0,0,1,0
3947,0,0,1,0
3948,0,0,0,1
3949,0,0,0,1
3950,1,1,0,0
3951,0,0,1,0
3952,0,0,0,1
3953,0,0,1,0
3954,0,0,1,0
3955,1,1,0,0
3956,0,0,1,0
3957,0,0,1,0
3958,0,0,0,1
3959,0,0,0,1
3960,1,1,0,1
3961,0,0,1,0
3962,0,0,1,0
3963,0,0,0,0
3964,0,0,1,0
3965,1,1,0,1
3966,0,0,1,0
3967,0,0,1,0
3968,0,0,0,0
3969,0,0,1,0
3970,1,1,1,0
3971,0,0,0,1
3972,0,0,0,1
3973,0,0,0,1
3974,0,0,1,0
3975,1,1,1,0
3976,0,0,0,0
3977,0,0,1,0
3978,0,0,1,0
3979,0,0,1,0
3980,1,1,0,0
3981,0,0,1,0
3982,0,0,0,1
3983,0,0,1,0
3984,0,0,0,1
3985,1,1,1,0
3986,0,0,0,1
3987,0,0,1,0
3988,0,0,0,0
3989,0,0,1,0
3990,1,1,1,0
3991,0,0,1,0
3992,0,0,0,0
3993,0,0,0,1
3994,0,0,0,1
3995,1,1,0,1
3996,0,0,0,0
3997,0,0,1,0
3998,0,0,1,0
3999,0,0,0,1
4000,1,1,1,0
4001,0,0,0,0
4002,0,0,0,1
4003,0,0,1,0
4004,0,0,0,1
4005,1,1,0,1
4006,0,0,1,0
4007,0,0,0,0
4008,0,0,1,0
4009,0,0,1,0
4010,1,1,1,0
4011,0,0,0,0
4012,0,0,0,1
4013,0,0,0,1
4014,0,0,1,0
4015,1,1,1,0
4016,0,0,0,1
4017,0,0,1,0
4018,0,0,0,0
4019,0,0,0,1
4020,1,1,0,0
4021,0,0,0,1
4022,0,0,1,0
4023,0,0,1,0
4024,0,0,1,0
4025,1,1,0,0
4026,0,0,0,1
4027,0,0,0,1
4028,0,0,0,1
4029,0,0,0,0
4030,1,1,1,0
4031,0,0,1,0
4032,0,0,1,0
4033,0,0,0,1
4034,0,0,0,1
4035,1,1,0,0
4036,0,0,1,0
4037,0,0,0,1
4038,0,0,0,1
4039,0,0,0,1
4040,1,1,1,0
4041,0,0,0,0
4042,0,0,0,1
4043,0,0,0,1
4044,0,0,1,0
4045,1,1,1,0
4046,0,0,1,0
4047,0,0,0,0
4048,0,0,0,1
4049,0,0,0,1
4050,1,1,0,1
4051,0,0,1,0
4052,0,0,0,0
4053,0,0,0,1
4054,0,0,0,1
4055,1,1,1,0
4056,0,0,1,0
4057,0,0,1,0
4058,0,0,0,1
4059,0,0,0,1
4060,1,1,0,0
4061,0,0,0,1
4062,0,0,0,1
4063,0,0,0,1
4064,0,0,0,0
4065,1,1,1,0
4066,0,0,0,1
4067,0,0,1,0
4068,0,0,1,0
4069,0,0,0,0
4070,1,1,0,0
4071,0,0,0,1
4072,0,0,1,0
4073,0,0,0,1
4074,0,0,0,0
4075,1,1,0,1
4076,0,0,1,0
4077,0,0,1,0
4078,0,0,1,0
4079,0,0,0,0
4080,1,1,0,1
4081,0,0,0,1
4082,0,0,1,0
4083,0,0,1,0
4084,0,0,0,1
4085,1,1,0,0
4086,0,0,1,0
4087,0,0,1,0
4088,0,0,0,1
4089,0,0,1,0
4090,1,1,0,0
4091,0,0,1,0
4092,0,0,0,1
4093,0,0,0,1
4094,0,0,0,1
4095,1,1,0,0
4096,0,0,0,1
4097,0,0,0,1
4098,0,0,1,0
4099,0,0,1,0
4100,1,1,1,0
4101,0,0,0,0
4102,0,0,1,0
4103,0,0,0,0
4104,0,0,0,0
4105,1,1,1,0
4106,0,0,1,0
4107,0,0,1,0
4108,0,0,0,0
4109,0,0,0,1
4110,1,1,1,0
4111,0,0,0,1
4112,0,0,0,1
4113,0,0,0,0
4114,0,0,0,1
4115,1,1,1,0
4116,0,0,1,0
4117,0,0,1,0
4118,0,0,0,1
4119,0,0,0,1
4120,1,1,0,0
4121,0,0,1,0
4122,0,0,0,0
4123,0,0,1,0
4124,0,0,0,0
4125,1,1,0,1
4126,0,0,0,0
4127,0,0,1,0
4128,0,0,0,0
4129,0,0,0,0
4130,1,1,1,0
4131,0,0,0,0
4132,0,0,1,0
4133,0,0,1,0
4134,0,0,1,0
4135,1,1,0,0
4136,0,0,0,1
4137,0,0,0,1
4138,0,0,0,0
4139,0,0,1,0
4140,1,1,1,0
4141,0,0,1,0
4142,0,0,0,0
4143,0,0,1,0
4144,0,0,1,0
4145,1,1,0,1
4146,0,0,0,1
4147,0,0,1,0
4148,0,0,0,1
4149,0,0,1,0
4150,1,1,0,0
4151,0,0,0,0
4152,0,0,0,0
4153,0,0,1,0
4154,0,0,1,0
4155,1,1,1,0
4156,0,0,0,0
4157,0,0,0,1
4158,0,0,1,0
4159,0,0,1,0
4160,1,1,0,0
4161,0,0,1,0
4162,0,0,0,1
4163,0,0,1,0
4164,0,0,1,0
4165,1,1,0,0
4166,0,0,0,1
4167,0,0,0,1
4168,0,0,0,1
4169,0,0,0,0
4170,1,1,1,0
4171,0,0,1,0
4172,0,0,1,0
4173,0,0,0,0
4174,0,0,0,1
4175,1,1,1,0
4176,0,0,0,1
4177,0,0,0,0
4178,0,0,0,0
4179,0,0,0,1
4180,1,1,1,0
4181,0,0,1,0
4182,0,0,1,0
4183,0,0,0,0
4184,0,0,1,0
4185,1,1,0,1
4186,0,0,1,0
4187,0,0,1,0
4188,0,0,0,1
4189,0,0,0,0
4190,1,1,1,0
4191,0,0,0,1
4192,0,0,1,0
4193,0,0,1,0
4194,0,0,0,0
4195,1,1,0,1
4196,0,0,1,0
4197,0,0,0,1
4198,0,0,0,1
4199,0,0,0,0
4200,1,1,1,0
4201,0,0,1,0
4202,0,0,0,1
4203,0,0,1,0
4204,0,0,0,0
4205,1,1,0,1
4206,0,0,1,0
4207,0,0,1,0
4208,0,0,1,0
4209,0,0,0,1
4210,1,1,0,0
4211,0,0,0,1
4212,0,0,1,0
4213,0,0,0,1
4214,0,0,0,1
4215,1,1,1,0
4216,0,0,0,0
4217,0,0,1,0
4218,0,0,1,0
4219,0,0,0,1
4220,1,1,1,0
4221,0,0,0,0
4222,0,0,1,0
4223,0,0,0,1
4224,0,0,0,1
4225,1,1,0,1
4226,0,0,0,0
4227,0,0,1,0
4228,0,0,1,0
4229,0,0,1,0
4230,1,1,0,0
4231,0,0,0,1
4232,0,0,0,1
4233,0,0,0,1
4234,0,0,1,0
4235,1,1,0,0
4236,0,0,0,1
4237,0,0,0,0
4238,0,0,1,0
4239,0,0,0,1
4240,1,1,1,0
4241,0,0,1,0
4242,0,0,0,0
4243,0,0,1,0
4244,0,0,0,0
4245,1,1,1,0
4246,0,0,0,0
4247,0,0,1,0
4248,0,0,0,0
4249,0,0,0,1
4250,1,1,0,1
4251,0,0,0,0
4252,0,0,1,0
4253,0,0,0,1
4254,0,0,1,0
4255,1,1,1,0
4256,0,0,0,1
4257,0,0,0,0
4258,0,0,1,0
4259,0,0,0,1
4260,1,1,0,1
4261,0,0,0,1
4262,0,0,0,0
4263,0,0,1,0
4264,0,0,0,1
4265,1,1,1,0
4266,0,0,1,0
4267,0,0,0,0
4268,0,0,1,0
4269,0,0,1,0
4270,1,1,0,1
4271,0,0,0,0
4272,0,0,0,1
4273,0,0,1,0
4274,0,0,1,0
4275,1,1,1,0
4276,0,0,0,0
4277,0,0,1,0
4278,0,0,0,0
4279,0,0,0,0
4280,1,1,0,1
4281,0,0,0,1
4282,0,0,0,0
4283,0,0,1,0
4284,0,0,1,0
4285,1,1,1,0
4286,0,0,0,0
4287,0,0,0,0
4288,0,0,1,0
4289,0,0,0,1
4290,1,1,0,1
4291,0,0,0,0
4292,0,0,1,0
4293,0,0,0,1
4294,0,0,0,1
4295,1,1,1,0
4296,0,0,0,1
4297,0,0,1,0
4298,0,0,1,0
4299,0,0,0,0
4300,1,1,1,0
4301,0,0,1,0
4302,0,0,0,1
4303,0,0,0,0
4304,0,0,0,0
4305,1,1,1,0
4306,0,0,1,0
4307,0,0,1,0
4308,0,0,0,0
4309,0,0,0,1
4310,1,1,0,1
4311,0,0,0,0
4312,0,0,1,0
4313,0,0,1,0
4314,0,0,0,1
4315,1,1,0,1
4316,0,0,1,0
4317,0,0,0,0
4318,0,0,1,0
4319,0,0,0,1
4320,1,1,0,1
4321,0,0,0,1
4322,0,0,0,0
4323,0,0,1,0
4324,0,0,0,1
4325,1,1,1,0
4326,0,0,1,0
4327,0,0,0,1
4328,0,0,0,1
4329,0,0,1,0
4330,1,1,0,0
4331,0,0,0,1
4332,0,0,0,1
4333,0,0,0,1
4334,0,0,0,0
4335,1,1,1,0
4336,0,0,0,1
4337,0,0,1,0
4338,0,0,1,0
4339,0,0,0,0
4340,1,1,0,1
4341,0,0,0,1
4342,0,0,0,1
4343,0,0,0,0
4344,0,0,0,1
4345,1,1,0,1
4346,0,0,0,1
4347,0,0,1,0
4348,0,0,1,0
4349,0,0,1,0
4350,1,1,4,0
4351,0,0,0,0
4352,0,0,0,1
4353,0,0,1,0
4354,0,0,0,1
4355,1,1,0,1
4356,0,0,0,0
4357,0,0,1,0
4358,0,0,1,0
4359,0,0,0,1
4360,1,1,1,0
4361,0,0,0,0
4362,0,0,1,0
4363,0,0,0,1
4364,0,0,0,1
4365,1,1,1,0
4366,0,0,0,1
4367,0,0,0,1
4368,0,0,0,0
4369,0,0,0,1
4370,1,1,0,0
4371,0,0,1,0
4372,0,0,1,0
4373,0,0,1,0
4374,0,0,0,1
4375,1,1,0,0
4376,0,0,0,1
4377,0,0,0,1
4378,0,0,1,0
4379,0,0,0,1
4380,1,1,0,0
4381,0,0,0,1
4382,0,0,1,0
4383,0,0,1,0
4384,0,0,1,0
4385,1,1,0,0
4386,0,0,0,0
4387,0,0,1,0
4388,0,0,1,0
4389,0,0,1,0
4390,1,1,0,0
4391,0,0,1,0
4392,0,0,0,1
4393,0,0,1,0
4394,0,0,0,1
4395,1,1,0,1
4396,0,0,0,0
4397,0,0,1,0
4398,0,0,1,0
4399,0,0,0,1
4400,1,1,0,1
4401,0,0,1,0
4402,0,0,0,0
4403,0,0,0,1
4404,0,0,0,1
4405,1,1,0,1
4406,0,0,0,0
4407,0,0,1,0
4408,0,0,1,0
4409,0,0,1,0
4410,1,1,0,0
4411,0,0,0,1
4412,0,0,0,1
4413,0,0,0,1
4414,0,0,0,0
4415,1,1,0,1
4416,0,0,1,0
4417,0,0,1,0
4418,0,0,1,0
4419,0,0,0,0
4420,1,1,0,1
4421,0,0,0,1
4422,0,0,0,1
4423,0,0,0,0
4424,0,0,0,1
4425,1,1,1,0
4426,0,0,1,0
4427,0,0,1,0
4428,0,0,0,0
4429,0,0,0,1
4430,1,1,1,0
4431,0,0,1,0
4432,0,0,1,0
4433,0,0,0,1
4434,0,0,0,1
4435,1,1,0,1
4436,0,0,0,0
4437,0,0,1,0
4438,0,0,1,0
4439,0,0,1,0
4440,1,1,0,0
4441,0,0,0,1
4442,0,0,0,1
4443,0,0,0,1
4444,0,0,0,0
4445,1,1,0,0
4446,0,0,0,1
4447,0,0,1,0
4448,0,0,0,1
4449,0,0,0,1
4450,1,1,1,0
4451,0,0,0,0
4452,0,0,0,0
4453,0,0,1,0
4454,0,0,0,1
4455,1,1,1,0
4456,0,0,0,0
4457,0,0,1,0
4458,0,0,0,1
4459,0,0,0,1
4460,1,1,0,0
4461,0,0,0,0
4462,0,0,1,0
4463,0,0,1,0
4464,0,0,1,0
4465,1,1,0,0
4466,0,0,0,1
4467,0,0,0,1
4468,0,0,0,0
4469,0,0,0,0
4470,1,1,1,0
4471,0,0,1,0
4472,0,0,0,1
4473,0,0,1,0
4474,0,0,0,0
4475,1,1,1,0
4476,0,0,0,1
4477,0,0,0,1
4478,0,0,1,0
4479,0,0,0,0
4480,1,1,1,0
4481,0,0,1,0
4482,0,0,0,1
4483,0,0,1,0
4484,0,0,0,0
4485,1,1,0,1
4486,0,0,0,1
4487,0,0,1,0
4488,0,0,0,1
4489,0,0,0,0
4490,1,1,0,1
4491,0,0,1,0
4492,0,0,1,0
4493,0,0,1,0
4494,0,0,0,0
4495,1,1,1,0
4496,0,0,1,0
4497,0,0,0,0
4498,0,0,0,0
4499,0,0,0,1
4500,1,1,0,1
4501,0,0,0,1
4502,0,0,0,0
4503,0,0,0,1
4504,0,0,1,0
4505,1,1,1,0
4506,0,0,0,1
4507,0,0,0,0
4508,0,0,0,1
4509,0,0,0,1
4510,1,1,0,1
4511,0,0,0,0
4512,0,0,0,1
4513,0,0,1,0
4514,0,0,1,0
4515,1,1,1,0
4516,0,0,0,0
4517,0,0,0,1
4518,0,0,0,1
4519,0,0,0,1
4520,1,1,0,0
4521,0,0,1,0
4522,0,0,1,0
4523,0,0,1,0
4524,0,0,0,0
4525,1,1,1,0
4526,0,0,0,1
4527,0,0,0,1
4528,0,0,0,1
4529,0,0,0,0
4530,1,1,0,1
4531,0,0,0,1
4532,0,0,1,0
4533,0,0,1,0
4534,0,0,1,0
4535,1,1,0,1
4536,0,0,1,0
4537,0,0,0,0
4538,0,0,0,1
4539,0,0,0,1
4540,1,1,1,0
4541,0,0,0,1
4542,0,0,1,0
4543,0,0,0,1
4544,0,0,0,0
4545,1,1,1,0
4546,0,0,1,0
4547,0,0,1,0
4548,0,0,0,0
4549,0,0,0,1
4550,1,1,0,1
4551,0,0,0,1
4552,0,0,0,0
4553,0,0,0,0
4554,0,0,1,0
4555,1,1,0,1
4556,0,0,0,1
4557,0,0,0,1
4558,0,0,0,0
4559,0,0,1,0
4560,1,1,1,0
4561,0,0,1,0
4562,0,0,0,0
4563,0,0,0,1
4564,0,0,1,0
4565,1,1,0,1
4566,0,0,1,0
4567,0,0,0,1
4568,0,0,0,0
4569,0,0,0,1
4570,1,1,0,1
4571,0,0,1,0
4572,0,0,1,0
4573,0,0,0,1
4574,0,0,1,0
4575,1,1,0,0
4576,0,0,0,0
4577,0,0,0,1
4578,0,0,0,1
4579,0,0,0,0
4580,1,1,0,1
4581,0,0,0,0
4582,0,0,1,0
4583,0,0,0,0
4584,0,0,0,1
4585,1,1,0,1
4586,0,0,0,1
4587,0,0,0,0
4588,0,0,0,1
4589,0,0,0,1
4590,1,1,0,0
4591,0,0,1,0
4592,0,0,1,0
4593,0,0,0,1
4594,0,0,0,0
4595,1,1,1,0
4596,0,0,0,0
4597,0,0,0,1
4598,0,0,0,1
4599,0,0,0,0
4600,1,1,1,0
4601,0,0,1,0
4602,0,0,1,0
4603,0,0,0,0
4604,0,0,0,1
4605,1,1,0,1
4606,0,0,0,1
4607,0,0,0,0
4608,0,0,1,0
4609,0,0,0,0
4610,1,1,1,0
4611,0,0,0,1
4612,0,0,0,0
4613,0,0,0,0
4614,0,0,1,0
4615,1,1,1,0
4616,0,0,1,0
4617,0,0,0,0
4618,0,0,1,0
4619,0,0,1,0
4620,1,1,0,1
4621,0,0,0,1
4622,0,0,0,1
4623,0,0,0,0
4624,0,0,1,0
4625,1,1,0,1
4626,0,0,1,0
4627,0,0,1,0
4628,0,0,0,1
4629,0,0,0,0
4630,1,1,0,1
4631,0,0,1,0
4632,0,0,1,0
4633,0,0,0,1
4634,0,0,0,1
4635,1,1,0,0
4636,0,0,1,0
4637,0,0,1,0
4638,0,0,1,0
4639,0,0,0,0
4640,1,1,0,1
4641,0,0,0,1
4642,0,0,0,1
4643,0,0,0,0
4644,0,0,1,0
4645,1,1,0,1
4646,0,0,1,0
4647,0,0,1,0
4648,0,0,0,0
4649,0,0,0,1
4650,1,1,1,0
4651,0,0,0,1
4652,0,0,0,1
4653,0,0,0,0
4654,0,0,1,0
4655,1,1,1,0
4656,0,0,1,0
4657,0,0,0,0
4658,0,0,1,0
4659,0,0,0,1
4660,1,1,0,1
4661,0,0,0,1
4662,0,0,0,0
4663,0,0,1,0
4664,0,0,1,0
4665,1,1,1,0
4666,0,0,0,0
4667,0,0,1,0
4668,0,0,0,1
4669,0,0,1,0
4670,1,1,1,0
4671,0,0,0,1
4672,0,0,0,0
4673,0,0,1,0
4674,0,0,1,0
4675,1,1,1,0
4676,0,0,0,1
4677,0,0,0,0
4678,0,0,0,1
4679,0,0,0,1
4680,1,1,0,1
4681,0,0,0,0
4682,0,0,1,0
4683,0,0,1,0
4684,0,0,0,0
4685,1,1,0,1
4686,0,0,0,0
4687,0,0,0,1
4688,0,0,0,1
4689,0,0,0,1
4690,1,1,0,0
4691,0,0,0,1
4692,0,0,1,0
4693,0,0,1,0
4694,0,0,1,0
4695,1,1,0,1
4696,0,0,0,0
4697,0,0,1,0
4698,0,0,0,1
4699,0,0,0,1
4700,1,1,0,1
4701,0,0,0,0
4702,0,0,0,1
4703,0,0,1,0
4704,0,0,0,1
4705,1,1,0,1
4706,0,0,1,0
4707,0,0,1,0
4708,0,0,1,0
4709,0,0,0,0
4710,1,1,0,1
4711,0,0,0,0
4712,0,0,0,1
4713,0,0,0,1
4714,0,0,0,1
4715,1,1,0,0
4716,0,0,1,0
4717,0,0,0,1
4718,0,0,0,1
4719,0,0,1,0
4720,1,1,1,0
4721,0,0,0,0
4722,0,0,0,1
4723,0,0,0,1
4724,0,0,0,1
4725,1,1,0,0
4726,0,0,1,0
4727,0,0,0,1
4728,0,0,0,1
4729,0,0,1,0
4730,1,1,0,1
4731,0,0,1,0
4732,0,0,1,0
4733,0,0,0,0
4734,0,0,0,0
4735,1,1,0,1
4736,0,0,0,1
4737,0,0,0,0
4738,0,0,1,0
4739,0,0,1,0
4740,1,1,1,0
4741,0,0,0,1
4742,0,0,0,1
4743,0,0,0,0
4744,0,0,1,0
4745,1,1,1,0
4746,0,0,0,1
4747,0,0,0,1
4748,0,0,0,1
4749,0,0,1,0
4750,1,1,0,1
4751,0,0,0,0
4752,0,0,0,1
4753,0,0,1,0
4754,0,0,0,1
4755,1,1,1,0
4756,0,0,1,0
4757,0,0,0,0
4758,0,0,1,0
4759,0,0,1,0
4760,1,1,0,1
4761,0,0,0,1
4762,0,0,0,1
4763,0,0,0,0
4764,0,0,0,1
4765,1,1,1,0
4766,0,0,1,0
4767,0,0,1,0
4768,0,0,0,0
4769,0,0,0,1
4770,1,1,0,1
4771,0,0,0,1
4772,0,0,1,0
4773,0,0,1,0
4774,0,0,0,0
4775,1,1,0,1
4776,0,0,0,1
4777,0,0,1,0
4778,0,0,1,0
4779,0,0,1,0
4780,1,1,0,0
4781,0,0,0,1
4782,0,0,0,1
4783,0,0,0,1
4784,0,0,1,0
4785,1,1,1,0
4786,0,0,1,0
4787,0,0,0,1
4788,0,0,0,0
4789,0,0,0,1
4790,1,1,1,0
4791,0,0,1,0
4792,0,0,1,0
4793,0,0,0,0
4794,0,0,0,1
4795,1,1,1,0
4796,0,0,1,0
4797,0,0,0,1
4798,0,0,0,1
4799,0,0,0,0
4800,1,1,0,0
4801,0,0,1,0
4802,0,0,0,1
4803,0,0,0,1
4804,0,0,0,1
4805,1,1,0,0
4806,0,0,1,0
4807,0,0,1,0
4808,0,0,1,0
4809,0,0,0,0
4810,1,1,0,1
4811,0,0,0,1
4812,0,0,0,1
4813,0,0,1,0
4814,0,0,0,0
4815,1,1,1,0
4816,0,0,0,1
4817,0,0,1,0
4818,0,0,1,0
4819,0,0,0,1
4820,1,1,0,1
4821,0,0,1,0
4822,0,0,0,0
4823,0,0,0,1
4824,0,0,0,1
4825,1,1,0,1
4826,0,0,0,0
4827,0,0,0,1
4828,0,0,0,1
4829,0,0,0,1
4830,1,1,0,0
4831,0,0,1,0
4832,0,0,1,0
4833,0,0,1,0
4834,0,0,0,1
4835,1,1,0,0
4836,0,0,1,0
4837,0,0,0,0
4838,0,0,0,1
4839,0,0,1,0
4840,1,1,0,0
4841,0,0,1,0
4842,0,0,1,0
4843,0,0,1,0
4844,0,0,0,1
4845,1,1,0,0
4846,0,0,0,1
4847,0,0,0,1
4848,0,0,0,1
4849,0,0,0,0
4850,1,1,1,0
4851,0,0,1,0
4852,0,0,1,0
4853,0,0,0,0
4854,0,0,1,0
4855,1,1,0,1
4856,0,0,1,0
4857,0,0,0,1
4858,0,0,0,1
4859,0,0,0,0
4860,1,1,1,0
4861,0,0,1,0
4862,0,0,1,0
4863,0,0,0,0
4864,0,0,1,0
4865,1,1,1,0
4866,0,0,0,1
4867,0,0,1,0
4868,0,0,0,0
4869,0,0,0,1
4870,1,1,1,0
4871,0,0,1,0
4872,0,0,1,0
4873,0,0,0,0
4874,0,0,0,1
4875,1,1,1,0
4876,0,0,0,1
4877,0,0,1,0
4878,0,0,0,1
4879,0,0,0,0
4880,1,1,1,0
4881,0,0,0,1
4882,0,0,1,0
4883,0,0,1,0
4884,0,0,0,0
4885,1,1,0,1
4886,0,0,1,0
4887,0,0,1,0
4888,0,0,0,1
4889,0,0,1,0
4890,1,1,0,1
4891,0,0,0,1
4892,0,0,0,0
4893,0,0,1,0
4894,0,0,1,0
4895,1,1,0,0
4896,0,0,0,1
4897,0,0,0,0
4898,0,0,0,1
4899,0,0,0,1
4900,1,1,0,1
4901,0,0,1,0
4902,0,0,0,0
4903,0,0,1,0
4904,0,0,1,0
4905,1,1,1,0
4906,0,0,0,0
4907,0,0,1,0
4908,0,0,0,1
4909,0,0,1,0
4910,1,1,0,0
4911,0,0,1,0
4912,0,0,1,0
4913,0,0,0,1
4914,0,0,1,0
4915,1,1,0,0
4916,0,0,0,1
4917,0,0,1,0
4918,0,0,1,0
4919,0,0,0,1
4920,1,1,0,1
4921,0,0,1,0
4922,0,0,1,0
4923,0,0,0,0
4924,0,0,0,1
4925,1,1,0,0
4926,0,0,1,0
4927,0,0,1,0
4928,0,0,1,0
4929,0,0,0,1
4930,1,1,0,0
4931,0,0,1,0
4932,0,0,0,1
4933,0,0,1,0
4934,0,0,0,1
4935,1,1,0,1
4936,0,0,0,0
4937,0,0,1,0
4938,0,0,0,1
4939,0,0,1,0
4940,1,1,0,1
4941,0,0,1,0
4942,0,0,0,1
4943,0,0,1,0
4944,0,0,0,0
4945,1,1,1,0
4946,0,0,0,1
4947,0,0,0,1
4948,0,0,0,0
4949,0,0,1,0
4950,1,1,0,1
4951,0,0,0,0
4952,0,0,0,1
4953,0,0,0,0
4954,0,0,1,0
4955,1,1,1,0
4956,0,0,0,1
4957,0,0,1,0
4958,0,0,0,0
4959,0,0,0,1
4960,1,1,0,1
4961,0,0,1,0
4962,0,0,0,1
4963,0,0,0,0
4964,0,0,1,0
4965,1,1,1,0
4966,0,0,1,0
4967,0,0,0,0
4968,0,0,0,1
4969,0,0,0,1
4970,1,1,0,1
4971,0,0,0,0
4972,0,0,0,1
4973,0,0,0,1
4974,0,0,1,0
4975,1,1,1,0
4976,0,0,0,0
4977,0,0,1,0
4978,0,0,0,1
4979,0,0,1,0
4980,1,1,0,1
4981,0,0,0,1
4982,0,0,1,0
4983,0,0,0,1
4984,0,0,0,0
4985,1,1,1,0
4986,0,0,0,1
4987,0,0,1,0
4988,0,0,1,0
4989,0,0,0,1
4990,1,1,0,1
4991,0,0,0,1
4992,0,0,0,0
4993,0,0,0,1
4994,0,0,0,1
4995,1,1,0,1
4996,0,0,1,0
4997,0,0,1,0
4998,0,0,1,0
4999,0,0,0,1
5000,1,1,0,0
5001,0,0,1,0
5002,0,0,1,0
5003,0,0,0,1
5004,0,0,0,1
5005,1,1,0,0
5006,0,0,0,1
5007,0,0,0,1
5008,0,0,0,1
5009,0,0,0,0
5010,1,1,1,0
5011,0,0,1,0
5012,0,0,1,0
5013,0,0,0,0
5014,0,0,0,1
5015,1,1,1,0
5016,0,0,0,1
5017,0,0,0,1
5018,0,0,0,0
5019,0,0,1,0
5020,1,1,1,0
5021,0,0,1,0
5022,0,0,0,0
5023,0,0,0,1
5024,0,0,1,0
5025,1,1,0,1
5026,0,0,0,1
5027,0,0,0,0
5028,0,0,0,1
5029,0,0,1,0
5030,1,1,1,0
5031,0,0,1,0
5032,0,0,0,0
5033,0,0,0,1
5034,0,0,0,1
5035,1,1,0,1
5036,0,0,1,0
5037,0,0,0,0
5038,0,0,0,1
5039,0,0,1,0
5040,1,1,1,0
5041,0,0,1,0
5042,0,0,0,0
5043,0,0,0,1
5044,0,0,1,0
5045,1,1,1,0
5046,0,0,0,1
5047,0,0,0,1
5048,0,0,0,0
5049,0,0,1,0
5050,1,1,1,0
5051,0,0,1,0
5052,0,0,0,0
5053,0,0,1,0
5054,0,0,0,0
5055,1,1,0,1
5056,0,0,1,0
5057,0,0,0,1
5058,0,0,1,0
5059,0,0,0,0
5060,1,1,0,1
5061,0,0,0,0
5062,0,0,0,1
5063,0,0,0,0
5064,0,0,1,0
5065,1,1,1,0
5066,0,0,1,0
5067,0,0,0,0
5068,0,0,1,0
5069,0,0,1,0
5070,1,1,0,1
5071,0,0,0,1
5072,0,0,0,1
5073,0,0,0,0
5074,0,0,1,0
5075,1,1,0,1
5076,0,0,1,0
5077,0,0,1,0
5078,0,0,0,0
5079,0,0,0,1
5080,1,1,0,1
5081,0,0,0,1
5082,0,0,0,0
5083,0,0,1,0
5084,0,0,1,0
5085,1,1,1,0
5086,0,0,0,0
5087,0,0,0,0
5088,0,0,0,1
5089,0,0,0,0
5090,1,1,0,0
5091,0,0,1,0
5092,0,0,1,0
5093,0,0,1,0
5094,0,0,0,0
5095,1,1,1,0
5096,0,0,0,1
5097,0,0,0,1
5098,0,0,0,1
5099,0,0,0,0
5100,1,1,1,0
5101,0,0,1,0
5102,0,0,1,0
5103,0,0,0,0
5104,0,0,0,1
5105,1,1,1,0
5106,0,0,0,1
5107,0,0,0,1
5108,0,0,0,0
5109,0,0,0,0
5110,1,1,1,0
5111,0,0,1,0
5112,0,0,0,0
5113,0,0,1,0
5114,0,0,0,1
5115,1,1,1,0
5116,0,0,0,0
5117,0,0,0,1
5118,0,0,0,1
5119,0,0,1,0
5120,1,1,1,0
5121,0,0,1,0
5122,0,0,0,0
5123,0,0,0,1
5124,0,0,1,0
5125,1,1,1,0
5126,0,0,1,0
5127,0,0,0,1
5128,0,0,0,0
5129,0,0,1,0
5130,1,1,0,0
5131,0,0,0,1
5132,0,0,0,0
5133,0,0,1,0
5134,0,0,0,0
5135,1,1,1,0
5136,0,0,0,1
5137,0,0,1,0
5138,0,0,0,1
5139,0,0,0,1
5140,1,1,1,0
5141,0,0,0,1
5142,0,0,0,0
5143,0,0,1,0
5144,0,0,1,0
5145,1,1,1,0
5146,0,0,0,0
5147,0,0,0,1
5148,0,0,0,0
5149,0,0,0,0
5150,1,1,0,1
5151,0,0,0,0
5152,0,0,1,0
5153,0,0,0,0
5154,0,0,0,1
5155,1,1,0,1
5156,0,0,0,1
5157,0,0,0,0
5158,0,0,1,0
5159,0,0,1,0
5160,1,1,0,1
5161,0,0,0,1
5162,0,0,1,0
5163,0,0,0,0
5164,0,0,0,1
5165,1,1,0,1
5166,0,0,0,1
5167,0,0,0,0
5168,0,0,1,0
5169,0,0,1,0
5170,1,1,0,0
5171,0,0,0,0
5172,0,0,1,0
5173,0,0,0,1
5174,0,0,0,1
5175,1,1,1,0
5176,0,0,1,0
5177,0,0,0,1
5178,0,0,1,0
5179,0,0,0,0
5180,1,1,0,1
5181,0,0,0,0
5182,0,0,1,0
5183,0,0,1,0
5184,0,0,0,1
5185,1,1,1,0
5186,0,0,0,0
5187,0,0,1,0
5188,0,0,0,1
5189,0,0,0,1
5190,1,1,0,1
5191,0,0,0,0
5192,0,0,1,0
5193,0,0,1,0
5194,0,0,1,0
5195,1,1,0,0
5196,0,0,1,0
5197,0,0,1,0
5198,0,0,1,0
5199,0,0,0,1
5200,1,1,0,0
5201,0,0,1,0
5202,0,0,1,0
5203,0,0,1,0
5204,0,0,0,0
5205,1,1,0,1
5206,0,0,1,0
5207,0,0,0,1
5208,0,0,0,1
5209,0,0,1,0
5210,1,1,0,0
5211,0,0,0,1
5212,0,0,0,1
5213,0,0,1,0
5214,0,0,1,0
5215,1,1,1,0
5216,0,0,0,0
5217,0,0,1,0
5218,0,0,1,0
5219,0,0,0,0
5220,1,1,1,0
5221,0,0,1,0
5222,0,0,1,0
5223,0,0,0,0
5224,0,0,0,1
5225,1,1,1,0
5226,0,0,0,1
5227,0,0,0,1
5228,0,0,0,0
5229,0,0,0,1
5230,1,1,0,1
5231,0,0,0,1
5232,0,0,1,0
5233,0,0,1,0
5234,0,0,0,0
5235,1,1,0,1
5236,0,0,1,0
5237,0,0,0,1
5238,0,0,0,1
5239,0,0,0,0
5240,1,1,0,1
5241,0,0,1,0
5242,0,0,0,1
5243,0,0,0,1
5244,0,0,0,0
5245,1,1,0,1
5246,0,0,0,1
5247,0,0,0,1
5248,0,0,0,0
5249,0,0,1,0
5250,1,1,0,1
5251,0,0,1,0
5252,0,0,1,0
5253,0,0,0,1
5254,0,0,0,0
5255,1,1,1,0
5256,0,0,0,1
5257,0,0,1,0
5258,0,0,0,1
5259,0,0,1,0
5260,1,1,0,1
5261,0,0,0,1
5262,0,0,0,0
5263,0,0,1,0
5264,0,0,1,0
5265,1,1,1,0
5266,0,0,0,0
5267,0,0,0,0
5268,0,0,1,0
5269,0,0,0,1
5270,1,1,0,1
5271,0,0,0,1
5272,0,0,0,0
5273,0,0,1,0
5274,0,0,1,0
5275,1,1,1,0
5276,0,0,0,0
5277,0,0,0,1
5278,0,0,0,1
5279,0,0,1,0
5280,1,1,1,0
5281,0,0,1,0
5282,0,0,0,0
5283,0,0,1,0
5284,0,0,1,0
5285,1,1,1,0
5286,0,0,0,0
5287,0,0,0,1
5288,0,0,0,0
5289,0,0,0,0
5290,1,1,1,0
5291,0,0,0,0
5292,0,0,1,0
5293,0,0,0,1
5294,0,0,1,0
5295,1,1,0,1
5296,0,0,1,0
5297,0,0,1,0
5298,0,0,0,0
5299,0,0,1,0
5300,1,1,0,0
5301,0,0,0,0
5302,0,0,1,0
5303,0,0,0,1
5304,0,0,0,1
5305,1,1,0,0
5306,0,0,1,0
5307,0,0,0,1
5308,0,0,1,0
5309,0,0,1,0
5310,1,1,0,0
5311,0,0,1,0
5312,0,0,0,1
5313,0,0,0,1
5314,0,0,0,1
5315,1,1,0,0
5316,0,0,1,0
5317,0,0,0,1
5318,0,0,1,0
5319,0,0,1,0
5320,1,1,0,0
5321,0,0,1,0
5322,0,0,0,1
5323,0,0,1,0
5324,0,0,0,1
5325,1,1,1,0
5326,0,0,0,0
5327,0,0,1,0
5328,0,0,1,0
5329,0,0,0,1
5330,1,1,1,0
5331,0,0,0,0
5332,0,0,1,0
5333,0,0,1,0
5334,0,0,0,1
5335,1,1,0,1
5336,0,0,1,0
5337,0,0,0,0
5338,0,0,0,1
5339,0,0,1,0
5340,1,1,0,1
5341,0,0,1,0
5342,0,0,0,1
5343,0,0,0,0
5344,0,0,1,0
5345,1,1,0,1
5346,0,0,0,1
5347,0,0,1,0
5348,0,0,1,0
5349,0,0,0,0
5350,1,1,0,0
5351,0,0,0,1
5352,0,0,0,1
5353,0,0,0,0
5354,0,0,1,0
5355,1,1,1,0
5356,0,0,1,0
5357,0,0,0,1
5358,0,0,0,0
5359,0,0,1,0
5360,1,1,0,1
5361,0,0,0,1
5362,0,0,0,1
5363,0,0,0,0
5364,0,0,0,1
5365,1,1,0,1
5366,0,0,1,0
5367,0,0,0,1
5368,0,0,1,0
5369,0,0,1,0
5370,1,1,0,1
5371,0,0,0,0
5372,0,0,1,0
5373,0,0,0,0
5374,0,0,1,0
5375,1,1,0,0
5376,0,0,0,1
5377,0,0,0,1
5378,0,0,0,1
5379,0,0,0,0
5380,1,1,1,0
5381,0,0,1,0
5382,0,0,1,0
5383,0,0,0,1
5384,0,0,0,0
5385,1,1,1,0
5386,0,0,0,1
5387,0,0,1,0
5388,0,0,0,1
5389,0,0,0,1
5390,1,1,1,0
5391,0,0,1,0
5392,0,0,0,0
5393,0,0,1,0
5394,0,0,0,1
5395,1,1,1,0
5396,0,0,0,1
5397,0,0,1,0
5398,0,0,0,0
5399,0,0,0,1
5400,1,1,0,1
5401,0,0,0,1
5402,0,0,0,0
5403,0,0,0,1
5404,0,0,0,0
5405,1,1,1,0
5406,0,0,0,0
5407,0,0,1,0
5408,0,0,0,1
5409,0,0,1,0
5410,1,1,0,1
5411,0,0,1,0
5412,0,0,0,1
5413,0,0,1,0
5414,0,0,0,0
5415,1,1,0,1
5416,0,0,0,0
5417,0,0,0,1
5418,0,0,0,1
5419,0,0,0,1
5420,1,1,0,0
5421,0,0,0,1
5422,0,0,0,1
5423,0,0,0,1
5424,0,0,0,0
5425,1,1,1,0
5426,0,0,1,0
5427,0,0,0,1
5428,0,0,1,0
5429,0,0,0,0
5430,1,1,0,1
5431,0,0,1,0
5432,0,0,0,1
5433,0,0,0,1
5434,0,0,1,0
5435,1,1,1,0
5436,0,0,0,1
5437,0,0,0,0
5438,0,0,1,0
5439,0,0,0,1
5440,1,1,1,0
5441,0,0,1,0
5442,0,0,0,1
5443,0,0,0,0
5444,0,0,1,0
5445,1,1,1,0
5446,0,0,0,1
5447,0,0,1,0
5448,0,0,0,1
5449,0,0,0,1
5450,1,1,0,1
5451,0,0,0,0
5452,0,0,1,0
5453,0,0,1,0
5454,0,0,1,0
5455,1,1,0,0
5456,0,0,0,1
5457,0,0,0,1
5458,0,0,0,1
5459,0,0,0,0
5460,1,1,1,0
5461,0,0,0,1
5462,0,0,0,1
5463,0,0,1,0
5464,0,0,0,1
5465,1,1,0,0
5466,0,0,0,1
5467,0,0,0,1
5468,0,0,1,0
5469,0,0,0,1
5470,1,1,1,0
5471,0,0,0,0
5472,0,0,1,0
5473,0,0,0,1
5474,0,0,0,1
5475,1,1,1,0
5476,0,0,0,1
5477,0,0,1,0
5478,0,0,1,0
5479,0,0,0,0
5480,1,1,1,0
5481,0,0,0,1
5482,0,0,0,1
5483,0,0,0,1
5484,0,0,0,0
5485,1,1,1,0
5486,0,0,0,1
5487,0,0,1,0
5488,0,0,1,0
5489,0,0,0,0
5490,1,1,0,1
5491,0,0,1,0
5492,0,0,0,1
5493,0,0,0,1
5494,0,0,1,0
5495,1,1,1,0
5496,0,0,1,0
5497,0,0,0,0
5498,0,0,0,1
5499,0,0,0,0
5500,1,1,1,0
5501,0,0,0,0
5502,0,0,0,1
5503,0,0,0,0
5504,0,0,1,0
5505,1,1,0,0
5506,0,0,0,1
5507,0,0,0,0
5508,0,0,1,0
5509,0,0,1,0
5510,1,1,1,0
5511,0,0,0,0
5512,0,0,0,1
5513,0,0,0,1
5514,0,0,0,1
5515,1,1,0,0
5516,0,0,0,1
5517,0,0,1,0
5518,0,0,0,1
5519,0,0,0,1
5520,1,1,1,0
5521,0,0,0,0
5522,0,0,1,0
5523,0,0,0,1
5524,0,0,1,0
5525,1,1,0,1
5526,0,0,0,1
5527,0,0,0,0
5528,0,0,1,0
5529,0,0,0,1
5530,1,1,1,0
5531,0,0,1,0
5532,0,0,0,0
5533,0,0,0,1
5534,0,0,0,1
5535,1,1,0,1
5536,0,0,0,0
5537,0,0,0,1
5538,0,0,1,0
5539,0,0,1,0
5540,1,1,1,0
5541,0,0,0,0
5542,0,0,1,0
5543,0,0,0,1
5544,0,0,0,1
5545,1,1,0,1
5546,0,0,0,0
5547,0,0,0,1
5548,0,0,0,1
5549,0,0,0,1
5550,1,1,1,0
5551,0,0,0,0
5552,0,0,1,0
5553,0,0,1,0
5554,0,0,1,0
5555,1,1,0,0
5556,0,0,0,1
5557,0,0,0,1
5558,0,0,1,0
5559,0,0,0,1
5560,1,1,0,0
5561,0,0,1,0
5562,0,0,0,1
5563,0,0,1,0
5564,0,0,0,1
5565,1,1,1,0
5566,0,0,0,1
5567,0,0,1,0
5568,0,0,0,0
5569,0,0,1,0
5570,1,1,0,0
5571,0,0,1,0
5572,0,0,0,1
5573,0,0,0,1
5574,0,0,0,1
5575,1,1,1,0
5576,0,0,0,0
5577,0,0,0,1
5578,0,0,1,0
5579,0,0,1,0
5580,1,1,0,1
5581,0,0,1,0
5582,0,0,0,0
5583,0,0,0,1
5584,0,0,1,0
5585,1,1,1,0
5586,0,0,0,1
5587,0,0,0,1
5588,0,0,0,0
5589,0,0,0,0
5590,1,1,1,0
5591,0,0,1,0
5592,0,0,0,0
5593,0,0,1,0
5594,0,0,0,1
5595,1,1,0,1
5596,0,0,1,0
5597,0,0,1,0
5598,0,0,0,0
5599,0,0,1,0
5600,1,1,1,0
5601,0,0,1,0
5602,0,0,0,0
5603,0,0,0,1
5604,0,0,0,1
5605,1,1,0,1
5606,0,0,0,0
5607,0,0,1,0
5608,0,0,0,1
5609,0,0,1,0
5610,1,1,0,0
5611,0,0,1,0
5612,0,0,0,0
5613,0,0,1,0
5614,0,0,0,0
5615,1,1,0,1
5616,0,0,1,0
5617,0,0,1,0
5618,0,0,1,0
5619,0,0,0,1
5620,1,1,0,1
5621,0,0,1,0
5622,0,0,0,0
5623,0,0,1,0
5624,0,0,1,0
5625,1,1,0,1
5626,0,0,0,1
5627,0,0,1,0
5628,0,0,0,0
5629,0,0,0,1
5630,1,1,0,1
5631,0,0,0,1
5632,0,0,0,0
5633,0,0,1,0
5634,0,0,1,0
5635,1,1,1,0
5636,0,0,0,0
5637,0,0,1,0
5638,0,0,0,1
5639,0,0,0,1
5640,1,1,1,0
5641,0,0,0,1
5642,0,0,0,0
5643,0,0,1,0
5644,0,0,1,0
5645,1,1,1,0
5646,0,0,0,0
5647,0,0,1,0
5648,0,0,1,0
5649,0,0,1,0
5650,1,1,0,1
5651,0,0,0,1
5652,0,0,0,0
5653,0,0,1,0
5654,0,0,1,0
5655,1,1,1,0
5656,0,0,0,0
5657,0,0,0,1
5658,0,0,1,0
5659,0,0,0,0
5660,1,1,1,0
5661,0,0,0,1
5662,0,0,1,0
5663,0,0,0,0
5664,0,0,1,0
5665,1,1,0,1
5666,0,0,0,1
5667,0,0,0,1
5668,0,0,1,0
5669,0,0,0,0
5670,1,1,0,1
5671,0,0,0,1
5672,0,0,0,1
5673,0,0,0,0
5674,0,0,1,0
5675,1,1,1,0
5676,0,0,0,1
5677,0,0,1,0
5678,0,0,0,1
5679,0,0,0,0
5680,1,1,0,0
5681,0,0,1,0
5682,0,0,0,0
5683,0,0,1,0
5684,0,0,0,0
5685,1,1,1,0
5686,0,0,0,1
5687,0,0,0,1
5688,0,0,0,1
5689,0,0,0,0
5690,1,1,1,0
5691,0,0,0,1
5692,0,0,0,0
5693,0,0,1,0
5694,0,0,0,0
5695,1,1,0,1
5696,0,0,1,0
5697,0,0,1,0
5698,0,0,0,1
5699,0,0,1,0
5700,1,1,0,0
5701,0,0,0,1
5702,0,0,0,1
5703,0,0,1,0
5704,0,0,1,0
5705,1,1,1,0
5706,0,0,0,1
5707,0,0,1,0
5708,0,0,0,0
5709,0,0,0,1
5710,1,1,0,0
5711,0,0,0,1
5712,0,0,1,0
5713,0,0,1,0
5714,0,0,0,1
5715,1,1,0,1
5716,0,0,0,0
5717,0,0,1,0
5718,0,0,0,1
5719,0,0,0,1
5720,1,1,0,1
5721,0,0,1,0
5722,0,0,0,0
5723,0,0,1,0
5724,0,0,1,0
5725,1,1,1,0
5726,0,0,0,1
5727,0,0,0,0
5728,0,0,0,1
5729,0,0,1,0
5730,1,1,0,1
5731,0,0,1,0
5732,0,0,1,0
5733,0,0,0,1
5734,0,0,0,1
5735,1,1,0,0
5736,0,0,1,0
5737,0,0,1,0
5738,0,0,1,0
5739,0,0,0,0
5740,1,1,0,1
5741,0,0,1,0
5742,0,0,0,1
5743,0,0,0,1
5744,0,0,0,0
5745,1,1,1,0
5746,0,0,0,1
5747,0,0,1,0
5748,0,0,1,0
5749,0,0,0,0
5750,1,1,1,0
5751,0,0,0,1
5752,0,0,0,1
5753,0,0,0,1
5754,0,0,0,0
5755,1,1,1,0
5756,0,0,0,1
5757,0,0,1,0
5758,0,0,0,1
5759,0,0,1,0
5760,1,1,0,0
5761,0,0,0,1
5762,0,0,1,0
5763,0,0,0,1
5764,0,0,1,0
5765,1,1,0,1
5766,0,0,0,0
5767,0,0,0,1
5768,0,0,0,1
5769,0,0,1,0
5770,1,1,1,0
5771,0,0,0,0
5772,0,0,0,1
5773,0,0,1,0
5774,0,0,1,0
5775,1,1,0,1
5776,0,0,0,1
5777,0,0,1,0
5778,0,0,1,0
5779,0,0,0,0
5780,1,1,0,1
5781,0,0,0,0
5782,0,0,0,1
5783,0,0,1,0
5784,0,0,1,0
5785,1,1,1,0
5786,0,0,0,0
5787,0,0,1,0
5788,0,0,0,1
5789,0,0,0,1
5790,1,1,1,0
5791,0,0,0,1
5792,0,0,1,0
5793,0,0,0,1
5794,0,0,0,0
5795,1,1,0,1
5796,0,0,0,1
5797,0,0,1,0
5798,0,0,0,1
5799,0,0,1,0
5800,1,1,1,0
5801,0,0,1,0
5802,0,0,0,0
5803,0,0,1,0
5804,0,0,0,1
5805,1,1,0,1
5806,0,0,0,1
5807,0,0,1,0
5808,0,0,0,0
5809,0,0,1,0
5810,1,1,1,0
5811,0,0,0,1
5812,0,0,1,0
5813,0,0,0,1
5814,0,0,0,0
5815,1,1,0,1
5816,0,0,0,1
5817,0,0,0,1
5818,0,0,1,0
5819,0,0,0,0
5820,1,1,1,0
5821,0,0,0,1
5822,0,0,1,0
5823,0,0,1,0
5824,0,0,0,1
5825,1,1,0,0
5826,0,0,0,1
5827,0,0,0,1
5828,0,0,1,0
5829,0,0,0,1
5830,1,1,0,0
5831,0,0,0,1
5832,0,0,0,1
5833,0,0,0,1
5834,0,0,1,0
5835,1,1,1,0
5836,0,0,1,0
5837,0,0,4,0
5838,0,0,0,0
5839,0,0,0,1
5840,1,1,1,0
5841,0,0,0,1
5842,0,0,1,0
5843,0,0,0,1
5844,0,0,1,0
5845,1,1,0,1
5846,0,0,0,0
5847,0,0,0,1
5848,0,0,1,0
5849,0,0,1,0
5850,1,1,0,1
5851,0,0,1,0
5852,0,0,0,0
5853,0,0,0,1
5854,0,0,1,0
5855,1,1,0,1
5856,0,0,0,1
5857,0,0,0,0
5858,0,0,1,0
5859,0,0,1,0
5860,1,1,1,0
5861,0,0,0,0
5862,0,0,1,0
5863,0,0,0,1
5864,0,0,0,1
5865,1,1,0,1
5866,0,0,0,0
5867,0,0,1,0
5868,0,0,1,0
5869,0,0,1,0
5870,1,1,0,1
5871,0,0,0,0
5872,0,0,0,1
5873,0,0,1,0
5874,0,0,1,0
5875,1,1,1,0
5876,0,0,0,1
5877,0,0,0,1
5878,0,0,0,1
5879,0,0,0,0
5880,1,1,1,0
5881,0,0,0,0
5882,0,0,1,0
5883,0,0,0,0
5884,0,0,0,1
5885,1,1,1,0
5886,0,0,0,1
5887,0,0,1,0
5888,0,0,0,1
5889,0,0,0,0
5890,1,1,0,0
5891,0,0,0,1
5892,0,0,1,0
5893,0,0,1,0
5894,0,0,0,1
5895,1,1,1,0
5896,0,0,0,1
5897,0,0,0,1
5898,0,0,0,0
5899,0,0,0,1
5900,1,1,0,0
5901,0,0,0,1
5902,0,0,0,1
5903,0,0,0,1
5904,0,0,1,0
5905,1,1,1,0
5906,0,0,0,0
5907,0,0,0,1
5908,0,0,1,0
5909,0,0,1,0
5910,1,1,0,1
5911,0,0,0,1
5912,0,0,0,0
5913,0,0,0,1
5914,0,0,1,0
5915,1,1,0,1
5916,0,0,0,1
5917,0,0,1,0
5918,0,0,1,0
5919,0,0,0,1
5920,1,1,0,0
5921,0,0,0,1
5922,0,0,0,1
5923,0,0,1,0
5924,0,0,0,1
5925,1,1,0,0
5926,0,0,1,0
5927,0,0,1,0
5928,0,0,0,1
5929,0,0,1,0
5930,1,1,0,0
5931,0,0,0,1
5932,0,0,0,1
5933,0,0,0,1
5934,0,0,0,0
5935,1,1,1,0
5936,0,0,0,1
5937,0,0,1,0
5938,0,0,1,0
5939,0,0,0,0
5940,1,1,1,0
5941,0,0,0,1
5942,0,0,0,1
5943,0,0,0,1
5944,0,0,1,0
5945,1,1,1,0
5946,0,0,0,0
5947,0,0,1,0
5948,0,0,0,0
5949,0,0,1,0
5950,1,1,1,0
5951,0,0,0,1
5952,0,0,1,0
5953,0,0,0,1
5954,0,0,0,1
5955,1,1,0,0
5956,0,0,1,0
5957,0,0,1,0
5958,0,0,0,1
5959,0,0,0,1
5960,1,1,1,0
5961,0,0,0,1
5962,0,0,0,1
5963,0,0,0,0
5964,0,0,0,1
5965,1,1,1,0
5966,0,0,1,0
5967,0,0,1,0
5968,0,0,0,1
5969,0,0,0,1
5970,1,1,1,0
5971,0,0,0,0
5972,0,0,1,0
5973,0,0,0,0
5974,0,0,1,0
5975,1,1,1,0
5976,0,0,0,1
5977,0,0,0,1
5978,0,0,0,1
5979,0,0,0,0
5980,1,1,1,0
5981,0,0,1,0
5982,0,0,1,0
5983,0,0,0,0
5984,0,0,0,1
5985,1,1,1,0
5986,0,0,0,1
5987,0,0,0,1
5988,0,0,0,0
5989,0,0,0,1
5990,1,1,1,0
5991,0,0,1,0
5992,0,0,1,0
5993,0,0,0,0
5994,0,0,1,0
5995,1,1,0,1
5996,0,0,0,1
5997,0,0,1,0
5998,0,0,0,1
5999,0,0,1,0
6000,1,1,0,1
6001,0,0,0,0
6002,0,0,0,1
6003,0,0,1,0
6004,0,0,1,0
6005,1,1,1,0
6006,0,0,0,0
6007,0,0,0,0
6008,0,0,0,1
6009,0,0,1,0
6010,1,1,0,1
6011,0,0,0,0
6012,0,0,0,0
6013,0,0,1,0
6014,0,0,0,1
6015,1,1,0,1
6016,0,0,1,0
6017,0,0,1,0
6018,0,0,0,1
6019,0,0,1,0
6020,1,1,0,0
6021,0,0,0,1
6022,0,0,1,0
6023,0,0,1,0
6024,0,0,1,0
6025,1,1,0,1
6026,0,0,0,0
6027,0,0,0,1
6028,0,0,1,0
6029,0,0,1,0
6030,1,1,0,1
6031,0,0,0,1
6032,0,0,0,0
6033,0,0,1,0
6034,0,0,0,1
6035,1,1,0,1
6036,0,0,0,1
6037,0,0,1,0
6038,0,0,1,0
6039,0,0,1,0
6040,1,1,0,0
6041,0,0,1,0
6042,0,0,0,1
6043,0,0,0,1
6044,0,0,0,1
6045,1,1,1,0
6046,0,0,1,0
6047,0,0,0,1
6048,0,0,0,0
6049,0,0,0,1
6050,1,1,0,0
6051,0,0,1,0
6052,0,0,0,0
6053,0,0,0,1
6054,0,0,0,0
6055,1,1,0,0
6056,0,0,0,1
6057,0,0,0,0
6058,0,0,1,0
6059,0,0,0,0
6060,1,1,0,1
6061,0,0,0,0
6062,0,0,1,0
6063,0,0,0,0
6064,0,0,1,0
6065,1,1,0,0
6066,0,0,1,0
6067,0,0,0,0
6068,0,0,0,1
6069,0,0,0,0
6070,1,1,1,0
6071,0,0,0,0
6072,0,0,1,0
6073,0,0,1,0
6074,0,0,1,0
6075,1,1,0,1
6076,0,0,0,0
6077,0,0,1,0
6078,0,0,1,0
6079,0,0,1,0
6080,1,0,0,1
6081,0,0,0,0
6082,0,0,0,1
6083,0,0,1,0
6084,0,0,1,0
6085,1,0,1,0
6086,0,0,0,0
6087,0,0,1,0
6088,0,0,1,0
6089,0,0,0,1
6090,1,0,1,0
6091,0,0,0,1
6092,0,0,0,1
6093,0,0,0,1
6094,0,0,0,0
6095,1,0,0,0
6096,0,0,1,0
6097,0,0,1,0
6098,0,0,0,1
6099,0,0,0,1
6100,1,0,0,0
6101,0,0,1,0
6102,0,0,0,0
6103,0,0,1,0
6104,0,0,0,0
6105,1,0,0,1
6106,0,0,0,1
6107,0,0,1,0
6108,0,0,1,0
6109,0,0,0,1
6110,1,0,1,0
6111,0,0,0,1
6112,0,0,0,0
6113,0,0,1,0
6114,0,0,0,1
6115,1,0,1,0
6116,0,0,0,1
6117,0,0,0,1
6118,0,0,1,0
6119,0,0,0,1
6120,1,0,0,0
6121,0,0,0,1
6122,0,0,0,0
6123,0,0,0,1
6124,0,0,1,0
6125,1,0,0,1
6126,0,0,0,1
6127,0,0,1,0
6128,0,0,0,0
6129,0,0,1,0
6130,1,0,0,1
6131,0,0,1,0
6132,0,0,1,0
6133,0,0,0,0
6134,0,0,0,1
6135,1,0,0,1
6136,0,0,0,1
6137,0,0,0,0
6138,0,0,0,1
6139,0,0,0,1
6140,1,0,0,0
6141,0,0,0,1
6142,0,0,0,1
6143,0,0,1,0
6144,0,0,1,0
6145,1,0,1,0
6146,0,0,0,1
6147,0,0,0,1
6148,0,0,0,0
6149,0,0,0,1
6150,1,0,0,0
6151,0,0,0,1
6152,0,0,1,0
6153,0,0,0,1
6154,0,0,1,0
6155,1,0,0,1
6156,0,0,1,0
6157,0,0,1,0
6158,0,0,0,0
6159,0,0,1,0
6160,1,0,0,1
6161,0,0,1,0
6162,0,0,0,1
6163,0,0,1,0
6164,0,0,0,0
6165,1,0,1,0
6166,0,0,1,0
6167,0,0,1,0
6168,0,0,0,0
6169,0,0,0,1
6170,1,0,0,1
6171,0,0,0,1
6172,0,0,1,0
6173,0,0,0,0
6174,0,0,0,1
6175,1,0,1,0
6176,0,0,0,1
6177,0,0,1,0
6178,0,0,1,0
6179,0,0,0,0
6180,1,0,0,1
6181,0,0,1,0
6182,0,0,0,1
6183,0,0,1,0
6184,0,0,0,1
6185,1,0,0,0
6186,0,0,0,1
6187,0,0,1,0
6188,0,0,1,0
6189,0,0,1,0
6190,1,0,0,0
6191,0,0,0,1
6192,0,0,0,1
6193,0,0,0,1
6194,0,0,1,0
6195,1,0,0,0
,,,0,1
,,,1,0
,,,1,0
,,,0,1
,,,1,0