发球方,发球次数（第一发/第二发）,球员1 ACE球,球员2 ACE球,发球速度（英里/小时）,球员1赢盘数,球员2赢盘数,球员1当前盘赢局数,球员2当前盘赢局数,球员1当前局得分,球员2当前局得分,球员1双误,球员2双误,球员1非受迫性失误,球员2非受迫性失误,球员1上网,球员2上网,球员1上网得分,球员2上网得分,球员1破发成功,球员2破发成功,球员1破发机会未把握,球员2破发机会未把握,球员1跑动距离,球员2跑动距离
1,2,0,0,-1.244535028,0,0,0,0,-1.169143176,-1.120713773,0,0,1,0,0,0,0,0,0,0,0,0,-0.743307407,-0.590271941
1,1,0,0,0.532555716,0,0,0,0,-1.169143176,-0.23495452,0,0,0,0,0,0,0,0,0,0,0,0,-0.79869,-0.645414779
1,1,0,0,0.687085346,0,0,0,0,-0.286264237,-0.23495452,0,0,1,0,0,0,0,0,0,0,0,0,-0.165015268,0.294378854
1,1,0,0,1.459733495,0,0,0,0,-0.286264237,0.650804733,0,0,0,0,0,1,0,0,0,0,0,0,2.601000517,4.420704164
1,2,0,0,-1.090005398,0,0,0,0,1.18520066,0.650804733,0,0,0,0,0,0,0,0,0,0,0,0,-0.79587268,-0.85571153
1,1,1,0,-0.162827619,0,0,0,0,1.18520066,1.241310902,0,0,0,0,0,0,0,0,0,0,0,0,-0.682735013,0.14750376
1,2,0,0,-0.471886878,0,0,0,0,2.362372578,1.241310902,0,0,0,0,0,1,0,1,0,0,0,0,0.109525218,0.165687591
1,1,0,0,1.305203865,0,0,0,0,1.18520066,1.241310902,0,0,0,0,1,0,1,0,0,0,0,0,1.368867561,0.64815047
1,1,0,0,-0.085562804,0,0,0,0,2.362372578,1.241310902,0,0,0,0,0,0,0,0,0,0,0,0,0.386215765,0.857560205
2,1,0,1,0.068966826,0,0,1,0,-1.169143176,-1.120713773,0,0,0,0,0,0,0,0,0,0,0,0,-0.759247511,-0.806482133
2,1,0,0,1.459733495,0,0,1,0,-1.169143176,-0.23495452,0,0,0,0,0,0,0,0,0,0,0,0,0.275672998,0.17877108
2,1,0,0,0.687085346,0,0,1,0,-0.286264237,-0.23495452,0,0,0,1,0,0,0,0,0,0,0,0,0.74045677,0.207007761
2,1,0,0,1.305203865,0,0,1,0,0.596614701,-0.23495452,0,0,0,0,0,0,0,0,0,0,0,0,-0.397295944,-0.644084255
2,1,0,0,1.459733495,0,0,1,0,0.596614701,0.650804733,0,0,0,0,0,0,0,0,0,0,0,0,-0.936145593,-1.004434575
2,2,0,0,-1.090005398,0,0,1,0,0.596614701,1.241310902,0,0,0,0,0,0,0,0,0,0,0,0,-0.79520542,-0.851424285
2,1,0,0,0.378026086,0,0,1,0,1.18520066,2.422323239,0,0,0,0,0,1,0,1,0,0,0,0,-0.061664083,0.056806356
1,1,0,0,1.22793905,0,0,1,1,-0.286264237,-1.120713773,0,0,0,0,0,0,0,0,0,0,0,0,0.152897128,1.399305331
1,1,0,0,0.223496456,0,0,1,1,0.596614701,-1.120713773,0,0,0,0,0,0,0,0,0,0,0,0,-0.647815064,-0.370144094
1,1,0,0,1.22793905,0,0,1,1,0.596614701,-0.23495452,0,0,0,1,0,0,0,0,0,0,0,0,1.938040478,1.265365889
1,2,0,0,-0.626416508,0,0,1,1,1.18520066,-0.23495452,0,0,0,0,0,0,0,0,0,0,0,0,-0.907749967,-0.838710387
2,2,0,0,-0.317357249,0,0,2,1,-1.169143176,-1.120713773,0,0,1,0,0,0,0,0,0,0,0,0,-0.253909149,-0.156151443
2,1,0,0,-0.008297989,0,0,2,1,-1.169143176,-0.23495452,0,0,0,0,0,0,0,0,0,0,0,0,-0.081607748,-0.136711005
1,1,0,0,0.378026086,0,0,2,2,-1.169143176,-1.120713773,0,0,0,0,0,0,0,0,0,0,0,0,-0.04994996,1.000887234
1,1,0,0,1.38246868,0,0,2,2,-0.286264237,-1.120713773,0,0,0,0,0,0,0,0,0,0,0,0,-0.870457538,-0.558043687
1,1,0,0,-0.085562804,0,0,2,2,0.596614701,-1.120713773,0,0,0,0,1,0,1,0,0,0,0,0,-0.300394941,-0.24411388
1,2,0,0,0.146231641,0,0,2,2,1.18520066,-1.120713773,0,0,1,0,0,0,0,0,0,0,0,0,-0.772296154,-0.654950203
1,2,0,0,-0.549151693,0,0,2,2,1.18520066,-0.23495452,0,0,0,0,0,0,0,0,0,0,0,0,-0.556622842,-0.228073671
1,1,0,0,-0.008297989,0,0,2,2,1.18520066,0.650804733,0,0,1,0,0,0,0,0,0,0,0,0,-0.531341096,-0.324241007
1,2,0,0,-1.090005398,0,0,2,2,1.18520066,1.241310902,0,0,0,0,1,0,1,0,0,0,0,0,1.094030515,0.722511993
1,1,0,0,0.223496456,0,0,2,2,2.362372578,1.241310902,0,0,0,0,1,0,1,0,0,0,0,0,-0.682216032,-0.462098104
2,1,0,0,-0.085562804,0,0,3,2,-1.169143176,-1.120713773,0,0,0,0,0,0,0,0,0,0,0,0,-0.609188115,-0.718150105
2,2,0,0,-1.630859103,0,0,3,2,-1.169143176,-0.23495452,0,0,0,1,0,0,0,0,0,0,0,0,0.968882165,1.017666624
2,1,0,0,1.07340942,0,0,3,2,-0.286264237,-0.23495452,0,0,0,0,0,0,0,0,0,0,0,0,-0.682883293,-0.786228597
2,1,0,0,1.22793905,0,0,3,2,-0.286264237,0.650804733,0,0,0,0,0,0,0,0,0,0,0,0,-0.989600546,-0.976345729
2,2,0,0,-0.008297989,0,0,3,2,-0.286264237,1.241310902,0,0,0,0,0,0,0,0,0,0,0,0,-0.814259404,-0.8248138
1,2,0,0,-0.317357249,0,0,3,3,-1.169143176,-1.120713773,0,0,0,0,0,1,0,0,0,0,0,0,1.349887716,1.24562978
1,1,0,0,0.687085346,0,0,3,3,-0.286264237,-1.120713773,0,0,0,1,0,1,0,0,0,0,0,0,-0.456237258,0.244853784
1,1,0,0,0.300761271,0,0,3,3,0.596614701,-1.120713773,0,0,0,0,0,0,0,0,0,0,0,0,-0.722770622,-0.353512541
1,2,0,0,-0.549151693,0,0,3,3,1.18520066,-1.120713773,0,0,0,0,0,0,0,0,0,0,0,0,0.152007448,0.209816646
1,2,0,0,-0.780946138,0,0,3,3,1.18520066,-0.23495452,0,0,0,0,0,1,0,0,0,0,0,0,1.164092832,0.702110621
2,1,0,0,1.614263125,0,0,4,3,-1.169143176,-1.120713773,0,0,0,0,0,0,0,0,0,0,0,0,-0.752278349,-0.811065049
2,2,0,0,-0.780946138,0,0,4,3,-0.286264237,0.650804733,0,0,0,1,0,0,0,0,0,0,0,0,0.134362124,0.195033043
2,2,0,0,-0.394622063,0,0,4,3,0.596614701,0.650804733,0,0,0,0,0,1,0,0,0,0,0,0,3.392296927,2.848098411
2,2,0,0,-0.394622063,0,0,4,3,1.18520066,0.650804733,0,0,0,1,0,0,0,0,1,0,0,0,1.012105795,0.243597178
1,1,0,0,0.300761271,0,0,5,3,-1.169143176,-1.120713773,0,0,0,0,0,0,0,0,0,0,0,0,-0.940445715,-0.820526555
1,2,0,0,-0.858210953,0,0,5,3,-0.286264237,-1.120713773,0,0,0,0,0,0,0,0,0,0,0,0,-0.778301496,-0.613630033
1,1,0,0,0.841614976,0,0,5,3,-0.286264237,-0.23495452,0,0,0,0,0,0,0,0,0,0,0,0,-0.874757659,-0.717706597
1,1,0,0,0.300761271,0,0,5,3,0.596614701,-0.23495452,0,0,0,0,1,0,0,0,0,0,0,0,-0.324119746,-0.30480057
1,1,0,0,1.38246868,0,0,5,3,0.596614701,0.650804733,0,0,0,0,1,0,1,0,0,0,0,0,-0.347399712,-0.318327566
1,1,0,0,0.223496456,0,0,5,3,1.18520066,1.241310902,0,0,0,0,0,1,0,0,0,0,0,0,1.141924966,1.02934567
1,2,0,0,-1.785388732,0,0,5,3,2.362372578,1.241310902,0,0,0,0,0,1,0,1,0,0,0,0,0.03620074,0.1579262
1,1,0,0,0.918879791,0,0,5,3,1.18520066,1.241310902,0,0,0,0,0,1,0,1,0,0,0,0,0.434184356,0.560705459
1,1,0,0,0.764350161,0,0,5,3,1.18520066,2.422323239,0,0,0,0,0,0,0,0,0,0,0,1,0.198641519,0.919059993
1,1,0,0,1.459733495,0,0,5,3,1.18520066,1.241310902,0,0,0,0,0,0,0,0,0,0,0,0,-1.031786216,-0.937686608
1,1,0,0,1.614263125,0,0,5,3,2.362372578,1.241310902,0,0,0,1,1,0,1,0,0,0,0,0,0.041983662,0.279447415
2,1,0,0,0.918879791,1,0,0,0,-1.169143176,0.650804733,0,0,0,0,0,1,0,1,0,0,0,0,-0.91983479,-0.887570194
2,1,0,0,0.841614976,1,0,0,0,-1.169143176,1.241310902,0,0,0,0,0,0,0,0,0,0,0,0,-0.496421148,-0.691465702
1,2,0,0,-0.703681323,1,0,0,1,-0.286264237,-1.120713773,0,0,0,0,0,0,0,0,0,0,0,0,-0.983965905,-0.89518375
1,2,0,0,-0.008297989,1,0,0,1,0.596614701,-1.120713773,0,0,0,0,0,0,0,0,0,0,0,0,-0.942447495,-0.8888268
1,1,0,0,0.532555716,1,0,0,1,0.596614701,-0.23495452,0,0,1,0,0,0,0,0,0,0,0,0,1.442340318,1.799571378
1,2,0,0,-1.090005398,1,0,0,1,1.18520066,0.650804733,0,0,1,0,0,0,0,0,0,0,0,0,-0.322636946,-0.19089291
1,2,0,0,-0.471886878,1,0,0,1,1.18520066,1.241310902,0,0,1,0,0,0,0,0,0,0,0,0,-0.63254222,-0.488117245
1,1,0,0,1.38246868,1,0,0,1,1.18520066,2.422323239,0,0,0,0,0,0,0,0,0,1,0,0,-0.577604467,-0.386997402
2,1,0,0,1.150674235,1,0,0,2,-1.169143176,-1.120713773,0,0,0,0,0,0,0,0,0,0,0,0,-0.585759869,-0.618730376
2,1,0,0,1.305203865,1,0,0,2,-1.169143176,-0.23495452,0,0,0,0,0,0,0,0,0,0,0,0,-0.468099661,-0.352255935
2,1,0,0,-0.240092434,1,0,0,2,-1.169143176,0.650804733,0,0,0,0,0,0,0,0,0,0,0,0,-0.388325002,-0.794507414
2,2,0,0,-0.780946138,1,0,0,2,-1.169143176,1.241310902,0,0,1,0,0,0,0,0,0,0,0,0,1.261735235,1.435525158
1,2,0,0,-0.394622063,1,0,0,3,-1.169143176,-1.120713773,0,0,0,0,0,0,0,0,0,0,0,0,2.883918825,2.083860061
1,1,0,0,-0.008297989,1,0,0,3,-1.169143176,-0.23495452,0,0,0,0,0,0,0,0,0,0,0,0,-0.742343587,-0.491739228
1,1,0,0,0.609820531,1,0,0,3,0.596614701,-0.23495452,0,0,0,0,0,0,0,0,0,0,0,0,3.100407677,1.851683579
1,2,0,0,-1.244535028,1,0,0,3,0.596614701,0.650804733,0,0,0,0,0,1,0,1,0,0,0,0,-0.226032503,-0.019772707
1,2,0,0,-1.244535028,1,0,0,3,0.596614701,1.241310902,0,0,0,1,0,0,0,0,0,0,0,1,-0.489822686,-0.259414909
1,1,0,0,-0.703681323,1,0,0,3,1.18520066,1.241310902,0,0,0,1,0,0,0,0,0,0,0,0,-0.127500419,0.161030756
1,2,0,0,0.687085346,1,0,0,3,2.362372578,1.241310902,0,0,0,0,0,0,0,0,0,0,0,0,2.277156919,1.709169647
2,1,0,0,0.146231641,1,0,1,3,-1.169143176,-1.120713773,0,0,0,0,0,0,0,0,0,0,0,0,1.124946902,-0.04793547
2,1,0,0,1.305203865,1,0,1,3,-1.169143176,-0.23495452,0,0,0,0,0,1,0,1,0,0,0,0,-0.352367093,-0.620726163
2,2,0,0,-0.008297989,1,0,1,3,-1.169143176,0.650804733,0,0,0,0,0,1,0,0,0,0,0,0,0.477556266,0.022877988
2,1,0,0,1.53699831,1,0,1,3,-0.286264237,0.650804733,0,0,0,1,0,0,0,0,0,0,0,0,1.5319756,0.849429223
2,1,0,0,1.768792755,1,0,1,3,0.596614701,0.650804733,0,0,0,1,0,0,0,0,0,0,0,0,1.764775256,1.240529437
2,1,0,0,0.918879791,1,0,1,3,1.18520066,0.650804733,0,0,0,0,0,1,0,1,0,0,1,0,1.094104655,0.674243529
2,2,0,0,-0.317357249,1,0,1,3,1.18520066,1.241310902,0,0,0,0,0,0,0,0,0,0,0,0,1.770261617,1.68522021
2,1,0,0,0.532555716,1,0,1,3,2.362372578,1.241310902,0,0,0,0,0,1,0,1,0,0,1,0,0.810741507,-0.227334491
2,1,0,0,1.53699831,1,0,1,3,1.18520066,1.241310902,0,0,0,0,0,0,0,0,0,0,0,0,-0.727663863,-0.825109472
1,2,0,0,0.300761271,1,0,1,4,-1.169143176,-1.120713773,0,0,0,0,0,0,0,0,0,0,0,0,-0.716098021,-0.089329558
1,1,0,0,-0.162827619,1,0,1,4,-1.169143176,-0.23495452,0,0,0,0,0,0,0,0,0,0,0,0,-0.83850319,-0.720663318
1,2,0,0,-1.553594288,1,0,1,4,-0.286264237,-0.23495452,0,0,1,0,0,0,0,0,0,0,0,0,-0.772444434,-0.708097256
1,1,0,0,1.150674235,1,0,1,4,-0.286264237,0.650804733,0,0,0,0,0,0,0,0,0,0,0,0,-0.997162828,-0.859185677
1,1,0,0,-0.240092434,1,0,1,4,0.596614701,0.650804733,0,0,0,0,0,0,0,0,0,0,0,0,-0.272370014,0.272499122
1,1,0,0,-1.090005398,1,0,1,4,1.18520066,0.650804733,0,0,0,0,0,0,0,0,0,0,0,0,0.99008621,2.370588039
2,1,0,0,0.532555716,1,0,2,4,-1.169143176,-1.120713773,0,0,0,1,0,0,0,0,0,0,0,0,0.135548364,-0.151494608
2,1,0,0,1.305203865,1,0,2,4,-0.286264237,-1.120713773,0,0,1,0,0,0,0,0,0,0,0,0,0.100183576,-0.135380481
2,1,0,0,1.614263125,1,0,2,4,-0.286264237,-0.23495452,0,0,1,0,0,0,0,0,0,0,0,0,-0.116675976,0.131759223
2,1,0,0,-0.240092434,1,0,2,4,-0.286264237,1.241310902,0,0,0,0,0,0,0,0,0,0,0,0,1.799546924,-0.078907118
2,2,0,0,-1.012740583,1,0,2,4,0.596614701,1.241310902,0,0,0,1,0,1,0,0,0,0,0,0,2.524413879,1.759951323
2,2,0,0,0.300761271,1,0,2,4,1.18520066,1.241310902,0,0,0,1,0,0,0,0,0,0,0,0,1.269000957,0.922755893
2,1,0,0,0.687085346,1,0,2,4,2.362372578,1.241310902,0,0,0,0,0,0,0,0,0,0,1,0,-0.34028227,-0.727981201
2,1,0,0,1.459733495,1,0,2,4,1.18520066,1.241310902,0,0,0,0,0,1,0,1,0,0,0,0,1.224146246,0.779872372
2,1,0,0,0.996144606,1,0,2,4,1.18520066,2.422323239,0,0,0,1,0,1,0,0,0,0,0,0,-0.064110704,-0.249805567
2,2,0,0,0.146231641,1,0,2,4,1.18520066,1.241310902,0,0,0,0,0,1,0,0,0,0,0,0,0.74193957,0.456481059
2,1,0,0,1.459733495,1,0,2,4,2.362372578,1.241310902,0,0,0,1,0,0,0,0,1,0,0,0,-0.459054579,-0.675055903
1,1,0,0,-0.162827619,1,0,3,4,-1.169143176,-1.120713773,0,0,0,0,0,0,0,0,0,0,0,0,-1.011101151,-0.881434999
1,2,0,0,-1.553594288,1,0,3,4,-0.286264237,-1.120713773,0,0,0,0,0,0,0,0,0,0,0,0,-0.954087478,-0.874634542
1,2,0,0,-0.858210953,1,0,3,4,0.596614701,-1.120713773,0,0,0,1,0,1,0,0,0,0,0,0,-0.50739387,-0.029825557
1,1,0,0,0.146231641,1,0,3,4,1.18520066,-1.120713773,0,0,0,0,0,0,0,0,0,0,0,0,-0.495234907,-0.239826635
2,1,0,0,1.459733495,1,0,4,4,-1.169143176,-1.120713773,0,0,0,0,0,0,0,0,0,0,0,0,-0.54787432,-0.610377641
2,2,0,0,-0.394622063,1,0,4,4,-0.286264237,-0.23495452,0,0,0,0,0,0,0,0,0,0,0,0,-0.885878661,-0.894001061
2,1,0,1,0.918879791,1,0,4,4,-0.286264237,0.650804733,0,0,0,0,0,0,0,0,0,0,0,0,-0.614971036,-0.829692389
2,1,0,0,1.150674235,1,0,4,4,-0.286264237,1.241310902,0,0,0,0,0,0,0,0,0,0,0,0,1.062521007,-0.059023172
1,1,0,0,1.22793905,1,0,4,5,-1.169143176,-1.120713773,0,0,0,0,0,0,0,0,0,0,0,0,-0.779117036,-0.428317572
1,2,0,0,0.609820531,1,0,4,5,-0.286264237,-1.120713773,0,0,0,0,0,0,0,0,0,0,0,0,0.163350871,1.501755699
1,2,0,0,-1.553594288,1,0,4,5,-0.286264237,-0.23495452,0,0,0,1,0,0,0,0,0,0,0,0,-0.978331264,-0.916989564
1,1,0,0,0.300761271,1,0,4,5,0.596614701,-0.23495452,0,0,0,0,0,0,0,0,0,0,0,0,1.202126661,2.923051277
1,1,0,0,0.609820531,1,0,4,5,1.18520066,0.650804733,0,0,0,0,0,0,0,0,0,0,0,0,0.216138564,0.615922216
2,1,0,0,1.614263125,1,0,5,5,-1.169143176,-0.23495452,0,0,0,0,0,0,0,0,0,0,0,0,-0.648704744,-0.819196031
2,2,0,0,-0.471886878,1,0,5,5,-1.169143176,0.650804733,0,0,0,1,0,0,0,0,0,0,0,0,-0.376610879,-0.516058254
2,1,0,0,1.614263125,1,0,5,5,-0.286264237,0.650804733,0,0,0,0,0,0,0,0,0,0,0,0,0.9511627,-0.174261357
2,2,0,0,-0.858210953,1,0,5,5,-0.286264237,1.241310902,0,0,0,0,0,0,0,0,0,0,0,0,-0.83872561,-0.785489416
1,1,1,0,1.38246868,1,0,5,6,-1.169143176,-1.120713773,0,0,0,0,0,0,0,0,0,0,0,0,-0.645220164,-0.636322864
1,2,0,0,-1.012740583,1,0,5,6,-0.286264237,-1.120713773,0,0,0,0,0,0,0,0,0,0,0,0,-1.049876381,-0.897179536
1,2,0,0,0.841614976,1,0,5,6,0.596614701,-1.120713773,0,0,0,0,0,0,0,0,0,0,0,0,-1.043945179,-0.993420791
1,1,0,0,1.38246868,1,0,5,6,1.18520066,-1.120713773,0,0,0,0,0,1,0,0,0,0,0,0,0.209021122,1.984440332
2,1,0,0,1.305203865,1,0,6,6,-1.169143176,-1.120713773,0,0,0,0,0,0,0,0,0,0,0,0,3.912611573,2.706545414
1,2,0,0,-1.167270213,1,1,0,0,-1.169143176,-1.120713773,0,0,0,1,0,0,0,0,0,0,0,0,0.781085499,2.342055685
1,2,0,0,-1.167270213,1,1,0,0,-0.286264237,-1.120713773,0,0,0,0,0,1,0,1,0,0,0,0,0.097959375,0.705289095
1,2,0,0,1.150674235,1,1,0,0,-0.286264237,-0.23495452,0,0,0,0,0,0,0,0,0,0,0,0,-0.894627183,-0.876334656
1,1,0,0,0.146231641,1,1,0,0,0.596614701,0.650804733,0,0,0,0,0,0,0,0,0,0,0,0,-0.8818751,-0.736555691
1,1,0,0,0.146231641,1,1,0,0,1.18520066,0.650804733,0,0,0,0,0,0,0,0,0,0,0,0,-0.67153987,-0.005580448
2,1,0,0,1.150674235,1,1,1,0,-1.169143176,-1.120713773,0,0,0,0,1,0,1,0,0,0,0,0,1.308517586,1.306020797
2,1,0,0,1.459733495,1,1,1,0,-0.286264237,-1.120713773,0,0,0,0,0,1,0,1,0,0,0,0,-0.508135271,-0.684147819
2,2,0,0,-0.162827619,1,1,1,0,-0.286264237,-0.23495452,0,0,0,0,0,0,0,0,0,0,0,0,2.727631668,0.345677956
2,1,0,0,1.305203865,1,1,1,0,-0.286264237,0.650804733,0,0,0,0,0,0,0,0,0,0,0,0,-0.486041545,-0.680156246
2,1,0,0,1.459733495,1,1,1,0,0.596614701,0.650804733,0,0,0,1,0,1,0,0,0,0,0,0,0.140589885,-0.093690721
2,2,0,0,0.223496456,1,1,1,0,1.18520066,1.241310902,0,0,0,1,0,0,0,0,0,0,0,0,-0.585908149,-0.72021981
2,1,0,0,1.459733495,1,1,1,0,2.362372578,1.241310902,0,0,0,0,0,0,0,0,0,0,1,0,0.838469873,-0.591602465
2,1,0,0,0.532555716,1,1,1,0,1.18520066,1.241310902,0,0,0,0,0,0,0,0,0,0,0,0,-0.429695132,-0.634548831
2,1,0,0,1.38246868,1,1,1,0,1.18520066,1.241310902,0,0,0,0,0,0,0,0,0,0,0,0,-0.684217813,-0.88845721
2,1,0,0,1.305203865,1,1,1,0,1.18520066,2.422323239,0,0,0,0,0,1,0,1,0,0,0,0,0.049842504,-0.114609519
1,2,0,0,-1.476329473,1,1,1,1,-1.169143176,-1.120713773,0,0,0,0,0,0,0,0,0,0,0,0,0.496684391,1.103189766
1,1,0,0,0.223496456,1,1,1,1,-0.286264237,-1.120713773,0,0,0,0,0,0,0,0,0,0,0,0,-0.387435322,0.243597178
1,1,0,0,1.22793905,1,1,1,1,0.596614701,-1.120713773,0,0,0,0,0,0,0,0,0,0,0,0,0.952793781,1.264626709
1,2,0,0,-1.244535028,1,1,1,1,0.596614701,-0.23495452,0,0,1,0,0,0,0,0,0,0,0,0,0.051844284,-0.080163724
1,2,0,0,-0.549151693,1,1,1,1,0.596614701,0.650804733,0,0,0,1,0,0,0,0,0,0,0,0,-0.366601977,-0.349890558
1,1,1,0,0.841614976,1,1,1,1,1.18520066,0.650804733,0,0,0,0,0,0,0,0,0,0,0,0,-0.602070673,0.642754455
2,2,0,0,-0.240092434,1,1,2,1,-1.169143176,-1.120713773,0,0,0,1,0,1,0,0,0,0,0,0,-0.448155996,-0.174335275
2,1,0,0,1.38246868,1,1,2,1,-0.286264237,-1.120713773,0,0,0,0,0,1,0,0,0,0,0,0,0.8653827,0.653842157
2,2,0,0,-0.394622063,1,1,2,1,0.596614701,-1.120713773,0,0,1,0,0,0,0,0,0,0,0,0,0.313780967,-0.289499541
2,1,0,0,1.22793905,1,1,2,1,0.596614701,-0.23495452,0,0,0,1,0,0,0,0,0,0,0,0,-0.288680818,-0.622869785
2,1,0,0,1.69152794,1,1,2,1,1.18520066,-0.23495452,0,0,0,0,0,0,0,0,1,0,0,0,0.681293035,0.426396427
1,1,0,0,1.22793905,1,1,3,1,-0.286264237,-1.120713773,0,0,0,0,0,0,0,0,0,0,0,0,-1.04654008,-0.896588192
1,2,0,0,-0.626416508,1,1,3,1,0.596614701,-1.120713773,0,0,0,1,0,0,0,0,0,0,0,0,0.749724272,0.880105199
2,2,0,0,-0.085562804,1,1,4,1,-1.169143176,-1.120713773,0,0,0,1,0,0,0,0,0,0,0,0,0.143777906,0.006320352
2,2,0,0,-0.317357249,1,1,4,1,-0.286264237,-0.23495452,0,0,0,0,0,0,0,0,0,0,0,0,-0.886249361,-0.909006418
2,2,0,0,-0.471886878,1,1,4,1,-0.286264237,0.650804733,0,0,0,0,1,0,1,0,0,0,0,0,-0.066779744,0.178253654
2,2,0,0,-0.008297989,1,1,4,1,0.596614701,0.650804733,0,0,0,0,0,0,0,0,0,0,0,0,-0.569374925,-0.533502906
2,1,0,0,1.614263125,1,1,4,1,0.596614701,1.241310902,0,0,0,0,0,1,0,1,0,0,0,0,-0.307215822,-0.662859431
1,1,0,0,-0.317357249,1,1,4,2,-1.169143176,-1.120713773,0,0,0,0,0,0,0,0,0,0,0,0,-0.917388169,-0.779206385
1,1,0,0,0.455290901,1,1,4,2,-0.286264237,-1.120713773,0,0,0,0,0,0,0,0,0,0,0,0,-0.188221094,-0.013194003
1,2,0,0,-1.630859103,1,1,4,2,0.596614701,-1.120713773,0,0,0,1,0,0,0,0,0,0,0,0,-0.079161127,0.001293927
2,1,0,0,1.150674235,1,1,5,2,-1.169143176,-1.120713773,0,0,0,0,0,0,0,0,0,0,0,0,-0.690074874,-0.840854009
2,1,0,0,0.378026086,1,1,5,2,-1.169143176,-0.23495452,0,0,0,1,0,0,0,0,0,0,0,0,-0.622385038,-0.678751804
2,1,0,0,0.378026086,1,1,5,2,-0.286264237,-0.23495452,0,0,0,0,0,1,0,1,0,0,0,0,4.004915895,2.706767168
2,1,0,0,1.22793905,1,1,5,2,-0.286264237,0.650804733,0,0,0,0,0,0,0,0,0,0,0,0,1.995424851,1.98525343
2,1,0,0,0.223496456,1,1,5,2,0.596614701,0.650804733,0,0,0,1,0,0,0,0,0,0,0,0,0.430699775,0.126584962
1,2,0,0,-1.090005398,1,1,5,3,-1.169143176,-1.120713773,0,0,0,0,0,0,0,0,0,0,0,0,-0.646332264,1.495842258
1,2,0,0,-1.244535028,1,1,5,3,0.596614701,-1.120713773,0,0,0,1,0,0,0,0,0,0,0,0,-0.873867978,-0.903240813
1,1,0,0,0.068966826,1,1,5,3,1.18520066,-1.120713773,0,0,1,0,1,0,0,0,0,0,0,0,-0.568485245,-0.0185161
1,1,0,0,1.305203865,1,1,5,3,1.18520066,-0.23495452,0,0,0,0,0,0,0,0,0,0,0,0,-0.333609669,-0.147281281
2,2,0,0,-0.085562804,2,1,0,0,-1.169143176,-1.120713773,0,0,0,1,0,1,0,0,0,0,0,0,1.252764293,-0.06619322
2,2,0,0,-1.012740583,2,1,0,0,-0.286264237,-1.120713773,0,0,0,0,0,0,0,0,0,0,0,0,0.060592806,0.085856136
2,1,0,0,1.305203865,2,1,0,0,-0.286264237,0.650804733,0,0,0,0,0,1,0,1,0,0,0,0,-0.655229066,-0.567135602
1,1,0,0,0.764350161,2,1,0,1,-1.169143176,-1.120713773,0,0,0,0,0,0,0,0,0,0,0,0,0.679810235,1.095871883
1,1,0,0,1.150674235,2,1,0,1,-0.286264237,-0.23495452,0,0,1,0,0,0,0,0,0,0,0,0,-0.228330843,0.983738255
1,1,0,0,0.455290901,2,1,0,1,-0.286264237,0.650804733,0,0,0,0,0,0,0,0,0,0,0,0,-0.876611159,-0.626270014
1,2,0,0,-1.399064658,2,1,0,1,0.596614701,1.241310902,0,0,0,0,0,0,0,0,0,1,0,0,1.7804188,2.090364847
2,2,0,0,0.146231641,2,1,0,2,-1.169143176,-0.23495452,0,0,0,0,0,0,0,0,0,0,0,0,-0.695264676,-0.662563759
2,1,0,0,0.068966826,2,1,0,2,-0.286264237,-0.23495452,0,0,0,0,0,1,0,1,0,0,0,0,0.167502712,-0.206267857
2,1,0,0,1.38246868,2,1,0,2,-0.286264237,0.650804733,0,0,0,0,0,1,0,1,0,0,0,0,-0.073600626,-0.084746641
2,1,0,0,0.146231641,2,1,0,2,-0.286264237,1.241310902,0,0,0,0,1,0,1,0,0,0,0,0,2.604410958,1.791144725
2,2,0,0,-0.240092434,2,1,0,2,0.596614701,1.241310902,0,0,0,1,0,0,0,0,0,0,0,0,1.617236621,1.955020963
2,1,0,0,0.455290901,2,1,0,2,1.18520066,1.241310902,0,0,0,0,0,0,0,0,0,0,0,0,0.468733604,0.751709608
2,1,0,0,1.22793905,2,1,0,2,1.18520066,1.241310902,0,0,0,0,0,1,0,1,0,0,0,0,0.195750059,0.370957917
2,1,0,0,0.609820531,2,1,0,2,1.18520066,2.422323239,0,0,0,0,0,1,0,0,0,0,0,0,0.129172323,0.122741225
2,1,0,0,1.38246868,2,1,0,2,1.18520066,2.422323239,0,0,0,0,0,1,0,0,0,0,0,0,0.275450578,-0.283142592
2,2,0,0,-0.471886878,2,1,0,2,1.18520066,1.241310902,0,0,0,1,0,1,0,0,0,0,0,0,0.040056021,-0.279151019
2,2,0,0,-0.085562804,2,1,0,2,1.18520066,1.241310902,0,0,0,0,0,1,0,1,0,0,0,0,1.377097103,2.408360144
2,1,0,0,1.305203865,2,1,0,2,1.18520066,2.422323239,0,0,0,0,0,0,0,0,0,0,0,0,1.048211984,0.597073122
2,1,0,0,0.223496456,2,1,0,2,1.18520066,1.241310902,0,0,0,0,0,0,0,0,0,0,0,0,-0.319523065,-0.573492552
2,1,0,0,0.609820531,2,1,0,2,1.18520066,2.422323239,0,0,0,0,0,0,0,0,0,0,0,0,-0.324787006,-0.575266584
1,1,0,0,1.38246868,2,1,0,3,-1.169143176,-1.120713773,0,0,0,0,0,0,0,0,0,0,0,0,-0.75524395,-0.642901567
1,1,0,0,0.455290901,2,1,0,3,-0.286264237,-1.120713773,0,0,1,0,0,0,0,0,0,0,0,0,-0.765030432,-0.674612395
1,1,0,0,0.068966826,2,1,0,3,-0.286264237,0.650804733,0,0,0,0,0,0,0,0,0,0,0,0,-0.415905088,-0.485308361
1,2,0,0,1.150674235,2,1,0,3,-0.286264237,1.241310902,0,0,0,0,0,0,0,0,0,0,0,1,-0.702530397,-0.54488628
1,2,0,0,-1.630859103,2,1,0,3,2.362372578,1.241310902,0,0,0,1,0,0,0,0,0,0,0,0,0.590323234,0.497875147
2,1,0,0,0.146231641,2,1,1,3,-1.169143176,-1.120713773,0,0,0,0,0,0,0,0,0,0,0,0,-0.146480264,-0.565213734
2,1,0,0,1.38246868,2,1,1,3,-1.169143176,-0.23495452,0,0,0,1,0,0,0,0,0,0,0,0,-0.369196877,-0.855489776
2,2,0,0,-0.935475768,2,1,1,3,-0.286264237,-0.23495452,0,0,0,0,0,1,0,1,0,0,0,0,-0.210611379,-0.560926489
2,1,0,0,0.918879791,2,1,1,3,-0.286264237,0.650804733,0,0,0,0,0,0,0,0,0,0,0,0,0.024709038,-0.601877069
2,1,0,0,1.305203865,2,1,1,3,-0.286264237,1.241310902,0,0,0,1,0,0,0,0,0,0,0,0,-0.275335615,-0.835753666
2,1,0,0,1.53699831,2,1,1,3,0.596614701,1.241310902,0,0,0,1,0,0,0,0,0,0,0,0,0.341212774,-0.067449826
2,1,0,0,1.53699831,2,1,1,3,1.18520066,1.241310902,0,0,1,0,0,0,0,0,0,0,0,0,-0.224327282,-0.31817973
1,2,0,0,-1.476329473,2,1,1,4,-1.169143176,-0.23495452,0,0,0,1,0,0,0,0,0,0,0,0,0.188410197,0.133385419
1,1,0,0,0.146231641,2,1,1,4,-0.286264237,-0.23495452,0,0,0,0,0,0,0,0,0,0,0,0,-1.016735793,-0.938647542
2,1,0,0,1.150674235,2,1,2,4,-1.169143176,-1.120713773,0,0,0,0,0,0,0,0,0,0,0,0,3.708874804,4.084451118
2,1,0,0,1.38246868,2,1,2,4,0.596614701,-1.120713773,0,0,0,0,0,0,0,0,0,0,0,0,-0.709647839,-0.834349224
2,1,0,0,1.38246868,2,1,2,4,0.596614701,-0.23495452,0,0,0,0,0,1,0,0,0,0,0,0,-0.776299715,-0.744169247
2,1,0,0,1.38246868,2,1,2,4,1.18520066,-0.23495452,0,0,0,0,0,0,0,0,0,0,1,0,-0.295205139,-0.620947917
2,1,0,0,1.38246868,2,1,2,4,1.18520066,0.650804733,0,0,0,1,0,1,0,0,1,0,0,0,-0.363191536,-0.311453191
1,1,0,0,0.918879791,2,1,3,4,-1.169143176,-1.120713773,0,0,0,0,0,0,0,0,0,0,0,0,0.981856668,0.599142827
1,2,0,0,-1.630859103,2,1,3,4,-0.286264237,-1.120713773,0,0,0,0,0,0,0,0,0,0,0,0,-0.804843622,-0.257345205
1,1,0,0,0.146231641,2,1,3,4,0.596614701,-0.23495452,0,0,0,0,0,0,0,0,0,0,0,0,-0.998423208,-0.970949714
1,1,0,0,0.300761271,2,1,3,4,1.18520066,-0.23495452,0,0,0,0,0,0,0,0,0,0,0,0,-0.850143173,-0.755848293
2,1,0,0,-0.240092434,2,1,4,4,-1.169143176,-1.120713773,0,0,0,0,0,0,0,0,0,0,0,0,-0.67228127,-0.924824873
2,1,0,0,0.764350161,2,1,4,4,-1.169143176,-0.23495452,0,0,0,1,0,0,0,0,0,0,0,0,0.411200951,0.063385059
2,1,0,0,-0.085562804,2,1,4,4,-0.286264237,0.650804733,0,0,0,0,0,1,0,1,0,0,0,0,-0.120457117,-0.67106433
2,2,0,0,-0.471886878,2,1,4,4,-0.286264237,1.241310902,0,0,1,0,1,0,0,0,0,0,0,0,0.891479986,0.502531982
1,2,0,0,-0.780946138,2,1,4,5,-1.169143176,-1.120713773,0,0,0,0,0,0,0,0,0,0,0,0,-0.581830448,-0.409690232
1,2,0,0,-1.476329473,2,1,4,5,-0.286264237,-1.120713773,0,0,0,1,0,0,0,0,0,0,0,0,-0.486486385,-0.463650382
1,1,0,0,0.996144606,2,1,4,5,0.596614701,-1.120713773,0,0,1,0,0,0,0,0,0,0,0,0,-0.026299295,0.214251726
1,1,0,0,0.764350161,2,1,4,5,0.596614701,-0.23495452,0,0,0,0,1,0,1,0,0,0,0,0,1.422396654,1.914661727
1,1,0,0,0.300761271,2,1,4,5,1.18520066,-0.23495452,0,0,0,0,1,0,0,0,0,0,0,0,-0.720768842,-0.765753307
1,2,0,0,-1.244535028,2,1,4,5,1.18520066,0.650804733,0,0,0,0,0,0,0,0,0,0,0,0,0.174101174,0.647559126
1,1,0,0,1.38246868,2,1,4,5,1.18520066,1.241310902,0,0,0,0,0,0,0,0,0,0,0,0,-0.514511312,-0.144472397
1,1,0,0,0.146231641,2,1,4,5,2.362372578,1.241310902,0,0,0,0,0,0,0,0,0,0,0,0,-0.901892905,-0.824000702
2,1,0,0,1.07340942,2,1,5,5,-1.169143176,-1.120713773,0,0,0,0,0,0,0,0,0,0,0,0,-0.098215112,-0.6885829
2,2,0,0,-1.476329473,2,1,5,5,-1.169143176,-0.23495452,0,0,0,0,1,0,1,0,0,0,0,0,-0.385507681,-0.320323353
2,1,0,0,1.459733495,2,1,5,5,-0.286264237,-0.23495452,0,0,0,0,0,1,0,1,0,0,0,0,0.744460331,0.697084196
2,1,0,0,0.146231641,2,1,5,5,-0.286264237,0.650804733,0,0,0,0,0,0,0,0,0,0,0,0,0.095883455,-0.346046822
2,2,0,0,0.146231641,2,1,5,5,0.596614701,0.650804733,0,0,0,1,0,1,0,0,0,0,0,0,1.168096393,0.419817724
2,2,0,0,-0.240092434,2,1,5,5,1.18520066,0.650804733,0,0,0,0,0,0,0,0,1,0,0,0,-0.71261344,-0.790663677
1,2,0,0,0.068966826,2,1,6,5,-1.169143176,-1.120713773,0,0,1,0,0,0,0,0,0,0,0,0,1.487120889,0.784307453
1,2,0,0,-0.549151693,2,1,6,5,-0.286264237,-0.23495452,0,0,0,0,0,1,0,0,0,0,0,0,0.86716206,1.554828833
1,1,0,0,1.459733495,2,1,6,5,0.596614701,-0.23495452,0,0,0,0,1,0,0,0,0,0,0,0,-0.443485175,-0.483756082
1,1,0,0,0.146231641,2,1,6,5,0.596614701,0.650804733,0,0,0,0,0,0,0,0,0,0,0,0,2.690709939,3.170898379
1,1,0,0,1.38246868,2,1,6,5,0.596614701,1.241310902,0,0,0,0,0,0,0,0,0,0,0,1,-1.035715637,-1.058246889
1,1,0,0,1.305203865,2,1,6,5,1.18520066,1.241310902,0,0,0,0,0,0,0,0,0,0,0,0,-0.276818415,1.238607568
1,1,0,0,0.378026086,2,1,6,5,2.362372578,1.241310902,0,0,0,0,0,0,0,0,0,0,0,0,-0.908862067,-0.687991556
2,2,0,0,-0.240092434,0,0,0,0,-1.169143176,-1.120713773,0,0,0,1,0,0,0,0,0,0,0,0,-0.176432831,-0.778541123
2,1,0,0,0.996144606,0,0,0,0,-0.286264237,-1.120713773,0,0,0,0,0,0,0,0,0,0,0,0,-0.699119956,-0.873451853
2,2,0,0,-0.549151693,0,0,0,0,-0.286264237,-0.23495452,0,0,0,0,0,0,0,0,0,0,0,0,4.179812197,2.968806528
2,2,0,0,-1.012740583,0,0,0,0,-0.286264237,0.650804733,0,0,0,0,0,0,0,0,0,0,0,0,0.114121899,-0.544960198
2,1,0,0,1.07340942,0,0,0,0,1.18520066,0.650804733,0,0,0,0,0,0,0,0,0,0,1,0,-0.786753458,-0.865320872
2,1,0,0,1.07340942,0,0,0,0,1.18520066,1.241310902,0,0,0,0,0,0,0,0,0,0,0,0,-0.83946701,-0.949809162
2,2,0,0,-0.394622063,0,0,0,0,1.18520066,2.422323239,0,0,0,0,0,0,0,0,0,0,0,0,0.194637958,-0.089551312
2,1,0,0,0.455290901,0,0,0,0,1.18520066,1.241310902,0,0,0,0,0,0,0,0,0,0,0,0,-0.827604607,-0.842110615
2,1,0,0,0.996144606,0,0,0,0,1.18520066,2.422323239,0,0,0,0,1,0,1,0,0,0,0,0,0.392591806,0.609047841
2,2,0,0,-0.858210953,0,0,0,0,1.18520066,2.422323239,0,0,1,0,0,0,0,0,0,0,0,0,0.127689522,0.08866502
1,1,0,0,2.0005872,0,0,0,1,-1.169143176,-1.120713773,0,0,0,0,1,0,1,0,0,0,0,0,-0.387361182,-0.550504049
1,2,0,0,-1.090005398,0,0,0,1,-0.286264237,-1.120713773,0,0,0,0,0,0,0,0,0,0,0,0,-0.393737223,-0.268285071
1,1,0,0,1.38246868,0,0,0,1,0.596614701,-1.120713773,0,0,0,0,0,0,0,0,0,0,0,0,-0.696450916,-0.397050252
1,1,0,0,1.53699831,0,0,0,1,1.18520066,-1.120713773,0,0,0,0,0,0,0,0,0,0,0,0,-0.896703104,-0.869608117
2,1,0,0,0.223496456,0,0,1,1,-1.169143176,-1.120713773,0,0,0,0,0,0,0,0,0,0,0,0,-0.83887389,-0.720071974
2,2,0,0,-0.317357249,0,0,1,1,-1.169143176,-0.23495452,0,0,0,1,0,0,0,0,0,0,0,0,1.308591726,-0.216098953
2,1,0,0,0.532555716,0,0,1,1,-0.286264237,-0.23495452,0,0,0,0,0,0,0,0,0,0,0,0,-0.098585812,-0.82518339
2,1,0,0,0.841614976,0,0,1,1,-0.286264237,0.650804733,0,0,0,0,0,0,0,0,0,0,0,0,-0.760285471,-0.840706173
2,2,0,0,-0.394622063,0,0,1,1,-0.286264237,1.241310902,0,0,0,0,0,0,0,0,0,0,0,0,0.299842644,-0.377609814
1,1,0,0,1.768792755,0,0,1,2,-1.169143176,-1.120713773,0,0,0,0,1,0,1,0,0,0,0,0,0.279602419,0.60572153
1,1,0,0,1.84605757,0,0,1,2,-0.286264237,-1.120713773,0,0,0,0,0,0,0,0,0,0,0,0,-0.778375636,-0.469563824
1,1,0,0,0.996144606,0,0,1,2,0.596614701,-1.120713773,0,0,1,0,0,0,0,0,0,0,0,0,0.446195039,0.255276224
1,1,0,0,1.305203865,0,0,1,2,0.596614701,-0.23495452,0,0,0,1,0,0,0,0,0,0,0,0,0.262031235,0.637506276
1,1,0,0,1.69152794,0,0,1,2,1.18520066,-0.23495452,0,0,0,0,0,0,0,0,0,0,0,0,-0.775335895,-0.663376857
2,1,0,0,0.918879791,0,0,2,2,-1.169143176,-0.23495452,0,0,0,0,0,0,0,0,0,0,0,0,-0.764437312,-0.844845582
2,2,0,0,-0.549151693,0,0,2,2,-1.169143176,0.650804733,0,0,0,1,0,0,0,0,0,0,0,0,-0.278004655,-0.292160589
2,1,0,0,0.223496456,0,0,2,2,-0.286264237,1.241310902,0,0,0,0,0,0,0,0,0,0,0,0,-0.711353059,-0.836123256
1,1,0,0,1.07340942,0,0,2,3,-1.169143176,-1.120713773,0,0,0,0,0,0,0,0,0,0,0,0,0.445824339,0.569058195
1,2,0,0,-1.244535028,0,0,2,3,-0.286264237,-1.120713773,0,0,0,0,0,0,0,0,0,0,0,0,0.935445017,0.739069628
1,1,0,0,1.69152794,0,0,2,3,-0.286264237,-0.23495452,0,0,0,0,0,0,0,0,0,0,0,0,-0.559291883,-0.621391425
1,1,0,0,1.38246868,0,0,2,3,0.596614701,-0.23495452,0,0,0,0,0,0,0,0,0,0,0,0,-0.982038265,-0.859333513
1,1,0,0,0.841614976,0,0,2,3,1.18520066,-0.23495452,0,0,0,0,1,0,1,0,0,0,0,0,-0.361115615,0.219647742
2,1,0,0,0.300761271,0,0,3,3,-1.169143176,-1.120713773,0,0,0,0,0,0,0,0,0,0,0,0,-0.709573699,-0.846841368
2,1,0,0,0.378026086,0,0,3,3,-1.169143176,0.650804733,0,0,0,0,0,0,0,0,0,0,0,0,-0.776225575,-0.95845757
1,1,0,0,1.07340942,0,0,3,4,-1.169143176,-1.120713773,0,0,1,0,0,0,0,0,0,0,0,0,1.506471434,1.699264633
1,1,0,0,1.53699831,0,0,3,4,-1.169143176,-0.23495452,0,0,0,0,0,0,0,0,0,0,0,0,-0.874609379,-0.883578621
1,1,0,0,1.22793905,0,0,3,4,-0.286264237,-0.23495452,0,0,1,0,0,0,0,0,0,0,0,0,0.90786493,1.552611293
1,2,0,0,0.068966826,0,0,3,4,-0.286264237,0.650804733,0,0,1,0,0,0,0,0,0,0,0,0,-0.656711866,-0.520567253
1,2,0,0,-1.012740583,0,0,3,4,-0.286264237,1.241310902,0,0,1,0,0,0,0,0,0,1,0,0,-0.729146664,-0.624939489
2,2,0,0,-0.780946138,0,0,3,5,-1.169143176,-1.120713773,0,0,0,1,0,0,0,0,0,0,0,0,-0.585537449,-0.644897353
2,1,0,0,1.38246868,0,0,3,5,-0.286264237,-1.120713773,0,0,0,0,0,0,0,0,0,0,0,0,-0.735745125,-0.838414715
2,1,0,0,1.38246868,0,0,3,5,-0.286264237,-0.23495452,0,0,0,1,0,0,0,0,0,0,0,0,-0.71276172,-0.802342724
2,1,0,0,1.459733495,0,0,3,5,0.596614701,-0.23495452,0,0,0,0,0,0,0,0,0,0,0,0,-0.241824327,-0.635805438
2,1,0,0,0.609820531,0,0,3,5,0.596614701,0.650804733,0,0,0,0,0,0,0,0,0,0,0,0,-0.858669275,-1.000590838
2,1,0,0,1.22793905,0,0,3,5,0.596614701,1.241310902,0,0,0,0,0,1,0,1,0,0,0,0,0.130432703,-0.091325344
1,1,0,0,1.69152794,0,1,0,0,-1.169143176,-1.120713773,0,0,0,0,0,0,0,0,0,0,0,0,-0.248200368,-0.48198205
1,1,0,0,1.459733495,0,1,0,0,-0.286264237,-1.120713773,0,0,0,0,1,0,1,0,0,0,0,0,-0.394997603,-0.049635584
1,1,0,0,0.841614976,0,1,0,0,0.596614701,-1.120713773,0,0,0,0,1,0,1,0,0,0,0,0,-0.059069183,0.204272795
1,1,0,0,1.53699831,0,1,0,0,1.18520066,-1.120713773,0,0,0,0,0,0,0,0,0,0,0,0,-0.807290242,-0.727685529
2,1,0,0,1.22793905,0,1,1,0,-1.169143176,-1.120713773,0,0,0,0,0,1,0,1,0,0,0,0,-0.542239679,-0.587980482
2,1,0,0,0.764350161,0,1,1,0,-1.169143176,-0.23495452,0,0,0,0,0,1,0,1,0,0,0,0,0.088395313,-0.032264851
2,2,0,0,-0.471886878,0,1,1,0,-0.286264237,0.650804733,0,0,1,0,0,0,0,0,0,0,0,0,-0.346435892,-0.074767709
2,2,0,0,-0.394622063,0,1,2,1,-1.169143176,-0.23495452,0,0,0,0,0,0,0,0,0,0,0,0,1.338618434,0.340799367
2,2,0,0,-0.240092434,0,1,2,1,-1.169143176,0.650804733,0,0,1,0,0,0,0,0,0,0,0,0,-0.890327062,-0.875299804
2,1,0,0,0.687085346,0,1,2,1,-1.169143176,1.241310902,0,0,0,0,0,0,0,0,0,0,0,0,-0.398927024,-0.612299509
1,2,0,0,-0.549151693,0,1,2,2,-1.169143176,-1.120713773,0,0,0,0,1,0,1,0,0,0,0,0,-0.617714217,-0.581919205
1,1,0,0,0.996144606,0,1,2,2,-0.286264237,-1.120713773,0,0,0,0,1,0,1,0,0,0,0,0,0.277600638,0.591603189
1,1,0,0,1.459733495,0,1,2,2,0.596614701,-1.120713773,0,0,0,1,0,0,0,0,0,0,0,0,0.07653291,0.074177089
1,1,0,0,1.53699831,0,1,2,2,1.18520066,-1.120713773,0,0,0,0,0,0,0,0,0,0,0,0,-0.689111054,-0.714306369
2,2,0,0,-0.394622063,0,1,3,2,-1.169143176,-1.120713773,0,0,0,1,0,0,0,0,0,0,0,0,0.279231719,-0.102117375
2,2,0,0,-0.626416508,0,1,3,2,-0.286264237,-1.120713773,0,0,0,0,0,1,0,1,0,0,0,0,0.288128521,-0.043500389
2,1,0,0,0.764350161,0,1,3,2,-0.286264237,-0.23495452,0,0,0,0,0,0,0,0,0,0,0,0,0.278786879,-0.351738509
2,1,0,0,0.532555716,0,1,3,2,-0.286264237,1.241310902,0,0,0,0,0,0,0,0,0,0,0,0,-0.703494218,-0.915363368
1,1,0,0,1.53699831,0,1,3,3,-1.169143176,-1.120713773,0,0,0,0,1,0,1,0,0,0,0,0,-0.514807872,-0.500165881
1,1,0,0,0.918879791,0,1,3,3,-0.286264237,-1.120713773,0,0,0,0,0,0,0,0,0,0,0,0,-0.552322721,-0.314631666
1,1,0,0,0.841614976,0,1,3,3,0.596614701,-1.120713773,0,0,0,0,0,0,0,0,0,0,0,0,-0.898408324,-0.848837155
1,2,0,0,-0.780946138,0,1,3,3,1.18520066,-1.120713773,0,0,0,1,0,0,0,0,0,0,0,0,-0.356222374,-0.485456197
2,1,0,0,0.146231641,0,1,4,3,-1.169143176,-1.120713773,0,0,0,0,0,0,0,0,0,0,0,0,-0.701863137,-1.006060771
2,1,0,0,0.687085346,0,1,4,3,-1.169143176,-0.23495452,0,0,0,0,0,0,0,0,0,0,0,0,-0.415089548,-0.666037905
2,2,0,0,-0.471886878,0,1,4,3,-0.286264237,-0.23495452,0,0,0,0,1,0,0,0,0,0,0,0,1.188040057,0.247219161
2,1,0,0,1.07340942,0,1,4,3,-0.286264237,0.650804733,0,0,0,0,0,1,0,1,0,0,0,0,-0.476774043,-0.560187309
2,2,0,0,0.068966826,0,1,4,3,-0.286264237,1.241310902,0,0,0,1,0,0,0,0,0,0,0,0,2.200422001,0.517389503
2,2,0,0,-0.317357249,0,1,4,3,0.596614701,1.241310902,0,0,1,0,0,0,0,0,0,0,0,0,-0.893515083,-0.81254341
1,2,0,0,-0.471886878,0,1,4,4,-1.169143176,-1.120713773,0,0,0,0,0,0,0,0,0,0,0,0,-0.931252352,-0.962744815
1,1,0,0,0.609820531,0,1,4,4,-0.286264237,-0.23495452,0,0,0,0,0,0,0,0,0,0,0,0,1.639849326,2.201833212
1,1,0,0,0.996144606,0,1,4,4,0.596614701,-0.23495452,0,0,0,0,1,0,0,0,0,0,0,0,-0.206681958,-0.378422912
1,1,0,0,1.53699831,0,1,4,4,0.596614701,0.650804733,0,0,0,0,0,0,0,0,0,0,0,0,-0.852515653,-0.77159283
2,2,0,0,-0.780946138,0,1,5,4,-1.169143176,-1.120713773,0,0,0,0,0,0,0,0,0,0,0,0,-0.493974527,-0.668625036
2,1,0,0,0.609820531,0,1,5,4,-1.169143176,-0.23495452,0,0,0,0,0,1,0,1,0,0,0,0,1.758992335,1.044572781
2,2,0,0,-0.008297989,0,1,5,4,-1.169143176,0.650804733,0,0,0,0,0,0,0,0,0,0,0,0,0.189299877,0.091843495
2,1,0,0,1.07340942,0,1,5,4,-0.286264237,0.650804733,0,0,0,0,0,0,0,0,0,0,0,0,-0.814259404,-0.88697885
1,2,0,0,-0.935475768,0,1,5,5,-1.169143176,-1.120713773,0,0,0,1,1,0,1,0,0,0,0,0,0.650524928,0.491370362
1,1,0,0,1.53699831,0,1,5,5,-0.286264237,-1.120713773,0,0,0,0,0,0,0,0,0,0,0,0,-0.821302706,-0.769892715
1,1,0,0,0.996144606,0,1,5,5,0.596614701,-1.120713773,0,0,0,0,0,0,0,0,0,0,0,0,-0.7151342,-0.39823294
1,1,0,0,1.22793905,0,1,5,5,1.18520066,-1.120713773,0,0,0,0,0,0,0,0,0,0,0,0,-0.890697763,-0.702627322
2,1,0,0,-0.085562804,0,1,6,5,-1.169143176,-1.120713773,0,0,0,0,0,1,0,1,0,0,0,0,1.019890497,0.466829581
2,1,0,0,0.609820531,0,1,6,5,-1.169143176,-0.23495452,0,0,0,1,0,0,0,0,0,0,0,0,-0.386471501,-0.788520055
2,1,0,0,0.146231641,0,1,6,5,-0.286264237,-0.23495452,0,0,1,0,0,0,0,0,0,0,0,0,-0.204902598,-0.560261227
2,1,0,0,0.455290901,0,1,6,5,-0.286264237,0.650804733,0,0,1,0,0,0,0,0,0,0,0,0,-0.313072884,-0.528772153
1,1,0,0,1.150674235,0,1,6,6,-1.169143176,-1.120713773,0,0,0,0,1,0,1,0,0,0,0,0,0.013217335,0.306944916
2,1,0,0,-0.162827619,0,2,0,0,-1.169143176,-1.120713773,0,0,0,0,0,0,0,0,0,0,0,0,-0.733298505,-0.902501633
2,2,0,0,-0.703681323,0,2,0,0,-1.169143176,-0.23495452,0,0,1,0,0,0,0,0,0,0,0,0,-0.705792558,-0.814908786
2,1,0,0,0.146231641,0,2,0,0,-1.169143176,0.650804733,0,0,0,0,0,1,0,1,0,0,0,0,1.137105865,1.108881453
2,1,0,0,0.609820531,0,2,0,0,-1.169143176,1.241310902,0,0,0,0,1,0,1,0,0,0,0,0,2.575273931,1.810437327
2,1,0,0,1.53699831,0,2,0,0,-0.286264237,1.241310902,0,0,0,0,0,0,0,0,0,0,0,0,-0.593692851,-0.790072333
2,1,0,0,1.07340942,0,2,0,0,0.596614701,1.241310902,0,0,0,0,0,0,0,0,0,0,0,0,-0.362227715,-0.841371435
1,1,0,0,1.07340942,0,2,0,1,-1.169143176,-1.120713773,0,0,1,0,0,0,0,0,0,0,0,0,-0.511100871,-0.567061684
1,1,1,0,1.614263125,0,2,0,1,-1.169143176,-0.23495452,0,0,0,0,0,0,0,0,0,0,0,0,-0.982557245,-0.902797305
1,1,0,0,0.841614976,0,2,0,1,0.596614701,-0.23495452,0,0,0,0,1,0,1,0,0,0,0,0,-0.17354137,0.243079752
1,2,0,0,-1.012740583,0,2,0,1,1.18520066,-0.23495452,0,0,0,0,0,0,0,0,0,0,0,0,1.569638729,1.478693279
2,2,0,0,-0.317357249,0,2,1,1,-1.169143176,-1.120713773,0,0,0,1,0,0,0,0,0,0,0,0,-0.070338465,-0.348855706
2,1,0,0,0.996144606,0,2,1,1,-0.286264237,-1.120713773,0,0,0,1,0,1,0,0,0,0,0,0,0.543911582,0.19215024
2,1,0,0,1.22793905,0,2,1,1,0.596614701,-0.23495452,0,0,1,0,0,0,0,0,0,0,0,0,2.493126791,2.576154036
2,2,0,0,-0.394622063,0,2,1,1,0.596614701,0.650804733,0,0,1,0,0,0,0,0,0,0,0,0,-0.820190606,-0.932142757
2,1,0,0,1.22793905,0,2,1,1,0.596614701,1.241310902,0,0,0,0,0,0,0,0,0,0,0,0,0.773745638,0.017112382
1,1,0,0,1.53699831,0,2,1,2,-1.169143176,-1.120713773,0,0,0,0,0,0,0,0,0,0,0,0,-0.75598535,-0.875669394
1,2,0,0,-0.780946138,0,2,1,2,-0.286264237,-1.120713773,0,0,0,0,0,1,0,1,0,0,0,0,-0.168425709,0.462246664
1,1,0,0,1.305203865,0,2,1,2,0.596614701,-0.23495452,0,0,0,0,1,0,1,0,0,0,0,0,-0.678360751,-0.794063906
1,1,0,0,1.53699831,0,2,1,2,1.18520066,-0.23495452,0,0,0,0,0,0,0,0,0,0,0,0,-0.799208981,-0.676386427
2,2,0,0,-0.085562804,0,2,2,2,-1.169143176,-1.120713773,0,0,0,0,1,0,0,0,0,0,0,0,1.265145676,0.346343218
2,2,0,0,-0.549151693,0,2,2,2,-1.169143176,-0.23495452,0,0,1,0,0,0,0,0,0,0,0,0,0.249501572,-0.062866909
2,1,0,0,0.532555716,0,2,2,2,-1.169143176,0.650804733,0,0,0,0,1,0,1,0,0,0,0,0,1.673434754,1.118564713
2,1,0,0,1.305203865,0,2,2,2,-0.286264237,0.650804733,0,0,0,0,0,0,0,0,0,0,0,0,-0.470991122,-0.820896145
1,1,0,0,1.69152794,0,2,2,3,0.596614701,-1.120713773,0,0,0,0,1,0,1,0,0,0,0,0,-0.316409184,-0.293786786
2,1,0,0,1.459733495,0,2,3,3,-1.169143176,-1.120713773,0,0,0,1,0,1,0,0,0,0,0,0,-0.098437532,-0.032043097
2,1,0,0,1.22793905,0,2,3,3,-0.286264237,-1.120713773,0,0,0,0,0,0,0,0,0,0,0,0,4.704056263,4.039952473
2,1,0,0,0.532555716,0,2,3,3,-0.286264237,1.241310902,0,0,0,1,0,0,0,0,0,0,0,0,0.475628626,-0.112687651
2,2,0,0,-0.780946138,0,2,3,3,0.596614701,1.241310902,0,0,0,0,0,0,0,0,0,0,0,0,0.32757101,0.273755728
2,1,0,0,1.459733495,0,2,3,3,1.18520066,1.241310902,0,0,0,0,0,0,0,0,0,0,0,0,-0.593989411,-0.728202955
1,1,0,0,1.459733495,0,2,3,4,-1.169143176,-1.120713773,0,0,0,0,1,0,0,0,0,0,0,0,0.179365115,0.040174803
1,1,0,0,1.459733495,0,2,3,4,-1.169143176,-0.23495452,0,0,1,0,0,0,0,0,0,0,0,0,-0.069152225,0.05518016
1,1,0,0,1.53699831,0,2,3,4,-1.169143176,0.650804733,0,0,1,0,1,0,0,0,0,0,0,0,-0.097844412,-0.029086376
1,2,0,0,-2.171712807,0,2,3,4,-1.169143176,1.241310902,0,0,0,0,0,0,0,0,0,0,0,1,0.36567898,0.465425139
1,1,0,0,0.764350161,0,2,3,4,-0.286264237,1.241310902,0,0,0,1,0,0,0,0,0,0,0,1,0.902230289,1.144509936
1,2,0,0,-0.394622063,0,2,3,4,0.596614701,1.241310902,0,0,0,0,0,0,0,0,0,0,0,1,-0.84028255,-0.842923714
1,1,0,0,1.459733495,0,2,3,4,1.18520066,1.241310902,0,0,0,0,1,0,0,0,0,0,0,0,-0.055732882,-0.226373557
1,1,0,0,-0.780946138,0,2,3,4,1.18520066,2.422323239,0,0,0,0,1,0,1,0,0,0,0,1,-0.084350929,-0.353069033
1,1,0,0,0.223496456,0,2,3,4,1.18520066,1.241310902,0,0,0,0,0,0,0,0,0,0,0,0,-0.310477983,-0.503787864
1,2,0,0,-0.394622063,0,2,3,4,2.362372578,1.241310902,0,0,0,0,0,0,0,0,0,0,0,0,0.248834311,0.514358864
2,2,0,0,-0.780946138,0,2,4,4,-1.169143176,-1.120713773,0,0,0,1,0,0,0,0,0,0,0,0,3.571641631,1.881694292
2,1,0,0,0.532555716,0,2,4,4,-0.286264237,-1.120713773,0,0,0,0,0,0,0,0,0,0,0,0,-0.722696482,-0.849132827
2,1,0,0,0.300761271,0,2,4,4,-0.286264237,-0.23495452,0,0,0,0,0,0,0,0,0,0,0,0,-0.449712936,-0.923937857
2,1,0,0,0.532555716,0,2,4,4,-0.286264237,0.650804733,0,0,0,0,0,0,0,0,0,0,0,0,-0.50546623,-0.677938706
2,1,0,0,0.918879791,0,2,4,4,-0.286264237,1.241310902,0,0,0,0,0,0,0,0,0,0,0,0,0.32549509,0.024578102
2,2,0,0,-1.630859103,0,2,4,4,0.596614701,1.241310902,0,0,0,1,1,0,1,0,0,0,0,0,0.578534971,0.568984277
2,1,0,0,0.378026086,0,2,4,4,1.18520066,1.241310902,0,0,0,0,0,1,0,1,0,0,0,0,3.144595128,1.830912617
2,2,0,0,-1.090005398,0,2,4,4,1.18520066,2.422323239,0,0,0,0,1,0,0,0,0,0,0,0,1.882064764,1.654100726
1,1,0,0,1.38246868,0,2,4,5,-1.169143176,-1.120713773,0,0,0,0,0,0,0,0,0,0,0,0,-0.799060701,-0.766640323
1,2,0,0,-1.553594288,0,2,4,5,-0.286264237,-1.120713773,0,0,0,0,0,0,0,0,0,0,0,0,-0.224994542,0.080090531
1,1,0,0,0.609820531,0,2,4,5,0.596614701,-1.120713773,0,0,0,0,0,0,0,0,0,0,0,0,-0.176729391,0.243597178
1,1,0,0,1.305203865,0,2,4,5,1.18520066,-1.120713773,0,0,0,0,0,0,0,0,0,0,0,0,-0.029932156,-0.092434115
2,1,0,0,1.305203865,0,2,5,5,-1.169143176,-1.120713773,0,0,0,0,0,1,0,1,0,0,0,0,-0.346658312,-0.489299933
2,2,0,0,-0.240092434,0,2,5,5,-1.169143176,-0.23495452,0,0,0,0,1,0,0,0,0,0,0,0,1.20101456,0.677495922
2,2,0,0,-0.394622063,0,2,5,5,-1.169143176,0.650804733,0,0,0,0,0,0,0,0,0,0,0,0,-0.225735943,-0.509257797
2,1,0,0,0.300761271,0,2,5,5,-0.286264237,1.241310902,0,0,1,0,1,0,0,0,0,0,0,0,2.179736936,1.772960893
1,1,0,0,1.614263125,0,2,5,6,-1.169143176,-1.120713773,0,0,0,0,1,0,1,0,0,0,0,0,-0.184884793,-0.180026962
1,1,0,0,0.841614976,0,2,5,6,0.596614701,-1.120713773,0,0,0,0,1,0,0,0,0,0,0,0,0.162461191,0.281221447
1,1,0,0,1.305203865,0,2,5,6,0.596614701,-0.23495452,0,0,0,0,0,0,0,0,0,0,0,0,-1.025410175,-0.962670897
1,2,0,0,-0.935475768,0,2,5,6,1.18520066,-0.23495452,0,0,0,0,0,0,0,0,0,0,0,0,-0.410048027,-0.509257797
2,2,0,0,-0.162827619,0,2,6,6,-1.169143176,-1.120713773,0,0,0,0,0,0,0,0,0,0,0,0,3.761440076,3.769412541
2,2,0,0,-0.935475768,0,0,0,0,-1.169143176,-1.120713773,0,0,0,1,0,0,0,0,0,0,0,0,-0.526151295,-0.699670602
2,2,0,0,-0.626416508,0,0,0,0,-0.286264237,-1.120713773,0,0,0,0,0,0,0,0,0,0,0,0,-0.802915981,-0.734264233
2,1,0,0,0.300761271,0,0,0,0,-0.286264237,-0.23495452,0,0,1,0,0,0,0,0,0,0,0,0,0.914759952,0.849207469
2,1,0,0,1.150674235,0,0,0,0,-0.286264237,0.650804733,0,0,0,0,0,0,0,0,0,0,0,0,-0.702307977,-0.867908002
1,1,0,0,1.459733495,0,0,0,1,-1.169143176,-1.120713773,0,0,0,0,0,0,0,0,0,0,0,0,0.224145686,0.980707616
1,1,0,0,0.918879791,0,0,0,1,-0.286264237,-1.120713773,0,0,0,0,0,0,0,0,0,0,0,0,-0.494122807,0.228739657
1,2,0,0,-1.862653547,0,0,0,1,1.18520066,-1.120713773,0,0,0,0,0,0,0,0,0,0,0,0,1.601889637,0.542152038
2,1,0,0,1.614263125,0,0,1,1,-1.169143176,-1.120713773,0,0,0,0,0,0,0,0,0,0,0,0,-0.71491178,-0.763683602
2,2,0,0,-0.549151693,0,0,1,1,-1.169143176,-0.23495452,0,0,0,0,0,1,0,1,0,0,0,0,3.836914614,2.827401367
2,1,0,0,1.305203865,0,0,1,1,0.596614701,0.650804733,0,0,0,0,0,0,0,0,0,0,0,0,-0.649297864,-0.517758369
2,1,0,0,1.614263125,0,0,1,1,0.596614701,1.241310902,0,0,0,0,1,0,1,0,0,0,0,0,0.86449302,0.445615111
2,1,0,0,0.687085346,0,0,1,1,1.18520066,1.241310902,0,0,0,0,0,1,0,1,0,0,0,0,-0.324638726,-0.050448683
2,2,0,0,-0.549151693,0,0,1,1,1.18520066,2.422323239,0,0,0,0,0,0,0,0,0,0,0,0,1.924102154,1.718187645
1,1,0,0,0.841614976,0,0,1,2,-1.169143176,-1.120713773,0,0,0,0,0,0,0,0,0,0,0,0,-0.917610589,-0.889270309
1,2,0,0,-1.399064658,0,0,1,2,0.596614701,-1.120713773,0,0,0,0,0,0,0,0,0,0,0,0,-0.647370224,-0.479099247
1,1,0,0,0.918879791,0,0,1,2,1.18520066,-1.120713773,0,0,0,0,1,0,0,0,0,0,0,0,0.293837302,0.497949065
1,2,0,0,-1.476329473,0,0,1,2,1.18520066,-0.23495452,0,0,0,0,0,0,0,0,0,0,0,0,0.810815647,1.775769778
2,2,0,0,-0.471886878,0,0,2,2,-1.169143176,-1.120713773,0,0,0,0,0,0,0,0,0,0,0,0,-0.540979298,-0.682669459
2,2,0,0,-0.703681323,0,0,2,2,-1.169143176,0.650804733,0,0,0,0,0,0,0,0,0,0,0,0,-0.597103292,-0.652067401
1,1,0,0,1.305203865,0,0,2,3,-1.169143176,-0.23495452,0,0,0,0,1,0,1,0,0,0,0,0,-0.181993332,-0.130427974
1,1,0,0,0.532555716,0,0,2,3,-0.286264237,-0.23495452,0,0,0,0,1,0,0,0,0,0,0,0,0.275598858,0.361422493
1,2,0,0,-1.553594288,0,0,2,3,-0.286264237,0.650804733,0,0,0,0,1,0,0,0,0,0,0,0,3.128803304,3.132091422
1,1,0,0,1.07340942,0,0,2,3,-0.286264237,1.241310902,0,0,0,0,1,0,1,0,0,0,0,1,0.792799622,1.315704057
1,2,0,0,-1.476329473,0,0,2,3,1.18520066,1.241310902,0,0,0,0,1,0,1,0,0,0,0,0,1.619979801,3.82825128
1,2,0,0,-1.708123918,0,0,2,3,2.362372578,1.241310902,0,0,1,0,0,0,0,0,0,0,0,0,-0.373348718,-0.269319923
1,1,0,0,0.687085346,0,0,2,3,2.362372578,1.241310902,0,0,1,0,0,0,0,0,0,0,0,0,-0.448304276,-0.401115742
1,2,0,0,-0.703681323,0,0,2,3,1.18520066,1.241310902,0,0,0,0,0,0,0,0,0,0,0,0,-0.029783876,0.037439836
1,2,0,0,-2.248977622,0,0,2,3,1.18520066,2.422323239,0,0,1,0,0,0,0,0,0,1,0,0,0.253282713,0.328528977
2,1,0,0,1.53699831,0,0,2,4,-1.169143176,-1.120713773,0,0,0,1,0,0,0,0,0,0,0,0,3.005953294,2.250175593
2,1,0,0,1.150674235,0,0,2,4,-0.286264237,-1.120713773,0,0,0,0,0,0,0,0,0,0,0,0,-0.390994042,-0.60852969
2,1,0,0,1.150674235,0,0,2,4,-0.286264237,0.650804733,0,0,0,0,0,0,0,0,0,0,0,0,-0.785641357,-0.854085334
1,1,0,0,1.22793905,0,0,2,5,-1.169143176,-1.120713773,0,0,1,0,0,0,0,0,0,0,0,0,1.064374508,1.343866821
1,2,0,0,-1.090005398,0,0,2,5,-0.286264237,-0.23495452,0,0,0,0,0,0,0,0,0,0,0,0,-0.760952731,-0.602764085
1,1,0,0,0.996144606,0,0,2,5,-0.286264237,0.650804733,0,0,0,0,0,0,0,0,0,0,0,0,-0.562405764,-0.369330996
1,1,0,0,0.068966826,0,0,2,5,-0.286264237,1.241310902,0,0,0,0,0,0,0,0,0,0,0,1,-0.736189965,-0.640684027
1,2,0,0,-1.167270213,0,0,2,5,0.596614701,1.241310902,0,0,0,0,0,1,0,1,0,1,0,0,-0.107482614,-0.011641725
2,1,0,0,0.532555716,0,1,0,0,-1.169143176,0.650804733,0,0,0,0,0,0,0,0,0,0,0,0,-0.79765204,-0.818013343
2,1,0,0,1.150674235,0,1,0,0,-1.169143176,1.241310902,0,0,0,0,0,0,0,0,0,0,0,0,-0.425617431,-0.529733087
1,1,0,0,0.918879791,0,1,0,1,-1.169143176,-1.120713773,0,0,0,0,0,0,0,0,0,0,0,0,-0.816038765,-0.706840649
1,2,0,0,-2.017183177,0,1,0,1,-0.286264237,-1.120713773,0,0,0,0,0,0,0,0,0,0,0,0,-0.747755808,-0.786376433
1,2,0,0,-1.476329473,0,1,0,1,0.596614701,-1.120713773,0,0,0,1,0,0,0,0,0,0,0,0,-0.202752537,-0.008019742
1,1,0,0,1.150674235,0,1,0,1,1.18520066,-1.120713773,0,0,1,0,0,0,0,0,0,0,0,0,-0.499905729,-0.49425244
1,1,0,0,-0.008297989,0,1,0,1,1.18520066,-0.23495452,0,0,0,0,1,0,0,0,0,0,0,0,-0.160047887,0.157778364
1,2,0,0,-1.862653547,0,1,0,1,1.18520066,0.650804733,0,0,0,0,0,0,0,0,0,0,0,0,0.421802973,0.42927923
2,2,0,0,-0.858210953,0,1,1,1,-1.169143176,-1.120713773,0,0,1,0,0,0,0,0,0,0,0,0,-0.860596915,-0.865320872
2,2,0,0,-0.703681323,0,1,1,1,-1.169143176,-0.23495452,0,0,1,0,0,0,0,0,0,0,0,0,-0.655303206,-0.716523909
1,1,0,0,0.532555716,0,1,1,2,-0.286264237,-1.120713773,0,0,0,0,0,0,0,0,0,0,0,0,-0.260285191,-0.033004031
1,1,0,0,0.687085346,0,1,1,2,0.596614701,-1.120713773,0,0,0,0,0,0,0,0,0,0,0,0,-0.867714357,-0.818456851
1,2,0,0,-2.558036882,0,1,1,2,1.18520066,-1.120713773,0,0,0,1,0,0,0,0,0,0,0,0,-0.748274788,-0.748678245
2,2,0,0,-0.780946138,0,1,2,2,-1.169143176,-1.120713773,0,0,0,1,0,0,0,0,0,0,0,0,1.142592226,1.076505363
2,1,0,0,1.22793905,0,1,2,2,-0.286264237,-1.120713773,0,0,0,0,0,0,0,0,0,0,0,0,-0.790015618,-0.907601976
2,1,0,0,0.378026086,0,1,2,2,-0.286264237,-0.23495452,0,0,0,1,0,0,0,0,0,0,0,0,0.051102884,-0.223416836
2,2,0,0,-1.399064658,0,1,2,2,0.596614701,-0.23495452,0,0,1,0,0,0,0,0,0,0,0,0,-0.829458108,-0.815795802
2,2,0,0,-0.935475768,0,1,2,2,0.596614701,1.241310902,0,0,0,0,0,0,0,0,0,0,0,0,0.15949559,0.071368205
1,2,0,0,-1.012740583,0,1,2,3,-1.169143176,-1.120713773,0,0,1,0,0,0,0,0,0,0,0,0,0.316968988,0.786155403
1,2,0,0,-1.785388732,0,1,2,3,-0.286264237,-0.23495452,0,0,0,0,1,0,0,0,0,0,0,0,0.265293395,0.439627752
1,1,0,0,0.841614976,0,1,2,3,-0.286264237,0.650804733,0,0,0,0,1,0,0,0,0,0,0,0,-0.262286971,-0.212698724
1,2,0,0,-1.321799843,0,1,2,3,-0.286264237,1.241310902,0,0,1,0,0,0,0,0,0,1,0,0,6.893707549,7.542927169
2,2,0,0,-1.630859103,0,1,2,4,-1.169143176,-1.120713773,0,0,0,0,1,0,1,0,0,0,0,0,0.139181225,-0.227630163
2,1,0,0,0.687085346,0,1,2,4,-0.286264237,-0.23495452,0,0,0,0,0,1,0,1,0,0,0,0,0.383250164,0.062941551
2,2,0,0,-0.626416508,0,1,2,4,-0.286264237,1.241310902,0,0,1,0,0,0,0,0,0,0,0,0,-0.204976738,-0.279594527
1,1,0,0,0.609820531,0,1,2,5,-1.169143176,-1.120713773,0,0,0,0,1,0,0,0,0,0,0,0,0.003579133,0.219352069
1,2,0,0,-1.553594288,0,1,2,5,-1.169143176,-0.23495452,0,0,0,0,0,0,0,0,0,0,0,0,-0.513325072,-0.254610238
1,2,0,0,-0.935475768,0,1,2,5,-0.286264237,-0.23495452,0,0,0,1,0,0,0,0,0,0,0,0,-0.37935406,-0.150164084
1,1,0,0,0.609820531,0,1,2,5,0.596614701,-0.23495452,0,0,0,0,0,0,0,0,0,0,0,0,-0.176803531,0.250767226
1,2,0,0,-0.626416508,0,1,2,5,1.18520066,-0.23495452,0,0,0,0,0,0,0,0,0,0,0,0,-0.816854305,-0.768562191
2,1,0,0,1.53699831,0,1,3,5,-1.169143176,-0.23495452,0,0,0,0,0,1,0,1,0,0,0,0,1.112046539,0.83316726
2,2,0,0,-0.626416508,0,1,3,5,-1.169143176,0.650804733,0,0,0,0,0,0,0,0,0,0,0,0,1.867755741,1.740584803
2,2,0,0,-0.935475768,0,1,3,5,-0.286264237,0.650804733,0,0,1,0,0,0,0,0,0,0,0,0,-0.699564797,-0.779797729
1,2,0,0,-1.321799843,0,2,0,0,-1.169143176,-1.120713773,0,0,1,0,0,0,0,0,0,0,0,0,-0.512287112,-0.314705584
1,1,0,0,1.07340942,0,2,0,0,-1.169143176,-0.23495452,0,0,0,0,0,0,0,0,0,0,0,0,-0.413680888,-0.234578456
1,2,0,0,-1.476329473,0,2,0,0,-0.286264237,-0.23495452,0,0,0,0,0,0,0,0,0,0,0,0,-0.634099161,-0.50430529
1,1,0,0,1.305203865,0,2,0,0,0.596614701,-0.23495452,0,0,0,0,1,0,1,0,0,0,0,0,-0.175987991,-0.067375908
1,2,0,0,-1.553594288,0,2,0,0,1.18520066,-0.23495452,0,0,0,0,0,0,0,0,0,0,0,0,1.5330877,1.893521175
2,1,0,0,0.609820531,0,2,1,0,-1.169143176,-1.120713773,0,0,0,0,0,1,0,1,0,0,0,0,0.794282423,0.850168403
2,1,0,0,0.455290901,0,2,1,0,-1.169143176,0.650804733,0,0,0,0,0,1,0,1,0,0,0,0,-0.446524916,-0.320988615
2,1,0,0,1.53699831,0,2,1,0,-1.169143176,1.241310902,0,0,0,0,0,0,0,0,0,0,0,0,-0.664496568,-0.66995556
1,1,0,0,0.609820531,0,2,1,1,-0.286264237,-1.120713773,0,0,0,0,1,0,0,0,0,0,0,0,-0.027485535,0.159995904
1,2,0,0,-1.321799843,0,2,1,1,-0.286264237,-0.23495452,0,0,0,1,1,0,1,0,0,0,0,0,0.148819427,-0.105517603
1,2,0,0,-1.862653547,0,2,1,1,0.596614701,-0.23495452,0,0,0,0,1,0,0,0,0,0,0,0,0.2827163,0.582880864
1,1,0,0,0.609820531,0,2,1,1,0.596614701,0.650804733,0,0,0,0,0,0,0,0,0,0,0,0,-0.621643638,-0.570314077
1,1,0,0,0.918879791,0,2,1,1,1.18520066,0.650804733,0,0,0,0,0,0,0,0,0,0,0,0,-0.917314029,-0.696270373
2,2,0,0,-1.399064658,0,2,2,1,-1.169143176,-0.23495452,0,0,0,0,0,0,0,0,0,0,0,0,0.672618653,0.450271946
2,1,0,0,1.459733495,0,2,2,1,-1.169143176,0.650804733,0,0,0,0,0,1,0,1,0,0,0,0,-0.124905518,-0.518719303
2,1,0,0,1.22793905,0,2,2,1,-1.169143176,1.241310902,0,0,0,0,0,0,0,0,0,0,0,0,-0.741898747,-0.767009913
1,2,0,0,-1.785388732,0,2,2,2,-1.169143176,-1.120713773,0,0,1,0,0,0,0,0,0,0,0,0,-0.467728961,-0.271315709
1,2,0,0,-1.553594288,0,2,2,2,-1.169143176,-0.23495452,0,0,0,1,0,0,0,0,0,0,0,0,5.258104616,5.500572435
1,2,0,0,-1.476329473,0,2,2,2,-0.286264237,-0.23495452,0,0,1,0,0,0,0,0,0,0,0,0,1.181515736,1.201426807
1,1,0,0,1.459733495,0,2,2,2,-0.286264237,0.650804733,0,0,0,0,0,0,0,0,0,0,0,0,2.001430193,1.747680932
1,1,0,0,0.609820531,0,2,2,2,-0.286264237,1.241310902,0,0,0,0,1,0,1,0,0,0,0,1,-0.144478483,0.008907483
1,1,0,0,1.07340942,0,2,2,2,0.596614701,1.241310902,0,0,0,0,1,0,0,0,0,1,0,0,4.080983553,3.76312951
2,2,0,0,-1.167270213,0,2,2,3,-1.169143176,-1.120713773,0,0,0,1,0,0,0,0,0,0,0,0,0.36612382,0.516428569
2,2,0,0,-1.167270213,0,2,2,3,-0.286264237,-1.120713773,0,0,1,0,0,0,0,0,0,0,0,0,-0.278004655,-0.234726292
2,1,0,0,-0.162827619,0,2,2,3,-0.286264237,-0.23495452,0,0,0,0,0,0,0,0,0,0,0,0,-0.600291313,-0.725837579
2,1,0,0,1.614263125,0,2,2,3,-0.286264237,0.650804733,0,0,0,0,0,1,0,1,0,0,0,0,0.053104664,0.139742368
2,2,0,0,-0.780946138,0,2,2,3,-0.286264237,1.241310902,0,0,1,0,0,0,0,0,0,0,0,0,6.345219697,8.148463542
1,1,0,0,1.07340942,0,2,2,4,-1.169143176,-1.120713773,0,0,1,0,0,0,0,0,0,0,0,0,0.126725702,0.154082463
1,1,0,0,0.532555716,0,2,2,4,-1.169143176,-0.23495452,0,0,0,0,1,0,0,0,0,0,0,0,-0.502574769,-0.57319688
1,2,0,0,-1.785388732,0,2,2,4,-1.169143176,0.650804733,0,0,0,0,1,0,1,0,0,0,0,0,1.681516016,2.306279366
1,2,0,0,-2.248977622,0,2,2,4,-0.286264237,0.650804733,0,0,0,0,0,0,0,0,0,0,0,0,0.944415959,1.212884099
2,2,0,0,-0.626416508,0,2,2,5,-1.169143176,-1.120713773,0,0,1,0,0,0,0,0,0,0,0,0,0.281752479,0.200576894
2,2,0,0,-1.553594288,0,2,2,5,-1.169143176,-0.23495452,0,0,0,0,0,1,0,1,0,0,0,0,2.184778457,1.817976964
2,1,0,0,1.614263125,0,2,2,5,-1.169143176,0.650804733,0,0,0,0,0,0,0,0,0,0,0,0,0.882434904,0.840263389
2,2,0,0,-1.399064658,0,2,2,5,-1.169143176,1.241310902,0,0,0,1,0,0,0,0,0,0,0,0,-0.79883828,-0.940791164
2,1,0,0,-0.085562804,0,2,2,5,-0.286264237,1.241310902,0,0,0,0,0,1,0,1,0,0,0,0,0.78390282,0.396459632
1,2,0,0,-1.939918362,0,0,0,0,-1.169143176,-1.120713773,0,0,0,1,0,0,0,0,0,0,0,0,-0.882616501,-0.873304017
1,2,0,0,-1.476329473,0,0,0,0,-0.286264237,-1.120713773,0,0,0,1,0,0,0,0,0,0,0,0,-0.868455757,-0.883209031
1,1,0,0,-0.703681323,0,0,0,0,0.596614701,-1.120713773,0,0,0,0,0,0,0,0,0,0,0,0,-0.443336895,-0.528993907
1,1,0,0,0.687085346,0,0,0,0,1.18520066,-1.120713773,0,0,0,0,0,0,0,0,0,0,0,0,-0.731296724,-0.714232451
2,1,0,0,0.918879791,0,0,1,0,-1.169143176,-0.23495452,0,0,0,0,0,0,0,0,0,0,0,0,-0.300394941,-0.592785153
2,1,0,0,0.918879791,0,0,1,0,-1.169143176,0.650804733,0,0,1,0,0,0,0,0,0,0,0,0,0.016331216,-0.150164084
2,2,0,0,-0.549151693,0,0,1,0,-1.169143176,1.241310902,0,0,1,0,0,0,0,0,0,0,0,0,-0.162939348,-0.236869915
1,2,0,0,-0.858210953,0,0,1,1,-1.169143176,-1.120713773,0,0,0,0,0,0,0,0,0,0,0,0,-0.733076085,-0.713197599