Indicator,Index_p2,Value,Indicator.1,Index_p1,Value.1
y_value_p2,5,15.59085652,y_value_p1,15,13.42525744
y_value_p2,10,24.88224601,y_value_p1,25,8.006278041
y_value_p2,15,26.37031958,y_value_p1,30,30.13308468
y_value_p2,20,10.28875386,y_value_p1,35,12.20004249
y_value_p2,25,30.96065814,y_value_p1,40,19.03872117
y_value_p2,30,8.158369457,y_value_p1,45,16.37000535
y_value_p2,35,19.23096377,y_value_p1,50,18.46566068
y_value_p2,40,16.74422884,y_value_p1,55,20.94877721
y_value_p2,45,23.35583264,y_value_p1,70,18.2701588
y_value_p2,50,15.12014422,y_value_p1,75,11.44787637
y_value_p2,60,18.26879626,y_value_p1,80,15.33988214
y_value_p2,65,31.68556859,y_value_p1,100,15.30536125
y_value_p2,75,26.15737554,y_value_p1,105,20.28082286
y_value_p2,80,12.90950588,y_value_p1,115,20.61648365
y_value_p2,85,12.28097239,y_value_p1,120,14.98898022
y_value_p2,90,22.83908402,y_value_p1,125,19.71860483
y_value_p2,100,13.34252649,y_value_p1,130,20.37232461
y_value_p2,105,19.31032326,y_value_p1,135,6.408991397
y_value_p2,110,20.30031428,y_value_p1,140,17.63382953
y_value_p2,115,16.96728194,y_value_p1,165,21.26654665
y_value_p2,120,20.90459345,y_value_p1,170,24.37302813
y_value_p2,125,17.67470739,y_value_p1,185,12.30648655
y_value_p2,130,15.1462684,y_value_p1,190,13.70448081
y_value_p2,135,24.83926498,y_value_p1,195,15.38167451
y_value_p2,145,13.67993125,y_value_p1,200,19.15099421
y_value_p2,155,21.10862841,y_value_p1,205,12.53209189
y_value_p2,160,10.07466705,y_value_p1,210,15.35064789
y_value_p2,175,25.365475,y_value_p1,220,10.65603227
y_value_p2,180,5.675233195,y_value_p1,230,13.05534777
y_value_p2,185,25.77797761,y_value_p1,240,21.73623621
y_value_p2,190,15.81454307,y_value_p1,250,13.55912541
y_value_p2,195,17.51566809,y_value_p1,255,27.38558701
y_value_p2,200,16.64098457,y_value_p1,260,23.59888463
y_value_p2,205,25.81538414,y_value_p1,265,17.43192456
y_value_p2,215,18.34437363,y_value_p1,270,26.03283337
y_value_p2,225,16.27778168,y_value_p1,280,21.52905958
y_value_p2,230,16.8920919,y_value_p1,285,13.82653398
y_value_p2,235,23.91433279,y_value_p1,290,18.67598339
y_value_p2,245,9.521396414,y_value_p1,295,25.02754697
y_value_p2,250,17.973934,y_value_p1,300,19.49080325
y_value_p2,255,9.364900862,y_value_p1,305,24.64953532
y_value_p2,260,10.46190902,y_value_p1,310,16.28683589
y_value_p2,265,19.9594596,y_value_p1,315,20.08522623
y_value_p2,275,26.05081754,y_value_p1,325,21.91989155
y_value_p2,285,25.6126933,y_value_p1,330,13.02095243
y_value_p2,290,21.48931794,y_value_p1,340,4.580143356
y_value_p2,295,19.59077745,y_value_p1,345,13.71888569
y_value_p2,300,22.93609996,y_value_p1,350,21.78817232
y_value_p2,305,18.69964061,y_value_p1,355,13.45952817
y_value_p2,310,21.30103204,y_value_p1,360,20.44145462
y_value_p2,315,23.50453405,y_value_p1,365,12.7753028
y_value_p2,325,18.68247417,y_value_p1,370,18.44288649
y_value_p2,330,26.91023379,y_value_p1,375,12.94653988
y_value_p2,335,7.607637123,y_value_p1,380,11.29126219
y_value_p2,345,19.69055683,y_value_p1,385,20.83716056
y_value_p2,350,19.59882815,y_value_p1,400,28.23682009
y_value_p2,355,26.75986736,y_value_p1,405,12.23891163
y_value_p2,360,17.36134384,y_value_p1,410,16.10168586
y_value_p2,365,19.23901842,y_value_p1,425,13.0424803
y_value_p2,370,14.95530748,y_value_p1,430,15.06019922
y_value_p2,375,25.46236966,y_value_p1,435,8.948190816
y_value_p2,380,24.81918867,y_value_p1,440,17.78201312
y_value_p2,385,17.66942849,y_value_p1,445,21.94385189
y_value_p2,390,21.43942543,y_value_p1,450,15.33344254
y_value_p2,395,26.8892015,y_value_p1,455,14.74465043
y_value_p2,400,13.0594497,y_value_p1,460,18.7530687
y_value_p2,405,30.45992376,y_value_p1,465,10.27635581
y_value_p2,410,22.86777029,y_value_p1,470,21.50045051
y_value_p2,415,21.15567923,y_value_p1,475,18.47395484
y_value_p2,425,18.87970014,y_value_p1,485,8.075566119
y_value_p2,430,20.88257812,y_value_p1,495,10.64441522
y_value_p2,435,24.07383695,y_value_p1,500,4.800536935
y_value_p2,440,23.27495528,y_value_p1,505,20.292164
y_value_p2,445,18.43166646,y_value_p1,510,6.20632303
y_value_p2,450,21.12731232,y_value_p1,515,11.21438741
y_value_p2,455,31.32880275,y_value_p1,540,12.35415188
y_value_p2,460,23.76581532,y_value_p1,545,23.21180126
y_value_p2,465,25.66028878,y_value_p1,550,17.39400824
y_value_p2,470,12.32861832,y_value_p1,555,21.65803613
y_value_p2,475,22.09768011,y_value_p1,560,13.35720935
y_value_p2,480,15.54949599,y_value_p1,570,3.482859932
y_value_p2,485,18.36740762,y_value_p1,575,9.43952063
y_value_p2,495,24.41800864,y_value_p1,580,7.126394942
y_value_p2,500,35.07329685,y_value_p1,585,20.8223486
y_value_p2,505,11.86928378,y_value_p1,590,28.15961919
y_value_p2,510,36.03622258,y_value_p1,595,23.58732432
y_value_p2,515,19.64291479,y_value_p1,600,21.54883956
y_value_p2,525,23.25463497,y_value_p1,610,26.48578311
y_value_p2,530,28.72556655,y_value_p1,620,18.80290331
y_value_p2,535,9.873664283,y_value_p1,630,9.614421123
y_value_p2,540,25.02783367,y_value_p1,635,13.65636717
y_value_p2,545,9.096192017,y_value_p1,640,12.66317828
y_value_p2,550,16.68035554,y_value_p1,645,14.18270784
y_value_p2,555,15.82164956,y_value_p1,650,22.44104737
y_value_p2,560,13.05432042,y_value_p1,655,12.38543236
y_value_p2,565,20.09873719,y_value_p1,665,11.88140024
y_value_p2,575,20.32675371,y_value_p1,670,15.11620718
y_value_p2,580,24.89673479,y_value_p1,680,21.56226722
y_value_p2,585,28.05528693,y_value_p1,685,8.862230452
y_value_p2,590,16.38316785,y_value_p1,695,14.43567856
y_value_p2,595,21.83703628,y_value_p1,700,14.30774665
y_value_p2,600,23.86271371,y_value_p1,705,19.01183157
y_value_p2,610,14.08380394,y_value_p1,710,21.3325808
y_value_p2,615,14.85253999,y_value_p1,720,19.95531863
y_value_p2,620,9.27574486,y_value_p1,725,5.559602667
y_value_p2,625,23.60322863,y_value_p1,730,24.95645459
y_value_p2,640,26.45071707,y_value_p1,735,21.07762044
y_value_p2,650,12.30666168,y_value_p1,740,17.89192273
y_value_p2,655,19.44353954,y_value_p1,760,8.529458239
y_value_p2,665,20.1726439,y_value_p1,765,21.58916341
y_value_p2,675,24.00195748,y_value_p1,770,14.86468635
y_value_p2,680,11.54833443,y_value_p1,780,18.94082504
y_value_p2,685,30.79595614,y_value_p1,785,6.890100731
y_value_p2,695,14.16012491,y_value_p1,790,21.58626517
y_value_p2,700,20.82078404,y_value_p1,800,21.54318379
y_value_p2,705,18.72497208,y_value_p1,820,11.24700509
y_value_p2,710,8.821335258,y_value_p1,830,14.17345221
y_value_p2,715,12.32694377,y_value_p1,835,9.13818117
y_value_p2,725,27.14487152,y_value_p1,845,14.20956168
y_value_p2,730,8.289976366,y_value_p1,850,15.3220662
y_value_p2,740,24.52953776,y_value_p1,855,15.95841162
y_value_p2,745,22.72299471,y_value_p1,860,10.45609608
y_value_p2,760,30.22391252,y_value_p1,865,15.8107063
y_value_p2,765,10.37474684,y_value_p1,875,9.700130973
y_value_p2,770,19.49186372,y_value_p1,880,15.79107594
y_value_p2,775,19.0069511,y_value_p1,885,23.14892532
y_value_p2,780,15.08017057,y_value_p1,890,8.622967637
y_value_p2,790,11.73407506,y_value_p1,895,26.25583225
y_value_p2,800,11.28180504,y_value_p1,900,12.38341393
y_value_p2,805,18.94988112,y_value_p1,905,17.19937663
y_value_p2,810,17.8495157,y_value_p1,915,8.237344733
y_value_p2,820,26.73934601,y_value_p1,925,23.5839039
y_value_p2,825,20.06769603,y_value_p1,930,13.77918047
y_value_p2,830,19.30217044,y_value_p1,940,13.15901009
y_value_p2,835,23.15199457,y_value_p1,945,17.50500626
y_value_p2,845,16.80981957,y_value_p1,950,7.400967491
y_value_p2,850,21.59773672,y_value_p1,955,24.44310074
y_value_p2,855,13.22860715,y_value_p1,960,14.1249431
y_value_p2,860,24.2654556,y_value_p1,965,14.61842242
y_value_p2,865,15.44812715,y_value_p1,975,11.08476599
y_value_p2,875,27.89910042,y_value_p1,985,10.81091604
y_value_p2,885,10.72146683,y_value_p1,990,17.86683445
y_value_p2,890,24.77914795,y_value_p1,995,7.154465306
y_value_p2,905,15.36895891,y_value_p1,1000,16.37681997
y_value_p2,910,19.48274472,y_value_p1,1005,20.51043424
y_value_p2,915,30.11585997,y_value_p1,1010,18.05382825
y_value_p2,925,13.97294374,y_value_p1,1015,14.95989179
y_value_p2,940,22.72746522,y_value_p1,1020,21.99621465
y_value_p2,945,14.48172007,y_value_p1,1025,10.65717076
y_value_p2,950,30.20409578,y_value_p1,1030,25.20830828
y_value_p2,955,14.4031802,y_value_p1,1035,14.30001542
y_value_p2,960,21.53647955,y_value_p1,1040,16.08690819
y_value_p2,970,15.09309651,y_value_p1,1045,19.83226495
y_value_p2,985,18.32732263,y_value_p1,1055,8.67054938
y_value_p2,990,16.74815247,y_value_p1,1060,28.04905204
y_value_p2,995,22.333812,y_value_p1,1065,12.76560891
y_value_p2,1000,14.81038202,y_value_p1,1070,21.77955816
y_value_p2,1010,11.75445045,y_value_p1,1075,13.28827336
y_value_p2,1015,14.96676322,y_value_p1,1080,3.658552125
y_value_p2,1020,13.4931595,y_value_p1,1085,26.3196205
y_value_p2,1025,24.67778684,y_value_p1,1090,17.42115605
y_value_p2,1030,7.359038047,y_value_p1,1095,15.2730234
y_value_p2,1035,19.15492773,y_value_p1,1100,22.09788633
y_value_p2,1040,19.48475974,y_value_p1,1105,19.67671435
y_value_p2,1045,17.55402758,y_value_p1,1110,18.61492024
y_value_p2,1060,11.00447731,y_value_p1,1115,15.46370711
y_value_p2,1065,19.19133238,y_value_p1,1120,13.47309482
y_value_p2,1070,11.90870203,y_value_p1,1130,17.55391411
y_value_p2,1075,19.5520514,y_value_p1,1135,22.56328118
y_value_p2,1080,22.30599141,y_value_p1,1140,11.14529651
y_value_p2,1085,9.040846745,y_value_p1,1145,10.96420657
y_value_p2,1090,18.20772955,y_value_p1,1150,12.15489142
y_value_p2,1095,12.97419909,y_value_p1,1155,15.53165537
y_value_p2,1100,14.47273395,y_value_p1,1165,6.06792632
y_value_p2,1105,17.87121144,y_value_p1,1170,14.21373615
y_value_p2,1110,17.17571843,y_value_p1,1175,7.142912904
y_value_p2,1115,16.22880462,y_value_p1,1180,10.82094709
y_value_p2,1125,10.17460805,y_value_p1,1185,17.92591534
y_value_p2,1130,27.90703657,y_value_p1,1190,8.181506953
y_value_p2,1135,3.043622536,y_value_p1,1205,24.56872882
y_value_p2,1140,18.37703114,y_value_p1,1210,18.14231709
y_value_p2,1145,18.95798858,y_value_p1,1215,7.598303937
y_value_p2,1150,16.41415616,y_value_p1,1220,21.12477673
y_value_p2,1165,18.22197335,y_value_p1,1225,6.849051616
y_value_p2,1170,10.13428574,y_value_p1,1230,20.4075795
y_value_p2,1175,11.2685852,y_value_p1,1240,7.019828967
y_value_p2,1180,22.55627281,y_value_p1,1245,17.89619411
y_value_p2,1185,12.6159181,y_value_p1,1255,23.92814978
y_value_p2,1190,16.40028783,y_value_p1,1270,1.930797841
y_value_p2,1195,12.95529317,y_value_p1,1275,7.728209441
y_value_p2,1200,22.87536581,y_value_p1,1280,18.60788341
y_value_p2,1210,15.55008873,y_value_p1,1285,14.38031131
y_value_p2,1215,14.61038152,y_value_p1,1295,12.14534144
y_value_p2,1220,10.60611235,y_value_p1,1300,21.47876451
y_value_p2,1225,28.50180054,y_value_p1,1305,-0.695541207
y_value_p2,1230,9.389952814,y_value_p1,1310,14.23038132
y_value_p2,1235,6.394279529,y_value_p1,1315,17.25582088
y_value_p2,1240,28.08621026,y_value_p1,1325,6.585824381
y_value_p2,1245,14.71703142,y_value_p1,1330,23.2554846
y_value_p2,1250,21.74980684,y_value_p1,1335,17.0267466
y_value_p2,1260,30.51170644,y_value_p1,1340,6.801506248
y_value_p2,1270,21.58317589,y_value_p1,1345,21.67979022
y_value_p2,1275,15.12699033,y_value_p1,1355,24.2133322
y_value_p2,1280,10.30114264,y_value_p1,1360,21.51658873
y_value_p2,1285,21.63206888,y_value_p1,1365,16.86642369
y_value_p2,1305,25.40265598,y_value_p1,1370,19.45850685
y_value_p2,1310,21.85657022,y_value_p1,1375,27.0734983
y_value_p2,1315,16.52691397,y_value_p1,1380,9.782997402
y_value_p2,1320,21.66580915,y_value_p1,1385,19.19697807
y_value_p2,1325,23.24832089,y_value_p1,1390,7.049060351
y_value_p2,1330,11.09669609,y_value_p1,1395,20.76850506
y_value_p2,1335,11.98553563,y_value_p1,1400,18.18644161
y_value_p2,1340,25.3372103,y_value_p1,1405,15.25675716
y_value_p2,1345,8.205135247,y_value_p1,1410,8.79086912
y_value_p2,1355,7.912352856,y_value_p1,1415,12.60120889
y_value_p2,1360,10.09058996,y_value_p1,1420,26.42969321
y_value_p2,1365,13.95298868,y_value_p1,1425,17.95464037
y_value_p2,1370,12.42719288,y_value_p1,1430,9.82623295
y_value_p2,1375,5.874360447,y_value_p1,1435,18.07092777
y_value_p2,1380,25.54349076,y_value_p1,1440,11.6442655
y_value_p2,1385,17.39316113,y_value_p1,1445,12.32251107
y_value_p2,1390,22.27741201,y_value_p1,1450,12.82992844
y_value_p2,1395,10.98596559,y_value_p1,1455,15.6277294
y_value_p2,1400,10.16056632,y_value_p1,1460,3.450156519
y_value_p2,1405,13.4024037,y_value_p1,1465,14.79844566
y_value_p2,1410,15.83696162,y_value_p1,1470,7.078256901
y_value_p2,1415,17.13995324,y_value_p1,1475,21.86514955
y_value_p2,1420,19.99400293,y_value_p1,1480,10.1170529
y_value_p2,1425,21.27172547,y_value_p1,1485,4.454543831
y_value_p2,1430,21.69117834,y_value_p1,1490,24.83765445
y_value_p2,1435,16.80169868,y_value_p1,1495,8.027579127
y_value_p2,1440,18.81789099,y_value_p1,1500,21.44524738
y_value_p2,1445,21.34058568,y_value_p1,1520,21.13179765
y_value_p2,1450,18.28410769,y_value_p1,1525,16.36133681
y_value_p2,1455,22.38972794,y_value_p1,1530,17.75828475
y_value_p2,1465,16.85211156,y_value_p1,1535,5.75794877
y_value_p2,1470,22.93364872,y_value_p1,1540,23.5733241
y_value_p2,1475,13.07156779,y_value_p1,1545,23.72945077
y_value_p2,1480,19.06435561,y_value_p1,1555,21.86665494
y_value_p2,1485,18.73472047,y_value_p1,1560,14.06289734
y_value_p2,1490,8.259306615,y_value_p1,1565,10.11509279
y_value_p2,1495,24.19749361,y_value_p1,1570,26.40911852
y_value_p2,1500,5.42001388,y_value_p1,1575,14.36095552
y_value_p2,1505,27.44661998,y_value_p1,1580,11.53474969
y_value_p2,1510,5.427310807,y_value_p1,1585,12.06547935
y_value_p2,1515,19.53664055,y_value_p1,1590,26.82011558
y_value_p2,1520,5.840343211,y_value_p1,1595,2.467355823
y_value_p2,1525,14.93496485,y_value_p1,1605,11.12376597
y_value_p2,1530,9.185887385,y_value_p1,1615,18.91116438
y_value_p2,1535,23.10378396,y_value_p1,1620,20.90819837
y_value_p2,1550,17.46982926,y_value_p1,1625,12.33384738
y_value_p2,1555,12.07525563,y_value_p1,1640,19.90907782
y_value_p2,1560,15.19301566,y_value_p1,1650,23.67909808
y_value_p2,1565,17.80333053,y_value_p1,1655,11.23674474
y_value_p2,1570,3.963464402,y_value_p1,1660,20.21263972
y_value_p2,1575,12.48171239,y_value_p1,1665,12.99666993
y_value_p2,1580,12.82294854,y_value_p1,1670,12.58366586
y_value_p2,1595,22.92792309,y_value_p1,1675,21.75868773
y_value_p2,1605,17.84009918,y_value_p1,1695,27.67808105
y_value_p2,1610,15.19568417,y_value_p1,1710,18.15532163
y_value_p2,1615,32.60397198,y_value_p1,1720,31.57101819
y_value_p2,1620,22.85330163,y_value_p1,1725,10.33656889
y_value_p2,1625,33.71863831,y_value_p1,1730,27.0660063
y_value_p2,1630,26.05873608,y_value_p1,1735,13.44145829
y_value_p2,1635,14.94933968,y_value_p1,1740,26.88208084
y_value_p2,1640,17.6598399,y_value_p1,1745,22.44315735
y_value_p2,1650,11.98284957,y_value_p1,1750,12.182999
y_value_p2,1655,31.87806112,y_value_p1,1760,9.6248995
y_value_p2,1660,12.62364935,y_value_p1,1765,26.26325088
y_value_p2,1665,19.66809136,y_value_p1,1785,15.99693298
y_value_p2,1670,23.75843006,y_value_p1,1790,22.1985753
y_value_p2,1675,16.71965186,y_value_p1,1795,24.69523945
y_value_p2,1680,19.38201392,y_value_p1,1805,17.80431762
y_value_p2,1685,10.08661525,y_value_p1,1825,28.54079197
y_value_p2,1695,12.22350343,y_value_p1,1830,8.752643624
y_value_p2,1705,25.13314094,y_value_p1,1835,14.14995251
y_value_p2,1710,18.22267839,y_value_p1,1840,16.86332266
y_value_p2,1720,9.299805625,y_value_p1,1845,9.343130497
y_value_p2,1725,26.7854985,y_value_p1,1850,17.57966904
y_value_p2,1730,10.61109866,y_value_p1,1860,9.985479303
y_value_p2,1735,22.14616981,y_value_p1,1865,14.10463049
y_value_p2,1740,9.080373915,y_value_p1,1870,21.64666696
y_value_p2,1750,27.51865167,y_value_p1,1875,22.62938448
y_value_p2,1760,23.84336473,y_value_p1,1880,19.55192488
y_value_p2,1765,9.060539269,y_value_p1,1885,15.62388663
y_value_p2,1770,19.43452399,y_value_p1,1890,12.1973329
y_value_p2,1785,22.57982163,y_value_p1,1895,25.46456774
y_value_p2,1790,19.95570871,y_value_p1,1905,25.91741094
y_value_p2,1795,21.15512336,y_value_p1,1910,17.75113937
y_value_p2,1805,24.18862261,y_value_p1,1915,14.85192802
y_value_p2,1810,26.7856664,y_value_p1,1920,17.57106115
y_value_p2,1830,27.69962508,y_value_p1,1930,11.60704747
y_value_p2,1835,20.6929923,y_value_p1,1935,5.542958569
y_value_p2,1840,14.89046856,y_value_p1,1940,21.73280537
y_value_p2,1845,23.68899388,y_value_p1,1950,12.64049458
y_value_p2,1850,14.36798856,y_value_p1,1955,17.87492937
y_value_p2,1855,14.70073516,y_value_p1,1960,12.68417839
y_value_p2,1860,23.84939505,y_value_p1,1965,18.14278195
y_value_p2,1865,20.60923327,y_value_p1,1970,13.10767708
y_value_p2,1870,12.21787306,y_value_p1,1975,23.4388016
y_value_p2,1875,14.6441668,y_value_p1,1980,15.55966345
y_value_p2,1880,11.81689837,y_value_p1,1985,25.68431353
y_value_p2,1885,19.12191349,y_value_p1,1990,23.23693216
y_value_p2,1890,26.15633239,y_value_p1,1995,13.46738132
y_value_p2,1895,8.255211689,y_value_p1,2010,7.207672704
y_value_p2,1900,14.84804685,y_value_p1,2015,17.39140298
y_value_p2,1905,10.77086313,y_value_p1,2020,9.482674057
y_value_p2,1910,14.55861309,y_value_p1,2025,11.27721482
y_value_p2,1915,21.39641923,y_value_p1,2030,23.77637642
y_value_p2,1925,23.79706532,y_value_p1,2035,9.981763151
y_value_p2,1935,26.39594384,y_value_p1,2045,14.9593535
y_value_p2,1940,17.92048905,y_value_p1,2050,9.43243696
y_value_p2,1945,16.16279633,y_value_p1,2055,22.74231535
y_value_p2,1950,26.51896897,y_value_p1,2060,22.18156309
y_value_p2,1955,12.99797569,y_value_p1,2070,15.57903064
y_value_p2,1960,26.37855608,y_value_p1,2075,16.02838107
y_value_p2,1965,8.190989101,y_value_p1,2085,18.61298181
y_value_p2,1970,20.48942096,y_value_p1,2090,20.93347614
y_value_p2,1975,13.08615513,y_value_p1,2095,11.22812608
y_value_p2,1980,27.26471533,y_value_p1,2100,23.4616744
y_value_p2,1990,20.22735186,y_value_p1,2110,21.53608375
y_value_p2,2005,20.3296897,y_value_p1,2120,17.27646971
y_value_p2,2010,21.34447541,y_value_p1,2125,12.888678
y_value_p2,2015,15.65500355,y_value_p1,2130,13.35955106
y_value_p2,2020,16.97091476,y_value_p1,2145,19.50117761
y_value_p2,2025,24.4193402,y_value_p1,2150,17.41856101
y_value_p2,2030,10.86669062,y_value_p1,2155,15.95284238
y_value_p2,2035,24.79498452,y_value_p1,2165,17.97717234
y_value_p2,2045,12.65830757,y_value_p1,2175,15.30422158
y_value_p2,2050,23.50339208,y_value_p1,2180,22.02078715
y_value_p2,2055,13.71237851,y_value_p1,2185,20.35409777
y_value_p2,2060,11.41534344,y_value_p1,2190,22.21655261
y_value_p2,2065,19.9098973,y_value_p1,2195,7.147432363
y_value_p2,2070,12.95524525,y_value_p1,2200,14.04172446
y_value_p2,2075,11.86923264,y_value_p1,2220,1.619956753
y_value_p2,2085,14.70219205,y_value_p1,2225,24.16276392
y_value_p2,2090,8.847656248,y_value_p1,2230,21.89836178
y_value_p2,2095,16.06556102,y_value_p1,2235,28.44578023
y_value_p2,2100,10.4109579,y_value_p1,2240,12.68157348
y_value_p2,2105,18.45522472,y_value_p1,2245,14.37536835
y_value_p2,2115,25.65980355,y_value_p1,2250,23.32442323
y_value_p2,2120,10.78536577,y_value_p1,2255,14.0302249
y_value_p2,2125,17.23965066,y_value_p1,2260,7.177553614
y_value_p2,2130,19.0202994,y_value_p1,2265,11.84349362
y_value_p2,2135,13.72706553,y_value_p1,2270,15.51840566
y_value_p2,2140,21.57108119,y_value_p1,2275,16.10100959
y_value_p2,2145,9.557512976,y_value_p1,2285,20.57209721
y_value_p2,2150,16.33487636,y_value_p1,2290,3.026107933
y_value_p2,2155,10.34573474,y_value_p1,2300,3.12939179
y_value_p2,2160,14.3124758,y_value_p1,2305,21.49249977
y_value_p2,2175,11.85577479,y_value_p1,2315,8.805233847
y_value_p2,2180,12.3667875,y_value_p1,2345,18.04591719
y_value_p2,2185,7.784776057,y_value_p1,2350,9.447144215
y_value_p2,2190,12.00170337,y_value_p1,2355,8.837370862
y_value_p2,2195,13.24923729,y_value_p1,2360,24.58993751
y_value_p2,2205,14.40293794,y_value_p1,2365,14.12302282
y_value_p2,2220,29.59985987,y_value_p1,2390,5.995253398
y_value_p2,2225,12.8814282,y_value_p1,2395,14.09510392
y_value_p2,2230,15.59332127,y_value_p1,2400,12.24471992
y_value_p2,2240,23.24074235,y_value_p1,2415,10.40516088
y_value_p2,2245,13.10834445,y_value_p1,2420,13.08012511
y_value_p2,2250,15.64953412,y_value_p1,2425,15.9148463
y_value_p2,2260,26.09362533,y_value_p1,2430,3.262277442
y_value_p2,2265,17.19321312,y_value_p1,2435,27.3529173
y_value_p2,2270,19.00630256,y_value_p1,2440,15.00994716
y_value_p2,2275,14.54593806,y_value_p1,2445,15.72178537
y_value_p2,2280,21.93951472,y_value_p1,2450,9.954299957
y_value_p2,2285,10.11295074,y_value_p1,2455,17.74161121
y_value_p2,2290,22.97613717,y_value_p1,2460,5.519491249
y_value_p2,2305,8.078528492,y_value_p1,2465,17.66141531
y_value_p2,2310,19.85112419,y_value_p1,2470,12.22901036
y_value_p2,2315,17.20943664,y_value_p1,2475,10.75224883
y_value_p2,2325,13.5600119,y_value_p1,2480,16.28969092
y_value_p2,2335,11.82238205,y_value_p1,2485,5.885467151
y_value_p2,2340,11.06737634,y_value_p1,2490,17.12237948
y_value_p2,2345,17.63791967,y_value_p1,2495,14.32971707
y_value_p2,2350,18.10843032,y_value_p1,2500,29.02406463
y_value_p2,2360,8.739322103,y_value_p1,2505,12.92456596
y_value_p2,2380,20.53709014,y_value_p1,2510,26.07148071
y_value_p2,2385,7.324899677,y_value_p1,2515,24.62514728
y_value_p2,2390,23.30036116,y_value_p1,2520,15.58383453
y_value_p2,2395,13.67168603,y_value_p1,2525,12.68615059
y_value_p2,2405,17.43509909,y_value_p1,2530,14.04155932
y_value_p2,2415,22.61857901,y_value_p1,2535,19.20971493
y_value_p2,2420,10.7778734,y_value_p1,2540,20.14575924
y_value_p2,2425,8.781034023,y_value_p1,2545,9.529979126
y_value_p2,2430,24.91487603,y_value_p1,2550,10.48316053
y_value_p2,2435,5.153960999,y_value_p1,2555,11.29753351
y_value_p2,2440,19.08279231,y_value_p1,2560,22.05771515
y_value_p2,2445,15.16914637,y_value_p1,2565,10.93727918
y_value_p2,2450,19.00059908,y_value_p1,2570,21.42814342
y_value_p2,2455,8.863777747,y_value_p1,2575,9.807252815
y_value_p2,2460,19.39282962,y_value_p1,2580,17.53562591
y_value_p2,2465,9.822098676,y_value_p1,2585,13.43538375
y_value_p2,2470,11.71436849,y_value_p1,2590,16.32738702
y_value_p2,2475,16.42757726,y_value_p1,2595,6.389222497
y_value_p2,2480,13.00872274,y_value_p1,2600,14.30432251
y_value_p2,2485,21.59074874,y_value_p1,2605,25.43347315
y_value_p2,2490,8.486938701,y_value_p1,2610,6.821210424
y_value_p2,2495,27.16487164,y_value_p1,2615,14.73794495
y_value_p2,2500,14.20646636,y_value_p1,2620,14.63632775
y_value_p2,2505,19.99520828,y_value_p1,2625,25.93997546
y_value_p2,2510,14.24507058,y_value_p1,2630,8.370579756
y_value_p2,2515,15.27869149,y_value_p1,2635,12.60027191
y_value_p2,2520,18.88258434,y_value_p1,2640,12.66090258
y_value_p2,2525,19.93610342,y_value_p1,2645,9.612847324
y_value_p2,2530,23.62130593,y_value_p1,2650,18.16709894
y_value_p2,2535,12.38160054,y_value_p1,2655,19.83980166
y_value_p2,2540,8.570754425,y_value_p1,2660,21.23139836
y_value_p2,2545,25.44155534,y_value_p1,2665,15.78563797
y_value_p2,2550,17.34631209,y_value_p1,2670,22.4899579
y_value_p2,2555,24.8548029,y_value_p1,2675,16.01457379
y_value_p2,2560,5.759224072,y_value_p1,2680,16.08315494
y_value_p2,2565,19.3561312,y_value_p1,2685,16.82425156
y_value_p2,2570,11.32555986,y_value_p1,2690,19.67159967
y_value_p2,2575,24.18359945,y_value_p1,2695,15.52012576
y_value_p2,2580,15.13495945,y_value_p1,2700,19.03939075
y_value_p2,2585,18.88509839,y_value_p1,2705,16.18743468
y_value_p2,2590,13.45941753,y_value_p1,2710,15.54296399
y_value_p2,2595,19.5973528,y_value_p1,2715,17.48876799
y_value_p2,2600,20.82453593,y_value_p1,2720,14.96439134
y_value_p2,2605,1.84949062,y_value_p1,2725,20.16110729
y_value_p2,2610,22.74296475,y_value_p1,2730,20.93017135
y_value_p2,2615,13.83303883,y_value_p1,2735,11.95203915
y_value_p2,2620,20.68908972,y_value_p1,2740,18.37199555
y_value_p2,2625,9.08730265,y_value_p1,2745,14.53356332
y_value_p2,2630,24.51421589,y_value_p1,2750,21.29339084
y_value_p2,2635,18.9569967,y_value_p1,2755,24.0294356
y_value_p2,2640,21.84166585,y_value_p1,2760,22.69939807
y_value_p2,2645,15.28501543,y_value_p1,2765,18.65933087
y_value_p2,2650,19.034917,y_value_p1,2770,20.75249762
y_value_p2,2655,16.92754878,y_value_p1,2775,22.53732785
y_value_p2,2660,25.6515402,y_value_p1,2780,13.05881895
y_value_p2,2665,24.13805817,y_value_p1,2785,14.31744095
y_value_p2,2670,17.5004049,y_value_p1,2790,17.39643309
y_value_p2,2675,21.91553274,y_value_p1,2795,21.69227646
y_value_p2,2680,27.77448572,y_value_p1,2800,20.46795553
y_value_p2,2685,17.53395215,y_value_p1,2805,13.06407102
y_value_p2,2690,15.04466834,y_value_p1,2810,19.71426903
y_value_p2,2695,26.77537771,y_value_p1,2815,12.90790061
y_value_p2,2700,22.08625642,y_value_p1,2820,20.37625709
y_value_p2,2705,12.51741819,y_value_p1,2825,20.01479269
y_value_p2,2710,25.68177984,y_value_p1,2830,13.52441667
y_value_p2,2715,12.7441034,y_value_p1,2835,17.3115505
y_value_p2,2720,20.04329014,y_value_p1,2840,19.0826805
y_value_p2,2725,11.89330843,y_value_p1,2845,20.23280476
y_value_p2,2730,19.12033467,y_value_p1,2850,3.12390184
y_value_p2,2735,22.54876529,y_value_p1,2855,16.63233933
y_value_p2,2740,16.10643692,y_value_p1,2860,-0.047734422
y_value_p2,2745,22.60166329,y_value_p1,2865,18.68927916
y_value_p2,2750,11.03655954,y_value_p1,2870,1.967747418
y_value_p2,2755,15.24766803,y_value_p1,2875,19.15310341
y_value_p2,2760,12.58215,y_value_p1,2880,16.0883036
y_value_p2,2765,25.23135684,y_value_p1,2885,15.97380912
y_value_p2,2770,21.51739141,y_value_p1,2890,15.15230666
y_value_p2,2775,19.20768279,y_value_p1,2895,11.5081101
y_value_p2,2780,27.39479009,y_value_p1,2900,13.03527826
y_value_p2,2785,19.4517553,y_value_p1,2905,13.84612543
y_value_p2,2790,24.1406488,y_value_p1,2910,15.29144668
y_value_p2,2795,12.47111422,y_value_p1,2915,17.05706717
y_value_p2,2800,20.54766426,y_value_p1,2920,5.663050699
y_value_p2,2805,27.6259878,y_value_p1,2925,11.08549315
y_value_p2,2810,16.89322542,y_value_p1,2930,6.33936743
y_value_p2,2815,27.47526908,y_value_p1,2935,25.5427399
y_value_p2,2820,12.22104683,y_value_p1,2940,6.685902346
y_value_p2,2825,19.42933362,y_value_p1,2945,23.26527726
y_value_p2,2830,21.84808902,y_value_p1,2950,6.302490676
y_value_p2,2835,31.69828283,y_value_p1,2955,26.11067683
y_value_p2,2840,22.86918313,y_value_p1,2960,15.44817523
y_value_p2,2845,19.69834592,y_value_p1,2965,7.98380148
y_value_p2,2850,34.89880286,y_value_p1,2970,21.92238941
y_value_p2,2855,20.87572863,y_value_p1,2975,4.358820863
y_value_p2,2860,31.50362851,y_value_p1,2980,21.60482099
y_value_p2,2865,14.24970309,y_value_p1,2985,18.15685259
y_value_p2,2870,26.26876175,y_value_p1,2990,31.14468568
y_value_p2,2875,11.585177,y_value_p1,2995,19.12684349
y_value_p2,2880,22.41337459,y_value_p1,3000,20.32854394
y_value_p2,2885,16.29542642,y_value_p1,3005,15.13716165
y_value_p2,2890,23.41683804,y_value_p1,3010,29.71652536
y_value_p2,2895,21.70182307,y_value_p1,3015,11.24186002
y_value_p2,2900,25.57889629,y_value_p1,3020,23.97153998
y_value_p2,2905,22.55084273,y_value_p1,3025,11.93858291
y_value_p2,2910,17.05209152,y_value_p1,3030,20.67873203
y_value_p2,2915,15.6134808,y_value_p1,3035,19.69074938
y_value_p2,2920,30.72721061,y_value_p1,3040,19.92361441
y_value_p2,2925,32.82171149,y_value_p1,3045,24.48156593
y_value_p2,2930,25.9996096,y_value_p1,3050,20.403406
y_value_p2,2935,5.931166824,y_value_p1,3055,24.69245798
y_value_p2,2940,27.91945061,y_value_p1,3060,15.5653038
y_value_p2,2945,14.1389439,y_value_p1,3065,21.75069939
y_value_p2,2950,28.35770368,y_value_p1,3070,22.48741503
y_value_p2,2955,5.896565993,y_value_p1,3075,26.90993917
y_value_p2,2960,16.00371668,y_value_p1,3080,9.172843871
y_value_p2,2965,23.62174142,y_value_p1,3085,30.00324232
y_value_p2,2970,14.43922658,y_value_p1,3090,11.22131867
y_value_p2,2975,27.76390363,y_value_p1,3095,22.06853135
y_value_p2,2980,15.57386608,y_value_p1,3100,12.06240954
y_value_p2,2985,17.71800908,y_value_p1,3105,17.59766298
y_value_p2,2990,23.459465,y_value_p1,3110,17.18185359
y_value_p2,2995,31.12765818,y_value_p1,3115,18.12932409
y_value_p2,3000,15.7435128,y_value_p1,3120,27.22711625
y_value_p2,3005,26.9771035,y_value_p1,3125,19.26299521
y_value_p2,3010,6.313050699,y_value_p1,3130,14.66469704
y_value_p2,3015,30.06172915,y_value_p1,3135,17.53973049
y_value_p2,3020,12.19733265,y_value_p1,3140,23.70626586
y_value_p2,3025,23.97540148,y_value_p1,3145,8.616205947
y_value_p2,3030,17.33198764,y_value_p1,3150,23.30773022
y_value_p2,3035,20.36630268,y_value_p1,3155,17.14966032
y_value_p2,3040,23.55364472,y_value_p1,3160,13.40544728
y_value_p2,3045,14.42553496,y_value_p1,3165,19.04944028
y_value_p2,3050,18.52539553,y_value_p1,3170,22.08926361
y_value_p2,3055,11.66739104,y_value_p1,3175,18.66939371
y_value_p2,3060,26.26995019,y_value_p1,3180,29.44109433
y_value_p2,3065,11.51255784,y_value_p1,3185,14.51782578
y_value_p2,3070,20.59150131,y_value_p1,3190,30.96939205
y_value_p2,3075,9.154631516,y_value_p1,3195,25.54344224
y_value_p2,3080,29.48843723,y_value_p1,3200,26.27708898
y_value_p2,3085,6.533062101,y_value_p1,3205,24.15125621
y_value_p2,3090,27.81752765,y_value_p1,3210,23.4229787
y_value_p2,3095,14.77426053,y_value_p1,3215,14.86524648
y_value_p2,3100,31.23824987,y_value_p1,3220,14.54275327
y_value_p2,3105,21.68989607,y_value_p1,3225,10.11377319
y_value_p2,3110,20.13951803,y_value_p1,3230,21.01758686
y_value_p2,3115,22.53901527,y_value_p1,3235,12.90157918
y_value_p2,3120,15.60787616,y_value_p1,3240,15.52430903
y_value_p2,3125,18.36009904,y_value_p1,3245,7.501294459
y_value_p2,3130,28.18630167,y_value_p1,3250,24.75571053
y_value_p2,3135,22.68881461,y_value_p1,3255,19.52746432
y_value_p2,3140,12.68764668,y_value_p1,3260,20.37663635
y_value_p2,3145,34.00780628,y_value_p1,3265,10.59585518
y_value_p2,3150,20.66505737,y_value_p1,3270,28.13621498
y_value_p2,3155,16.68201213,y_value_p1,3275,11.87706221
y_value_p2,3160,22.16504583,y_value_p1,3280,24.37993654
y_value_p2,3165,22.68152331,y_value_p1,3285,14.46585158
y_value_p2,3170,17.34040862,y_value_p1,3290,23.06070853
y_value_p2,3175,23.66791889,y_value_p1,3295,9.144821868
y_value_p2,3180,10.55979999,y_value_p1,3300,23.81412234
y_value_p2,3185,27.09651311,y_value_p1,3305,9.107711622
y_value_p2,3190,6.869091246,y_value_p1,3310,19.19669899
y_value_p2,3195,16.50767004,y_value_p1,3315,11.33082519
y_value_p2,3200,11.0065302,y_value_p1,3320,14.49046296
y_value_p2,3205,23.08698538,y_value_p1,3325,15.92262202
y_value_p2,3210,24.25873122,y_value_p1,3330,15.3142619
y_value_p2,3215,26.38391633,y_value_p1,3335,14.18866991
y_value_p2,3220,26.64974454,y_value_p1,3340,16.10840272
y_value_p2,3225,24.50948482,y_value_p1,3345,10.29750799
y_value_p2,3230,10.58347276,y_value_p1,3350,26.96270378
y_value_p2,3235,19.4722418,y_value_p1,3355,14.41091306
y_value_p2,3240,14.95303014,y_value_p1,3360,26.77726515
y_value_p2,3245,17.46321043,y_value_p1,3365,6.828625613
y_value_p2,3250,13.08751786,y_value_p1,3370,13.60527006
y_value_p2,3255,17.47868053,y_value_p1,3375,12.07583423
y_value_p2,3260,18.66283504,y_value_p1,3380,30.13233336
y_value_p2,3265,24.43685128,y_value_p1,3385,9.978219994
y_value_p2,3270,11.31267019,y_value_p1,3390,12.44244055
y_value_p2,3275,19.67006217,y_value_p1,3395,8.904390736
y_value_p2,3280,15.48806319,y_value_p1,3400,6.63815087
y_value_p2,3285,20.83476318,y_value_p1,3405,15.90473073
y_value_p2,3290,13.32624517,y_value_p1,3410,11.92819573
y_value_p2,3295,30.97339614,y_value_p1,3415,28.78278013
y_value_p2,3300,14.54860922,y_value_p1,3420,7.581230606
y_value_p2,3305,37.01569744,y_value_p1,3425,16.57588023
y_value_p2,3310,19.85210262,y_value_p1,3430,5.432986317
y_value_p2,3315,28.67437215,y_value_p1,3435,29.34625843
y_value_p2,3320,22.72387063,y_value_p1,3440,10.71123703
y_value_p2,3325,24.06561144,y_value_p1,3445,17.24958877
y_value_p2,3330,14.0243211,y_value_p1,3450,18.74103776
y_value_p2,3335,21.2782059,y_value_p1,3455,16.47904629
y_value_p2,3340,16.48358222,y_value_p1,3460,21.74308038
y_value_p2,3345,27.10252833,y_value_p1,3465,16.85771403
y_value_p2,3350,4.989397332,y_value_p1,3470,15.87641033
y_value_p2,3355,23.49680785,y_value_p1,3475,8.803862237
y_value_p2,3360,14.06397022,y_value_p1,3480,19.26643765
y_value_p2,3365,35.25238188,y_value_p1,3485,8.147535755
y_value_p2,3370,19.56687564,y_value_p1,3490,17.43868784
y_value_p2,3375,26.07686019,y_value_p1,3495,13.1745161
y_value_p2,3380,14.82373523,y_value_p1,3500,22.1351072
y_value_p2,3385,29.24262062,y_value_p1,3505,16.02473569
y_value_p2,3390,18.1917197,y_value_p1,3510,8.262075309
y_value_p2,3395,23.59298413,y_value_p1,3515,13.44011177
y_value_p2,3400,21.92724076,y_value_p1,3520,18.61250886
y_value_p2,3405,22.06533404,y_value_p1,3525,27.88829261
y_value_p2,3410,26.12510976,y_value_p1,3530,10.77994128
y_value_p2,3415,13.02284181,y_value_p1,3535,20.97006673
y_value_p2,3420,30.46489618,y_value_p1,3540,15.89466276
y_value_p2,3425,22.91006599,y_value_p1,3545,13.05173402
y_value_p2,3430,27.38412456,y_value_p1,3550,11.86077392
y_value_p2,3435,8.211051119,y_value_p1,3555,19.10473179
y_value_p2,3440,19.6282915,y_value_p1,3560,30.42164193
y_value_p2,3445,26.79992335,y_value_p1,3565,15.4373167
y_value_p2,3450,19.64615921,y_value_p1,3570,9.069201824
y_value_p2,3455,18.93144985,y_value_p1,3575,19.7690713
y_value_p2,3460,16.12892889,y_value_p1,3580,14.93416545
y_value_p2,3465,11.74738312,y_value_p1,3585,16.98601947
y_value_p2,3470,21.48110565,y_value_p1,3590,13.82558907
y_value_p2,3475,23.61232792,y_value_p1,3595,18.67674646
y_value_p2,3480,9.13777076,y_value_p1,3600,9.66305357
y_value_p2,3485,28.05415135,y_value_p1,3605,17.94988617
y_value_p2,3490,16.48638376,y_value_p1,3610,15.56927872
y_value_p2,3495,18.08114046,y_value_p1,3615,14.00680108
y_value_p2,3500,11.96580465,y_value_p1,3620,26.2173632
y_value_p2,3505,20.55993353,y_value_p1,3625,7.611595002
y_value_p2,3510,21.07474924,y_value_p1,3630,23.29266298
y_value_p2,3515,11.61117314,y_value_p1,3635,18.00530464
y_value_p2,3520,8.653344505,y_value_p1,3640,19.09258412
y_value_p2,3525,4.277001037,y_value_p1,3645,9.026056111
y_value_p2,3530,18.07288439,y_value_p1,3650,18.99813842
y_value_p2,3535,11.52442991,y_value_p1,3655,3.337469627
y_value_p2,3540,12.20442884,y_value_p1,3660,19.42200512
y_value_p2,3545,12.06554722,y_value_p1,3665,19.90220275
y_value_p2,3550,19.74002629,y_value_p1,3670,5.784156946
y_value_p2,3555,5.943501885,y_value_p1,3675,27.81746383
y_value_p2,3560,18.24917542,y_value_p1,3680,7.751533805
y_value_p2,3565,31.67569845,y_value_p1,3685,20.25352841
y_value_p2,3570,27.84940287,y_value_p1,3690,8.294932175
y_value_p2,3575,18.73884908,y_value_p1,3695,26.58000681
y_value_p2,3580,22.64820493,y_value_p1,3700,16.92587536
y_value_p2,3585,17.38608575,y_value_p1,3705,9.447011393
y_value_p2,3590,23.57245979,y_value_p1,3710,12.11622899
y_value_p2,3595,19.18338574,y_value_p1,3715,10.71036259
y_value_p2,3600,20.30797994,y_value_p1,3720,10.91522477
y_value_p2,3605,18.53461606,y_value_p1,3725,8.059573769
y_value_p2,3610,24.42754227,y_value_p1,3730,9.139399949
y_value_p2,3615,21.93838574,y_value_p1,3735,23.35659591
y_value_p2,3620,14.90445815,y_value_p1,3740,11.10715166
y_value_p2,3625,28.54632033,y_value_p1,3745,18.59638715
y_value_p2,3630,13.60793486,y_value_p1,3750,16.97025826
y_value_p2,3635,17.83026439,y_value_p1,3755,30.62748657
y_value_p2,3640,17.39508836,y_value_p1,3760,10.0751152
y_value_p2,3645,30.05805677,y_value_p1,3765,12.18934053
y_value_p2,3650,22.28064373,y_value_p1,3770,22.39051043
y_value_p2,3655,33.1779611,y_value_p1,3775,12.95037454
y_value_p2,3660,17.96809378,y_value_p1,3780,11.64630842
y_value_p2,3665,18.98025674,y_value_p1,3785,10.39624005
y_value_p2,3670,23.43270278,y_value_p1,3790,19.05463817
y_value_p2,3675,12.70977964,y_value_p1,3795,12.48326491
y_value_p2,3680,32.1297535,y_value_p1,3800,18.9530785
y_value_p2,3685,12.88063157,y_value_p1,3805,15.33586971
y_value_p2,3690,23.58345105,y_value_p1,3810,13.80936933
y_value_p2,3695,7.535565238,y_value_p1,3815,11.28555464
y_value_p2,3700,18.34111926,y_value_p1,3820,18.61174993
y_value_p2,3705,20.00929952,y_value_p1,3825,13.10755545
y_value_p2,3710,20.62000451,y_value_p1,3830,22.82654244
y_value_p2,3715,28.91957206,y_value_p1,3835,22.19972628
y_value_p2,3720,20.53024725,y_value_p1,3840,25.59494715
y_value_p2,3725,19.97724176,y_value_p1,3845,13.32471357
y_value_p2,3730,23.23786919,y_value_p1,3850,12.49368605
y_value_p2,3735,12.16349047,y_value_p1,3855,19.2423576
y_value_p2,3740,20.14670186,y_value_p1,3860,18.04019894
y_value_p2,3745,11.77471545,y_value_p1,3865,22.43452612
y_value_p2,3750,20.91702471,y_value_p1,3870,21.38353051
y_value_p2,3755,10.51618363,y_value_p1,3875,8.469158466
y_value_p2,3760,28.10225793,y_value_p1,3880,18.87555822
y_value_p2,3765,20.84582873,y_value_p1,3885,14.50876422
y_value_p2,3770,15.16069649,y_value_p1,3890,10.49702052
y_value_p2,3775,21.65401475,y_value_p1,3895,20.63380488
y_value_p2,3780,26.01983609,y_value_p1,3900,11.67218762
y_value_p2,3785,19.45240186,y_value_p1,3905,22.74492388
y_value_p2,3790,18.57962011,y_value_p1,3910,17.81305668
y_value_p2,3795,19.74460385,y_value_p1,3915,13.08288727
y_value_p2,3800,17.92430686,y_value_p1,3920,6.022459081
y_value_p2,3805,20.75091956,y_value_p1,3925,26.01273884
y_value_p2,3810,23.11098352,y_value_p1,3930,15.70104037
y_value_p2,3815,18.06076457,y_value_p1,3935,5.576874295
y_value_p2,3820,16.90165544,y_value_p1,3940,22.46005442
y_value_p2,3825,27.88030819,y_value_p1,3945,9.781387027
y_value_p2,3830,14.80836582,y_value_p1,3950,16.55780039
y_value_p2,3835,11.32821228,y_value_p1,3955,11.21749843
y_value_p2,3840,16.37965808,y_value_p1,3960,7.239864896
y_value_p2,3845,28.28190764,y_value_p1,3965,17.22094948
y_value_p2,3850,15.76731009,y_value_p1,3970,21.64970035
y_value_p2,3855,14.45810369,y_value_p1,3975,15.06498522
y_value_p2,3860,14.95959114,y_value_p1,3980,9.598377208
y_value_p2,3865,12.29349015,y_value_p1,3985,11.16891951
y_value_p2,3870,10.20408039,y_value_p1,3990,25.20392179
y_value_p2,3875,28.02151784,y_value_p1,3995,1.645287801
y_value_p2,3880,9.147709392,y_value_p1,4000,22.97703217
y_value_p2,3885,20.4467915,y_value_p1,4005,7.013593028
y_value_p2,3890,27.25366859,y_value_p1,4010,26.90180804
y_value_p2,3895,4.765682101,y_value_p1,4015,17.13041762
y_value_p2,3900,18.27323594,y_value_p1,4020,18.26639391
y_value_p2,3905,13.5984441,y_value_p1,4025,20.21588062
y_value_p2,3910,13.71015202,y_value_p1,4030,28.60156316
y_value_p2,3915,17.73807251,y_value_p1,4035,13.88170379
y_value_p2,3920,21.58270316,y_value_p1,4040,14.49970165
y_value_p2,3925,7.911083222,y_value_p1,4045,20.96359698
y_value_p2,3930,11.38681663,y_value_p1,4050,5.189220093
y_value_p2,3935,21.06060392,y_value_p1,4055,13.43889251
y_value_p2,3940,13.776689,y_value_p1,4060,11.94096716
y_value_p2,3945,22.92315684,y_value_p1,4065,19.71060209
y_value_p2,3950,13.40662435,y_value_p1,4070,11.98824588
y_value_p2,3955,16.49010755,y_value_p1,4075,10.88061207
y_value_p2,3960,20.44980093,y_value_p1,4080,11.62996563
y_value_p2,3965,14.77921328,y_value_p1,4085,18.89206922
y_value_p2,3970,12.39230272,y_value_p1,4090,12.73986582
y_value_p2,3975,10.78913698,y_value_p1,4095,16.96763445
y_value_p2,3980,14.55614229,y_value_p1,4100,23.04701982
y_value_p2,3985,11.59051646,y_value_p1,4105,22.62558806
y_value_p2,3990,6.479469521,y_value_p1,4110,13.81755947
y_value_p2,3995,27.29834017,y_value_p1,4115,14.64427504
y_value_p2,4000,8.140023343,y_value_p1,4120,18.72008696
y_value_p2,4005,24.50058624,y_value_p1,4125,10.47060084
y_value_p2,4010,3.46656695,y_value_p1,4130,19.45724288
y_value_p2,4015,15.74631342,y_value_p1,4135,15.07772536
y_value_p2,4020,17.14783262,y_value_p1,4140,27.27607096
y_value_p2,4025,27.65203976,y_value_p1,4145,18.47275697
y_value_p2,4030,17.66001177,y_value_p1,4150,14.12926403
y_value_p2,4035,19.5108181,y_value_p1,4155,31.84888955
y_value_p2,4040,23.94804751,y_value_p1,4160,17.2801335
y_value_p2,4045,16.33892238,y_value_p1,4165,12.65295718
y_value_p2,4050,25.10567875,y_value_p1,4170,22.8730153
y_value_p2,4055,19.83403393,y_value_p1,4175,15.26801703
y_value_p2,4060,21.42660654,y_value_p1,4180,15.45943663
y_value_p2,4065,12.64908417,y_value_p1,4185,11.30010339
y_value_p2,4070,20.89776487,y_value_p1,4190,21.63526583
y_value_p2,4075,25.14413622,y_value_p1,4195,10.51208758
y_value_p2,4080,26.90750842,y_value_p1,4200,22.99048845
y_value_p2,4085,18.92974567,y_value_p1,4205,18.00712227
y_value_p2,4090,20.36283832,y_value_p1,4210,19.2107095
y_value_p2,4095,17.2710515,y_value_p1,4215,18.16873792
y_value_p2,4100,15.41495994,y_value_p1,4220,27.09640265
y_value_p2,4105,14.83377806,y_value_p1,4225,16.77443669
y_value_p2,4110,21.12308179,y_value_p1,4230,16.784524
y_value_p2,4115,19.7042667,y_value_p1,4235,17.89089091
y_value_p2,4120,17.59413382,y_value_p1,4240,21.3989391
y_value_p2,4125,23.09299808,y_value_p1,4245,27.80021371
y_value_p2,4130,15.25242739,y_value_p1,4250,15.65032398
y_value_p2,4135,16.07447665,y_value_p1,4255,24.82994449
y_value_p2,4140,11.73285141,y_value_p1,4260,12.91037424
y_value_p2,4145,19.87348878,y_value_p1,4265,21.19876819
y_value_p2,4150,21.8503567,y_value_p1,4270,19.12164186
y_value_p2,4155,9.429209419,y_value_p1,4275,26.25395612
y_value_p2,4160,14.82627865,y_value_p1,4280,14.42064674
y_value_p2,4165,18.40435783,y_value_p1,4285,32.61269009
y_value_p2,4170,12.20921946,y_value_p1,4290,17.96696243
y_value_p2,4175,20.13844289,y_value_p1,4295,16.03053647
y_value_p2,4180,17.854507,y_value_p1,4300,18.62290077
y_value_p2,4185,17.95741511,y_value_p1,4305,19.84373282
y_value_p2,4190,11.73627678,y_value_p1,4310,11.00160396
y_value_p2,4195,24.43896754,y_value_p1,4315,20.46669051
y_value_p2,4200,12.65012583,y_value_p1,4320,10.0433638
y_value_p2,4205,26.0830141,y_value_p1,4325,23.52594898
y_value_p2,4210,29.55556239,y_value_p1,4330,16.22668866
y_value_p2,4215,30.46806428,y_value_p1,4335,20.99381912
y_value_p2,4220,15.04121773,y_value_p1,4340,13.7234449
y_value_p2,4225,31.14039023,y_value_p1,4345,10.33933642
y_value_p2,4230,20.17022552,y_value_p1,4350,28.40310975
y_value_p2,4235,13.88012124,y_value_p1,4355,9.325539297
y_value_p2,4240,14.41218128,y_value_p1,4360,25.20380909
y_value_p2,4245,13.25805298,y_value_p1,4365,15.28007829
y_value_p2,4250,26.57093681,y_value_p1,4370,19.76916108
y_value_p2,4255,9.153232021,y_value_p1,4375,16.82666042
y_value_p2,4260,26.68432486,y_value_p1,4380,15.92050146
y_value_p2,4265,10.23806614,y_value_p1,4385,13.13048733
y_value_p2,4270,19.18589471,y_value_p1,4390,14.24516887
y_value_p2,4275,9.182073667,y_value_p1,4395,15.39492903
y_value_p2,4280,20.14682587,y_value_p1,4400,19.55417635
y_value_p2,4285,7.164161043,y_value_p1,4405,6.423182209
y_value_p2,4290,24.57319724,y_value_p1,4410,15.67096052
y_value_p2,4295,10.78795029,y_value_p1,4415,15.51679787
y_value_p2,4300,15.88719343,y_value_p1,4420,13.77264557
y_value_p2,4305,9.988724756,y_value_p1,4425,17.88144233
y_value_p2,4310,30.87064704,y_value_p1,4430,18.34450501
y_value_p2,4315,18.30015859,y_value_p1,4435,13.43962102
y_value_p2,4320,23.35341239,y_value_p1,4440,15.64454123
y_value_p2,4325,12.0029693,y_value_p1,4445,13.21713317
y_value_p2,4330,21.32936539,y_value_p1,4450,14.64720528
y_value_p2,4335,9.603043009,y_value_p1,4455,21.70588467
y_value_p2,4340,26.04890392,y_value_p1,4460,15.05297441
y_value_p2,4345,22.62913035,y_value_p1,4465,14.28752111
y_value_p2,4350,11.66453729,y_value_p1,4470,23.37566008
y_value_p2,4355,28.03007693,y_value_p1,4475,21.58875784
y_value_p2,4360,9.765169184,y_value_p1,4480,16.72585833
y_value_p2,4365,15.19678593,y_value_p1,4485,11.46467474
y_value_p2,4370,16.68172726,y_value_p1,4490,17.38005805
y_value_p2,4375,22.06409936,y_value_p1,4495,20.94153812
y_value_p2,4380,12.72376222,y_value_p1,4500,6.126036503
y_value_p2,4385,19.4100683,y_value_p1,4505,26.04200036
y_value_p2,4390,19.48098124,y_value_p1,4510,4.616841798
y_value_p2,4395,27.62782305,y_value_p1,4515,30.25713863
y_value_p2,4400,18.26151188,y_value_p1,4520,18.00780263
y_value_p2,4405,27.63943966,y_value_p1,4525,18.86512529
y_value_p2,4410,21.91674646,y_value_p1,4530,12.50932062
y_value_p2,4415,22.37720042,y_value_p1,4535,21.21218173
y_value_p2,4420,27.26588475,y_value_p1,4540,15.70429335
y_value_p2,4425,14.09278279,y_value_p1,4545,22.142484
y_value_p2,4430,22.56989108,y_value_p1,4550,5.089165646
y_value_p2,4435,31.34046841,y_value_p1,4555,12.02027858
y_value_p2,4440,21.29419927,y_value_p1,4560,23.14803843
y_value_p2,4445,18.93550326,y_value_p1,4565,9.155373522
y_value_p2,4450,24.42348292,y_value_p1,4570,8.169386822
y_value_p2,4455,13.787464,y_value_p1,4575,3.93767335
y_value_p2,4460,25.00906646,y_value_p1,4580,13.11249763
y_value_p2,4465,20.14876988,y_value_p1,4585,6.260497307
y_value_p2,4470,12.8960315,y_value_p1,4590,9.465576183
y_value_p2,4475,19.82868498,y_value_p1,4595,19.94034758
y_value_p2,4480,7.069592314,y_value_p1,4600,22.17596964
y_value_p2,4485,24.97536488,y_value_p1,4605,3.312349606
y_value_p2,4490,22.38805389,y_value_p1,4610,21.96563183
y_value_p2,4495,14.97178681,y_value_p1,4615,25.97266384
y_value_p2,4500,28.61987645,y_value_p1,4620,12.97436275
y_value_p2,4505,12.90073603,y_value_p1,4625,13.81983443
y_value_p2,4510,35.18491934,y_value_p1,4630,2.837843879
y_value_p2,4515,15.94057115,y_value_p1,4635,18.12079075
y_value_p2,4520,18.66699048,y_value_p1,4640,5.915320973
y_value_p2,4525,16.06645267,y_value_p1,4645,10.23119331
y_value_p2,4530,17.8389214,y_value_p1,4650,12.61537996
y_value_p2,4535,19.63168494,y_value_p1,4655,20.58393532
y_value_p2,4540,20.23818345,y_value_p1,4660,3.81092099
y_value_p2,4545,11.4715402,y_value_p1,4665,27.0483727
y_value_p2,4550,25.21451643,y_value_p1,4670,17.88627619
y_value_p2,4555,19.66618573,y_value_p1,4675,27.38813012
y_value_p2,4560,6.52198649,y_value_p1,4680,1.662437656
y_value_p2,4565,24.14227893,y_value_p1,4685,15.29829686
y_value_p2,4570,22.56661565,y_value_p1,4690,14.46387775
y_value_p2,4575,13.67623125,y_value_p1,4695,19.89524758
y_value_p2,4580,21.08971762,y_value_p1,4700,3.575732408
y_value_p2,4585,24.21106139,y_value_p1,4705,13.55504505
y_value_p2,4590,21.92802493,y_value_p1,4710,13.37789075
y_value_p2,4595,11.47902462,y_value_p1,4715,13.55702667
y_value_p2,4600,12.96022886,y_value_p1,4720,17.6567938
y_value_p2,4605,26.74795642,y_value_p1,4725,22.54375999
y_value_p2,4610,11.53947353,y_value_p1,4730,20.06552796
y_value_p2,4615,9.314653991,y_value_p1,4735,14.43662561
y_value_p2,4620,15.996943,y_value_p1,4740,29.88018262
y_value_p2,4625,15.59502923,y_value_p1,4745,22.85078664
y_value_p2,4630,18.78038128,y_value_p1,4750,10.19486605
y_value_p2,4635,17.1428219,y_value_p1,4755,18.52491526
y_value_p2,4640,21.97432679,y_value_p1,4760,19.88441756
y_value_p2,4645,10.84571673,y_value_p1,4765,22.77830093
y_value_p2,4650,19.66123912,y_value_p1,4770,9.722474764
y_value_p2,4655,3.938591746,y_value_p1,4775,14.98097003
y_value_p2,4660,20.6634988,y_value_p1,4780,18.8415016
y_value_p2,4665,5.753589374,y_value_p1,4785,17.14786106
y_value_p2,4670,12.92760748,y_value_p1,4790,16.67526795
y_value_p2,4675,5.704782924,y_value_p1,4795,16.35794593
y_value_p2,4680,29.6614743,y_value_p1,4800,14.77100356
y_value_p2,4685,9.945740709,y_value_p1,4805,18.50548992
y_value_p2,4690,12.73409755,y_value_p1,4810,12.19460967
y_value_p2,4695,15.42707376,y_value_p1,4815,25.07867351
y_value_p2,4700,25.41738646,y_value_p1,4820,16.55910513
y_value_p2,4705,25.16858623,y_value_p1,4825,5.158524671
y_value_p2,4710,21.22319152,y_value_p1,4830,18.16909248
y_value_p2,4715,12.26990291,y_value_p1,4835,18.04863635
y_value_p2,4720,10.67237072,y_value_p1,4840,21.57636416
y_value_p2,4725,20.60811797,y_value_p1,4845,12.91107455
y_value_p2,4730,29.39779023,y_value_p1,4850,19.34480948
y_value_p2,4735,32.91167439,y_value_p1,4855,13.46884866
y_value_p2,4740,11.44265638,y_value_p1,4860,20.27079841
y_value_p2,4745,17.0169297,y_value_p1,4865,22.87470183
y_value_p2,4750,29.13018143,y_value_p1,4870,19.61684311
y_value_p2,4755,17.80037178,y_value_p1,4875,17.30067452
y_value_p2,4760,20.5190188,y_value_p1,4880,20.89667058
y_value_p2,4765,20.73383301,y_value_p1,4885,9.799804426
y_value_p2,4770,32.18258162,y_value_p1,4890,17.67647331
y_value_p2,4775,20.35961709,y_value_p1,4895,27.06848718
y_value_p2,4780,24.47336677,y_value_p1,4900,11.74669579
y_value_p2,4785,22.80155278,y_value_p1,4905,34.33546169
y_value_p2,4790,19.37913002,y_value_p1,4910,24.01544649
y_value_p2,4795,20.8720792,y_value_p1,4915,12.55460729
y_value_p2,4800,20.19991834,y_value_p1,4920,9.6285057
y_value_p2,4805,17.43547058,y_value_p1,4925,15.23448429
y_value_p2,4810,26.34907806,y_value_p1,4930,10.59957985
y_value_p2,4815,17.04777221,y_value_p1,4935,9.48646267
y_value_p2,4820,17.17008274,y_value_p1,4940,15.83459294
y_value_p2,4825,33.36483618,y_value_p1,4945,16.23839876
y_value_p2,4830,16.31057579,y_value_p1,4950,7.755535956
y_value_p2,4835,24.40578383,y_value_p1,4955,25.09689246
y_value_p2,4840,19.60228393,y_value_p1,4960,6.805986043
y_value_p2,4845,20.21124874,y_value_p1,4965,24.72545204
y_value_p2,4850,10.15375284,y_value_p1,4970,4.803995616
y_value_p2,4855,21.80069712,y_value_p1,4975,18.11915687
y_value_p2,4860,11.1422763,y_value_p1,4980,12.45247586
y_value_p2,4865,12.44757671,y_value_p1,4985,23.27192162
y_value_p2,4870,16.4957983,y_value_p1,4990,18.36777822
y_value_p2,4875,22.99323648,y_value_p1,4995,5.181372774
y_value_p2,4880,11.46271859,y_value_p1,5000,18.22479859
y_value_p2,4885,24.24606897,y_value_p1,5005,13.8189283
y_value_p2,4890,25.07935781,y_value_p1,5010,22.45909169
y_value_p2,4895,14.14284914,y_value_p1,5015,14.74117353
y_value_p2,4900,37.39372709,y_value_p1,5020,23.20845716
y_value_p2,4905,9.669531412,y_value_p1,5025,10.85042238
y_value_p2,4910,16.65582541,y_value_p1,5030,21.0818183
y_value_p2,4915,18.69988712,y_value_p1,5035,3.84939782
y_value_p2,4920,22.80234666,y_value_p1,5040,17.25559303
y_value_p2,4925,13.10160534,y_value_p1,5045,18.36393701
y_value_p2,4930,19.37089616,y_value_p1,5050,20.59007701
y_value_p2,4935,23.86637503,y_value_p1,5055,11.63030581
y_value_p2,4940,15.89566557,y_value_p1,5060,7.530921718
y_value_p2,4945,15.96337741,y_value_p1,5065,22.12195003
y_value_p2,4950,24.54794863,y_value_p1,5070,15.54380686
y_value_p2,4955,6.631332251,y_value_p1,5075,12.51843338
y_value_p2,4960,29.08203785,y_value_p1,5080,5.825159717
y_value_p2,4965,6.960044183,y_value_p1,5085,28.3821537
y_value_p2,4970,32.25464441,y_value_p1,5090,17.67330075
y_value_p2,4975,15.67402774,y_value_p1,5095,16.00318132
y_value_p2,4980,20.30546653,y_value_p1,5100,22.01215796
y_value_p2,4985,13.39555414,y_value_p1,5105,11.83285242
y_value_p2,4990,19.96886918,y_value_p1,5110,17.51366413
y_value_p2,4995,32.51162877,y_value_p1,5115,19.37030829
y_value_p2,5000,15.68117264,y_value_p1,5120,13.32420031
y_value_p2,5005,20.81140709,y_value_p1,5125,19.80503433
y_value_p2,5010,13.36048782,y_value_p1,5130,13.54893035
y_value_p2,5015,20.80669907,y_value_p1,5135,14.94689878
y_value_p2,5020,6.529735913,y_value_p1,5140,12.74948611
y_value_p2,5025,24.20078673,y_value_p1,5145,24.89828959
y_value_p2,5030,10.39332141,y_value_p1,5150,9.050420459
y_value_p2,5035,30.45585298,y_value_p1,5155,11.79868506
y_value_p2,5040,13.48442034,y_value_p1,5160,23.01027027
y_value_p2,5045,16.7157276,y_value_p1,5165,12.97456116
y_value_p2,5050,5.323047006,y_value_p1,5170,24.42521257
y_value_p2,5055,19.41916168,y_value_p1,5175,15.74379345
y_value_p2,5060,25.11604765,y_value_p1,5180,14.18828167
y_value_p2,5065,5.775537772,y_value_p1,5185,25.02067343
y_value_p2,5070,16.79488272,y_value_p1,5190,11.15914083
y_value_p2,5075,12.01554228,y_value_p1,5195,18.85761928
y_value_p2,5080,27.88945186,y_value_p1,5200,23.36671977
y_value_p2,5085,6.61604077,y_value_p1,5205,14.26928395
y_value_p2,5090,15.91864735,y_value_p1,5210,19.2881505
y_value_p2,5095,16.49821992,y_value_p1,5215,21.34811791
y_value_p2,5100,12.93464299,y_value_p1,5220,21.24026157
y_value_p2,5105,17.85083792,y_value_p1,5225,17.10075401
y_value_p2,5110,16.91260151,y_value_p1,5230,12.24526363
y_value_p2,5115,11.72944585,y_value_p1,5235,7.169824148
y_value_p2,5120,17.49148518,y_value_p1,5240,15.42167343
y_value_p2,5125,15.15297578,y_value_p1,5245,10.92604048
y_value_p2,5130,11.57158766,y_value_p1,5250,14.2601169
y_value_p2,5135,14.16954991,y_value_p1,5255,11.93864976
y_value_p2,5140,18.36285443,y_value_p1,5260,12.55698268
y_value_p2,5145,2.969094985,y_value_p1,5265,30.11391233
y_value_p2,5150,25.48987712,y_value_p1,5270,13.40851905
y_value_p2,5155,34.17667941,y_value_p1,5275,27.95593306
y_value_p2,5160,19.47001761,y_value_p1,5280,14.7124609
y_value_p2,5165,35.47096149,y_value_p1,5285,29.08222941
y_value_p2,5170,13.91077953,y_value_p1,5290,19.07113875
y_value_p2,5175,21.54270471,y_value_p1,5295,18.44059076
y_value_p2,5180,28.80067404,y_value_p1,5300,10.65748157
y_value_p2,5185,13.6071982,y_value_p1,5305,16.08104493
y_value_p2,5190,33.37954754,y_value_p1,5310,13.99492572
y_value_p2,5195,26.20741358,y_value_p1,5315,14.98431307
y_value_p2,5200,20.98297383,y_value_p1,5320,12.44859041
y_value_p2,5205,27.65854182,y_value_p1,5325,17.0870697
y_value_p2,5210,17.02162164,y_value_p1,5330,24.7320764
y_value_p2,5215,14.87243081,y_value_p1,5335,11.28779152
y_value_p2,5220,11.62637283,y_value_p1,5340,12.1321759
y_value_p2,5225,22.45268352,y_value_p1,5345,22.30071158
y_value_p2,5230,25.45976857,y_value_p1,5350,12.63334191
y_value_p2,5235,21.66717544,y_value_p1,5355,29.89691684
y_value_p2,5240,21.25149864,y_value_p1,5360,14.66607444
y_value_p2,5245,25.4899267,y_value_p1,5365,10.36241184
y_value_p2,5250,14.61158441,y_value_p1,5370,15.88634745
y_value_p2,5255,11.18293738,y_value_p1,5375,15.26406205
y_value_p2,5260,21.25443559,y_value_p1,5380,22.0358822
y_value_p2,5265,8.257669318,y_value_p1,5385,20.10033789
y_value_p2,5270,22.73123785,y_value_p1,5390,11.67476203
y_value_p2,5275,6.059533183,y_value_p1,5395,21.10940913
y_value_p2,5280,19.35867564,y_value_p1,5400,6.51798477
y_value_p2,5285,6.965432826,y_value_p1,5405,19.39267527
y_value_p2,5290,17.05126544,y_value_p1,5410,15.6411342
y_value_p2,5295,21.30091525,y_value_p1,5415,11.72595456
y_value_p2,5300,16.94711412,y_value_p1,5420,12.57446295
y_value_p2,5305,14.06114779,y_value_p1,5425,24.30261656
y_value_p2,5310,20.29152109,y_value_p1,5430,10.33432891
y_value_p2,5315,13.99251823,y_value_p1,5435,17.22934644
y_value_p2,5320,18.87721523,y_value_p1,5440,21.30003028
y_value_p2,5325,18.54584358,y_value_p1,5445,23.85396489
y_value_p2,5330,10.97036932,y_value_p1,5450,11.59380366
y_value_p2,5335,19.8681478,y_value_p1,5455,13.3099064
y_value_p2,5340,26.71023319,y_value_p1,5460,13.45575469
y_value_p2,5345,16.48381872,y_value_p1,5465,
y_value_p2,5350,18.20210498,y_value_p1,5470,15.74737399
y_value_p2,5355,11.77347172,y_value_p1,5475,17.24074919
y_value_p2,5360,18.69855001,y_value_p1,5480,14.93465338
y_value_p2,5365,23.39838345,y_value_p1,5485,20.04424906
y_value_p2,5370,23.27990162,y_value_p1,5490,5.48882075
y_value_p2,5375,21.72927015,y_value_p1,5495,16.456248
y_value_p2,5380,11.89228067,y_value_p1,5500,17.10166322
y_value_p2,5385,19.29650824,y_value_p1,5505,13.16805344
y_value_p2,5390,17.18056895,y_value_p1,5510,28.99811043
y_value_p2,5395,11.85563607,y_value_p1,5515,15.84112151
y_value_p2,5400,27.03591,y_value_p1,5520,13.57439933
y_value_p2,5405,18.02762726,y_value_p1,5525,16.13024247
y_value_p2,5410,21.62460941,y_value_p1,5530,24.720951
y_value_p2,5415,28.00256185,y_value_p1,5535,2.60117994
y_value_p2,5420,20.00684285,y_value_p1,5540,28.04137857
y_value_p2,5425,15.27566605,y_value_p1,5545,5.736554729
y_value_p2,5430,25.60931346,y_value_p1,5550,11.49530944
y_value_p2,5435,20.99705903,y_value_p1,5555,20.95695569
y_value_p2,5440,12.53720424,y_value_p1,5560,19.82279511
y_value_p2,5445,15.24130711,y_value_p1,5565,15.60507937
y_value_p2,5450,30.32462353,y_value_p1,5570,15.4275143
y_value_p2,5455,20.51026797,y_value_p1,5575,14.38777027
y_value_p2,5460,17.74718764,y_value_p1,5580,16.14079713
y_value_p2,5465,,y_value_p1,5585,21.25306326
y_value_p2,5470,22.57591314,y_value_p1,5590,22.64847513
y_value_p2,5475,17.9347547,y_value_p1,5595,12.02015439
y_value_p2,5480,14.05098114,y_value_p1,5600,25.38543096
y_value_p2,5485,11.90267947,y_value_p1,5605,7.92470949
y_value_p2,5490,19.98411088,y_value_p1,5610,16.47452345
y_value_p2,5495,20.96965131,y_value_p1,5615,19.69839342
y_value_p2,5500,11.6374191,y_value_p1,5620,12.46821763
y_value_p2,5505,20.04749241,y_value_p1,5625,20.73210809
y_value_p2,5510,6.465885184,y_value_p1,5630,7.156025988
y_value_p2,5515,14.22641928,y_value_p1,5635,31.99866496
y_value_p2,5520,15.58182702,y_value_p1,5640,17.55404609
y_value_p2,5525,24.02062142,y_value_p1,5645,30.75009471
y_value_p2,5530,16.19682737,y_value_p1,5650,20.34743188
y_value_p2,5535,30.14922551,y_value_p1,5655,26.25915073
y_value_p2,5540,13.05388256,y_value_p1,5660,23.80359999
y_value_p2,5545,27.42024873,y_value_p1,5665,13.20919065
y_value_p2,5550,18.6044165,y_value_p1,5670,13.33650149
y_value_p2,5555,27.71386166,y_value_p1,5675,21.77142201
y_value_p2,5560,17.87386391,y_value_p1,5680,14.47834609
y_value_p2,5565,14.76497055,y_value_p1,5685,22.10109268
y_value_p2,5570,24.92979456,y_value_p1,5690,20.42312955
y_value_p2,5575,25.21930375,y_value_p1,5695,11.71864102
y_value_p2,5580,17.6532517,y_value_p1,5700,18.73125111
y_value_p2,5585,19.42192141,y_value_p1,5705,24.75737544
y_value_p2,5590,13.29665583,y_value_p1,5710,23.47169312
y_value_p2,5595,27.31485691,y_value_p1,5715,15.45985552
y_value_p2,5600,6.862545977,y_value_p1,5720,8.707547799
y_value_p2,5605,33.6590636,y_value_p1,5725,22.58508039
y_value_p2,5610,14.61696181,y_value_p1,5730,4.394779536
y_value_p2,5615,19.03988092,y_value_p1,5735,19.71531744
y_value_p2,5620,21.41860705,y_value_p1,5740,11.17575841
y_value_p2,5625,12.08384735,y_value_p1,5745,19.01706113
y_value_p2,5630,27.67887231,y_value_p1,5750,18.07647076
y_value_p2,5635,8.400703117,y_value_p1,5755,18.98281432
y_value_p2,5640,20.69657925,y_value_p1,5760,12.12940049
y_value_p2,5645,7.117421947,y_value_p1,5765,6.87782709
y_value_p2,5650,16.39490958,y_value_p1,5770,14.78163378
y_value_p2,5655,3.295423082,y_value_p1,5775,12.47246566
y_value_p2,5660,5.490473157,y_value_p1,5780,4.174765802
y_value_p2,5665,20.27632628,y_value_p1,5785,24.93224129
y_value_p2,5670,17.81584483,y_value_p1,5790,13.31950282
y_value_p2,5675,13.73774363,y_value_p1,5795,13.46349445
y_value_p2,5680,21.06261421,y_value_p1,5800,22.14788062
y_value_p2,5685,11.74618514,y_value_p1,5805,4.873023943
y_value_p2,5690,18.71098245,y_value_p1,5810,25.38089093
y_value_p2,5695,17.77132192,y_value_p1,5815,10.9918366
y_value_p2,5700,24.93123291,y_value_p1,5820,22.61817103
y_value_p2,5705,18.37509039,y_value_p1,5825,11.4449785
y_value_p2,5710,17.72824544,y_value_p1,5830,15.06677477
y_value_p2,5715,19.21370288,y_value_p1,5835,17.83906014
y_value_p2,5720,28.4474279,y_value_p1,5840,14.04193976
y_value_p2,5725,3.862126138,y_value_p1,5845,8.193997659
y_value_p2,5730,20.19970358,y_value_p1,5850,17.55454749
y_value_p2,5735,19.83710372,y_value_p1,5855,11.62081145
y_value_p2,5740,25.01500018,y_value_p1,5860,30.11410207
y_value_p2,5745,17.3649596,y_value_p1,5865,7.624810904
y_value_p2,5750,17.5313326,y_value_p1,5870,24.46754767
y_value_p2,5755,9.938593475,y_value_p1,5875,22.72003515
y_value_p2,5760,19.14519884,y_value_p1,5880,22.75760452
y_value_p2,5765,19.59210463,y_value_p1,5885,13.87184828
y_value_p2,5770,15.78693052,y_value_p1,5890,18.40658251
y_value_p2,5775,18.50704276,y_value_p1,5895,25.3663409
y_value_p2,5780,22.23345439,y_value_p1,5900,24.65887153
y_value_p2,5785,11.27386143,y_value_p1,5905,20.50302613
y_value_p2,5790,19.55512605,y_value_p1,5910,19.04543178
y_value_p2,5795,18.66134195,y_value_p1,5915,16.345875
y_value_p2,5800,18.50742955,y_value_p1,5920,10.65449192
y_value_p2,5805,21.91178348,y_value_p1,5925,18.26940756
y_value_p2,5810,9.774777564,y_value_p1,5930,12.14288778
y_value_p2,5815,25.62439389,y_value_p1,5935,23.46424221
y_value_p2,5820,13.26215924,y_value_p1,5940,19.73069641
y_value_p2,5825,18.12444572,y_value_p1,5945,18.63995756
y_value_p2,5830,13.89201036,y_value_p1,5950,25.03298923
y_value_p2,5835,18.27837143,y_value_p1,5955,12.10518126
y_value_p2,5840,19.3756373,y_value_p1,5960,18.89276339
y_value_p2,5845,24.10539162,y_value_p1,5965,17.54461209
y_value_p2,5850,16.72038001,y_value_p1,5970,22.81681188
y_value_p2,5855,27.09497534,y_value_p1,5975,20.80032576
y_value_p2,5860,7.690578236,y_value_p1,5980,25.10329325
y_value_p2,5865,28.46503684,y_value_p1,5985,12.67567722
y_value_p2,5870,13.12274676,y_value_p1,5990,17.15703169
y_value_p2,5875,15.13641941,y_value_p1,5995,16.14531832
y_value_p2,5880,13.0302589,y_value_p1,6000,4.131975271
y_value_p2,5885,19.66338642,y_value_p1,6005,28.02013709
y_value_p2,5890,25.53027726,y_value_p1,6010,13.43977401
y_value_p2,5895,21.93493099,y_value_p1,6015,13.20452192
y_value_p2,5900,18.80334733,y_value_p1,6020,17.61787406
y_value_p2,5905,18.46752607,y_value_p1,6025,20.78927506
y_value_p2,5910,22.62555307,y_value_p1,6030,13.89952226
y_value_p2,5915,22.73619318,y_value_p1,6035,14.59126065
y_value_p2,5920,19.78675169,y_value_p1,6040,13.49620131
y_value_p2,5925,19.14593585,y_value_p1,6045,12.974283
y_value_p2,5930,22.08802126,y_value_p1,6050,15.21552765
y_value_p2,5935,17.96566295,y_value_p1,6055,16.28228822
y_value_p2,5940,13.44740225,y_value_p1,6060,10.11445675
y_value_p2,5945,17.18724932,y_value_p1,6065,13.50303831
y_value_p2,5950,14.34639159,y_value_p1,6070,18.22174857
y_value_p2,5955,18.93944669,y_value_p1,6075,26.22263139
y_value_p2,5960,16.48794044,y_value_p1,6080,19.56287999
y_value_p2,5965,17.76353194,y_value_p1,6085,24.38439468
y_value_p2,5970,12.85802694,y_value_p1,6090,21.85974856
y_value_p2,5975,14.019209,y_value_p1,6095,20.56540405
y_value_p2,5980,17.06925925,y_value_p1,6100,16.33570054
y_value_p2,5985,19.27864164,y_value_p1,6105,9.378336604
y_value_p2,5990,15.50688701,y_value_p1,6110,13.30047834
y_value_p2,5995,19.65757077,y_value_p1,6115,22.29670356
y_value_p2,6000,23.29579328,y_value_p1,6120,20.80756415
y_value_p2,6005,12.81810206,y_value_p1,6125,8.439876848
y_value_p2,6010,26.05144659,y_value_p1,6130,18.21981152
y_value_p2,6015,28.78797029,y_value_p1,6135,6.220093547
y_value_p2,6020,15.98471112,y_value_p1,6140,13.12882729
y_value_p2,6025,16.66754946,y_value_p1,6145,19.47963512
y_value_p2,6030,21.73043689,y_value_p1,6150,17.36129253
y_value_p2,6035,21.97215557,y_value_p1,6155,17.31551599
y_value_p2,6040,21.24707611,y_value_p1,6160,11.68544084
y_value_p2,6045,23.85682184,y_value_p1,6165,23.24472663
y_value_p2,6050,22.28890152,y_value_p1,6170,9.718222683
y_value_p2,6055,21.3541472,y_value_p1,6175,18.65843148
y_value_p2,6060,26.26537849,y_value_p1,6180,9.289074547
y_value_p2,6065,20.79370333,y_value_p1,6185,13.67925908
y_value_p2,6070,15.57688824,y_value_p1,6190,12.30723262
y_value_p2,6075,13.93375523,y_value_p1,6195,20.29780914